rmse,smse,msll,nll,f1,precision,recall,avg_step_ms,avg_pred_ms,avg_detect_ms,avg_upd_ms,method,seed,outlier_type,outlier_ratio,n_total,clean_prefix,route_main,route_critic,missed_attack_indices,dataset,data_seed,stream,protocol,obs
0.112360969102032,0.0126819122539886,-2.093787517124761,-0.8043235735679535,0.9803921568627452,0.9615384615384616,1.0,0.4735295324201655,0.097680059337543,0.0066558121825041,0.1319908478762954,guardgp,0,asymmetric,0.1,500,40,372.0,36.0,[],neal,,,vary-stream,
0.1419510483798857,0.0250712645373658,-1.7356151846760235,-0.4591437838051668,1.0,1.0,1.0,0.4787203452155075,0.1005999375079029,0.0066777939893021,0.1339020742781703,guardgp,1,asymmetric,0.1,500,40,373.0,37.0,[],neal,,,vary-stream,
0.1194757542740634,0.0239854160930102,-2.030135162605223,-0.7014594611155437,1.0,1.0,1.0,0.489177813237209,0.1000527521524497,0.0067091731066086,0.1355935692275955,guardgp,2,asymmetric,0.1,500,40,376.0,34.0,[],neal,,,vary-stream,
0.0991802081695607,0.012787510410812,-2.1216403185627164,-0.8541863512359666,0.9803921568627452,0.9615384615384616,1.0,0.4675799492954114,0.1002617459364599,0.0066698721797286,0.1294821561516627,guardgp,3,asymmetric,0.1,500,40,368.0,40.0,[],neal,,,vary-stream,
0.1156394931922702,0.0252390055044526,-2.108295952376253,-0.7115179640678633,1.0,1.0,1.0,0.4696580532017042,0.0966950432326563,0.0064943942403339,0.1277394049912286,guardgp,4,asymmetric,0.1,500,40,371.0,39.0,[],neal,,,vary-stream,
0.1121749372571626,0.0139252107794747,-2.011622606387348,-0.6991147707899394,1.0,1.0,1.0,0.4722467957079694,0.0977166105218677,0.0065746035113039,0.1297397094237132,guardgp,5,asymmetric,0.1,500,40,368.0,42.0,[],neal,,,vary-stream,
0.1038067901405105,0.0133929917934066,-2.0534436696863096,-0.7807683881022808,1.0,1.0,1.0,0.4816910260832747,0.1047725242603084,0.0068962091893848,0.13461715241884,guardgp,6,asymmetric,0.1,500,40,366.0,44.0,[],neal,,,vary-stream,
0.1076037116624881,0.0128942087478916,-2.047863923230836,-0.7783673734143902,1.0,1.0,1.0,0.5560933847015764,0.1254283276427051,0.0078276176203001,0.1630913027126909,guardgp,7,asymmetric,0.1,500,40,362.0,48.0,[],neal,,,vary-stream,
0.114589569462852,0.0218909032113925,-1.9271981499584403,-0.6489928104166092,0.9803921568627452,0.9615384615384616,1.0,0.723718366213649,0.10394413472133,0.0069461137805458,0.368030149294772,guardgp,8,asymmetric,0.1,500,40,370.0,38.0,[],neal,,,vary-stream,
0.1245491287622664,0.0175254823324177,-1.8539683120741108,-0.6039115175631502,1.0,1.0,1.0,0.4875397038236058,0.0991589933856511,0.0068358551842443,0.1355881369976408,guardgp,9,asymmetric,0.1,500,40,373.0,37.0,[],neal,,,vary-stream,
0.1082682987104984,0.0117748780077459,-2.1038675393519006,-0.8144035957950909,0.9950248756218906,0.99009900990099,1.0,0.4504827742019425,0.0983501029069252,0.0067905592479054,0.1187942440636739,guardgp,0,asymmetric,0.2,500,40,333.0,26.0,[],neal,,,vary-stream,
0.1228364276325591,0.0187738518307655,-1.9510006992847164,-0.67452929841386,0.9950248756218906,0.99009900990099,1.0,0.4482410718438863,0.0983919617441563,0.006897880381945,0.1173039423124662,guardgp,1,asymmetric,0.2,500,40,318.0,41.0,[],neal,,,vary-stream,
0.1295448936588037,0.0281986484073586,-2.047092910774812,-0.71841720928513,1.0,1.0,1.0,0.4454549843617512,0.0991913465955092,0.0068208164125478,0.113451154776039,guardgp,2,asymmetric,0.2,500,40,317.0,43.0,[],neal,,,vary-stream,
0.1260080426874635,0.0206410839671129,-1.6041852556513692,-0.3367312883246181,1.0,1.0,1.0,0.4496344693546669,0.1008794505058018,0.0069195853860077,0.113208247437243,guardgp,3,asymmetric,0.2,500,40,310.0,50.0,[],neal,,,vary-stream,
0.1078030858558686,0.0219342235000965,-2.2285110689547283,-0.831733080646336,1.0,1.0,1.0,0.4286027059171592,0.0879518514367468,0.0065852476678707,0.1165746867469431,guardgp,4,asymmetric,0.2,500,40,335.0,25.0,[],neal,,,vary-stream,
0.1017694718735193,0.0114615973794292,-2.123215657814634,-0.8107078222172271,1.0,1.0,1.0,0.4400406921100195,0.09677970273238,0.0068046777058676,0.1131838498859787,guardgp,5,asymmetric,0.2,500,40,319.0,41.0,[],neal,,,vary-stream,
0.1121536157344881,0.0156333710985519,-2.0454521071992207,-0.772776825615191,1.0,1.0,1.0,0.4437550953614688,0.0894462550565114,0.0069091633043211,0.1214025983126307,guardgp,6,asymmetric,0.2,500,40,337.0,23.0,[],neal,,,vary-stream,
0.1173681103191037,0.0153405318721546,-2.053116960137163,-0.7836204103207159,1.0,1.0,1.0,0.428717950062887,0.0905812613580011,0.0066778813640627,0.1094549040831423,guardgp,7,asymmetric,0.2,500,40,330.0,30.0,[],neal,,,vary-stream,
0.1148049861001891,0.0219732858796097,-2.093050942481473,-0.8148456029396423,1.0,1.0,1.0,0.5036301795094599,0.1082869100450214,0.00731263622267,0.1321677393128123,guardgp,8,asymmetric,0.2,500,40,332.0,28.0,[],neal,,,vary-stream,
0.1378831430872083,0.0214788458386033,-1.7183725831742336,-0.4683157886632752,0.9950248756218906,0.99009900990099,1.0,0.4696750192163998,0.1007457756002069,0.0070949217289402,0.1235502883387,guardgp,9,asymmetric,0.2,500,40,331.0,28.0,[],neal,,,vary-stream,
0.0912741117966153,0.0083685270122704,-2.3198060480522544,-1.0303421044954486,0.9966777408637874,0.9933774834437086,1.0,0.4295183973938591,0.0950626310204034,0.0068874524162231,0.0976991913099165,guardgp,0,asymmetric,0.3,500,40,281.0,28.0,[],neal,,,vary-stream,
0.1112398089598297,0.0153964111222589,-2.072905301864142,-0.7964339009932874,1.0,1.0,1.0,0.416852130286355,0.1003734906629213,0.0071016216837882,0.0990531605329243,guardgp,1,asymmetric,0.3,500,40,279.0,31.0,[],neal,,,vary-stream,
0.1074219520582807,0.0193898198923859,-1.777170583625707,-0.4484948821360264,0.9966777408637874,0.9933774834437086,1.0,0.4102567899795046,0.09547766632117,0.0069972344056662,0.095377074309078,guardgp,2,asymmetric,0.3,500,40,268.0,41.0,[],neal,,,vary-stream,
0.1151190862154078,0.0172278323387688,-1.661804893200877,-0.3943509258741265,1.0,1.0,1.0,0.4366649698805185,0.1018137194636358,0.0074748757153587,0.1042653021969549,guardgp,3,asymmetric,0.3,500,40,264.0,46.0,[],neal,,,vary-stream,
0.1043660219384626,0.0205578711214689,-2.2743268770207705,-0.8775488887123793,1.0,1.0,1.0,0.4085802541458574,0.0930955489267311,0.0068093571589206,0.0950100664656771,guardgp,4,asymmetric,0.3,500,40,283.0,27.0,[],neal,,,vary-stream,
0.1029711747860095,0.0117338745892017,-2.0745342333922783,-0.7620263977948702,1.0,1.0,1.0,0.4470331098317452,0.1074264916140869,0.007503659593488,0.1122214291725591,guardgp,5,asymmetric,0.3,500,40,277.0,33.0,[],neal,,,vary-stream,
0.107631023112338,0.0143979617491195,-2.060997597449857,-0.788322315865827,1.0,1.0,1.0,0.4103997866521873,0.0872291182294366,0.0066827930150675,0.1010944653029108,guardgp,6,asymmetric,0.3,500,40,284.0,26.0,[],neal,,,vary-stream,
0.0870862128472486,0.0084457651707959,-2.319810991162937,-1.050314441346489,1.0,1.0,1.0,0.4040456932473361,0.0894579265150241,0.0066436805671242,0.0988914104274717,guardgp,7,asymmetric,0.3,500,40,287.0,23.0,[],neal,,,vary-stream,
0.1160907284983147,0.022468215382711,-1.7921745242197478,-0.5139691846779163,0.9836065573770492,0.967741935483871,1.0,0.4048611651777047,0.0955244247882586,0.0068414554571854,0.094023481094906,guardgp,8,asymmetric,0.3,500,40,266.0,39.0,[],neal,,,vary-stream,
0.132923574885749,0.0199614744453414,-1.60856350599301,-0.3585067114820497,1.0,1.0,1.0,0.4118565127061194,0.0945137775725806,0.0069055218457082,0.0997774380780554,guardgp,9,asymmetric,0.3,500,40,273.0,37.0,[],neal,,,vary-stream,
0.1206460852517209,0.0146211071624968,-1.755989904654332,-0.4665259610975226,0.9950248756218906,0.99009900990099,1.0,0.3913583959017515,0.0950862454888208,0.0072140976756244,0.0859848279303506,guardgp,0,asymmetric,0.4,500,40,236.0,22.0,[],neal,,,vary-stream,
0.0950559602155537,0.0112423664483437,-2.2509348081535374,-0.9744634072826814,1.0,1.0,1.0,0.3853761030452164,0.0848060965401363,0.0068961430730743,0.0823041720887767,guardgp,1,asymmetric,0.4,500,40,234.0,26.0,[],neal,,,vary-stream,
0.1315789842196484,0.029091140888601,-1.6124784491683966,-0.2838027476787189,0.9950248756218906,0.99009900990099,1.0,0.3953722180322865,0.0985281522962791,0.0074754281819838,0.0873684692677393,guardgp,2,asymmetric,0.4,500,40,228.0,30.0,[],neal,,,vary-stream,
0.101479830506204,0.0133873752121379,-2.0553634290643057,-0.7879094617375553,1.0,1.0,1.0,0.401506558093546,0.0950730977068736,0.007403713306817,0.0901938951953881,guardgp,3,asymmetric,0.4,500,40,236.0,24.0,[],neal,,,vary-stream,
0.1453506913421474,0.0398743927878704,-1.7077141353669305,-0.3109361470585381,1.0,1.0,1.0,0.3830310782296178,0.0937700873296505,0.0071789942170574,0.0812915413205147,guardgp,4,asymmetric,0.4,500,40,217.0,43.0,[],neal,,,vary-stream,
0.1099081674997768,0.0133681109351225,-1.8287359448933471,-0.5162281092959394,1.0,1.0,1.0,0.3833997046256073,0.0925048565714741,0.0070349270295675,0.0783333325829438,guardgp,5,asymmetric,0.4,500,40,221.0,39.0,[],neal,,,vary-stream,
0.0984506549415166,0.012046566919871,-2.192285341667916,-0.9196100600838872,0.9950248756218906,0.99009900990099,1.0,0.3768821411421927,0.090561741482183,0.0069422262680271,0.0806671341390187,guardgp,6,asymmetric,0.4,500,40,234.0,24.0,[],neal,,,vary-stream,
0.121993411059131,0.0165734507586505,-1.958430065734398,-0.6889335159179536,1.0,1.0,1.0,0.4044938075821847,0.0944372043190726,0.0071530830768017,0.0837795587595673,guardgp,7,asymmetric,0.4,500,40,232.0,28.0,[],neal,,,vary-stream,
0.1125210949952066,0.0211077239157226,-1.980930023538764,-0.7027246839969328,1.0,1.0,1.0,0.4070423626968556,0.0966535679965644,0.0073542378073477,0.090642720359661,guardgp,8,asymmetric,0.4,500,40,232.0,28.0,[],neal,,,vary-stream,
0.11593270014924,0.0151844999146939,-1.9949811508404307,-0.7449243563294691,1.0,1.0,1.0,0.3795435933684727,0.0886569802431673,0.0069317148502349,0.0841450998964517,guardgp,9,asymmetric,0.4,500,40,239.0,21.0,[],neal,,,vary-stream,
0.0855471083031028,0.0073513052978592,-2.191659763510071,-0.902195819953261,1.0,1.0,1.0,0.3721742384621631,0.0940674607788779,0.0074584541321003,0.0675577045868798,guardgp,0,asymmetric,0.5,500,40,175.0,35.0,[],neal,,,vary-stream,
0.1228761359532278,0.0187859915296372,-1.8598462916857128,-0.5833748908148589,0.99009900990099,0.9803921568627452,1.0,0.3372315753949806,0.0827607204606149,0.0072573192048129,0.0628472410861159,guardgp,1,asymmetric,0.5,500,40,178.0,27.0,[],neal,,,vary-stream,
0.1255465543640208,0.0264848361717917,-1.949050237410152,-0.620374535920473,1.0,1.0,1.0,0.3467396080099127,0.0854254765410745,0.0072255886903882,0.0647751020986343,guardgp,2,asymmetric,0.5,500,40,184.0,26.0,[],neal,,,vary-stream,
0.1202221874869904,0.0187890672565637,-2.016431510339947,-0.7489775430131964,1.0,1.0,1.0,0.3446517282535079,0.0840368430742629,0.0071681059046607,0.0634167802712434,guardgp,3,asymmetric,0.5,500,40,188.0,22.0,[],neal,,,vary-stream,
0.1183109191650446,0.0264185839773091,-2.026446039716157,-0.6296680514077662,0.998003992015968,0.99601593625498,1.0,0.3536435243364869,0.0819143181180824,0.0073523713027774,0.0702954435837455,guardgp,4,asymmetric,0.5,500,40,193.0,16.0,[],neal,,,vary-stream,
0.0917492245462299,0.0093156875051722,-2.304674757707874,-0.992166922110466,1.0,1.0,1.0,0.3406363645057275,0.080158549763323,0.0066287057605855,0.0647253849108339,guardgp,5,asymmetric,0.5,500,40,193.0,17.0,[],neal,,,vary-stream,
0.0860818459659637,0.0092097792655411,-2.264218138611888,-0.9915428570278588,1.0,1.0,1.0,0.3380334594428701,0.0795716610256299,0.0065568921222027,0.0627338804643722,guardgp,6,asymmetric,0.5,500,40,193.0,17.0,[],neal,,,vary-stream,
0.0981673289392321,0.010731838818137,-2.165073942839333,-0.8955773930228865,1.0,1.0,1.0,0.3704240844261063,0.0813383442025793,0.006885701757552,0.0682549890252235,guardgp,7,asymmetric,0.5,500,40,185.0,25.0,[],neal,,,vary-stream,
0.1389522003895786,0.0321887685652986,-1.7961615014284642,-0.5179561618866332,1.0,1.0,1.0,0.3477507657447384,0.0908603141990328,0.0070589788146721,0.0628515494653307,guardgp,8,asymmetric,0.5,500,40,182.0,28.0,[],neal,,,vary-stream,
0.1075997489627156,0.0130801013073164,-2.136480197526777,-0.8864234030158155,1.0,1.0,1.0,0.352701598287398,0.0857934621466404,0.007163786896221,0.0682954636589704,guardgp,9,asymmetric,0.5,500,40,193.0,17.0,[],neal,,,vary-stream,
0.1220084788074791,0.0149531887805263,-1.958536085174919,-0.6690721416181107,1.0,1.0,1.0,0.3065810790007083,0.0768760276791315,0.0066652146810868,0.0481567414523021,guardgp,0,asymmetric,0.6,500,40,144.0,16.0,[],neal,,,vary-stream,
0.0960772604113482,0.0114852446975388,-2.25007640694982,-0.9736050060789644,1.0,1.0,1.0,0.3167952302053733,0.0851821072106047,0.0069449312159913,0.0484019869042601,guardgp,1,asymmetric,0.6,500,40,141.0,19.0,[],neal,,,vary-stream,
0.1093205013138325,0.0200812583779228,-2.0678970496325007,-0.7392213481428209,1.0,1.0,1.0,0.3176888102366912,0.0833469664465393,0.0068928960979025,0.050152604007567,guardgp,2,asymmetric,0.6,500,40,145.0,15.0,[],neal,,,vary-stream,
0.1224083925709015,0.0194786278038607,-1.934257950598042,-0.6668039832712931,1.0,1.0,1.0,0.3189101791814091,0.0759708988050039,0.0068010597833958,0.0489505569693511,guardgp,3,asymmetric,0.6,500,40,145.0,15.0,[],neal,,,vary-stream,
0.1143858558720791,0.0246947441603187,-2.146745214858763,-0.749967226550369,0.9983361064891848,0.9966777408637874,1.0,0.3199834583463835,0.0760315519469061,0.0067128480978957,0.0500685825144224,guardgp,4,asymmetric,0.6,500,40,147.0,12.0,[],neal,,,vary-stream,
0.0937100016539926,0.0097181141967868,-2.2548016002745954,-0.942293764677187,0.9983361064891848,0.9966777408637874,1.0,0.2997218802667465,0.0708598620131733,0.0065415390291372,0.0478671876328956,guardgp,5,asymmetric,0.6,500,40,146.0,13.0,[],neal,,,vary-stream,
0.1339981814442481,0.0223163871492548,-1.8579635743564304,-0.5852882927724019,1.0,1.0,1.0,0.3098042304096136,0.0784245969439127,0.0066759464654909,0.0481417220409797,guardgp,6,asymmetric,0.6,500,40,147.0,13.0,[],neal,,,vary-stream,
0.1033578149544496,0.0118967088108553,-2.107625350572436,-0.8381288007559893,1.0,1.0,1.0,0.3110426928564582,0.0723313600325997,0.0064791980548761,0.0489305978155006,guardgp,7,asymmetric,0.6,500,40,146.0,14.0,[],neal,,,vary-stream,
0.1185683011354707,0.0234374684225984,-1.6992032233325571,-0.4209978837907286,1.0,1.0,1.0,0.328764075264031,0.0809639677121911,0.0068534468047563,0.0501290867206357,guardgp,8,asymmetric,0.6,500,40,147.0,13.0,[],neal,,,vary-stream,
0.115330051863887,0.0150270442802614,-1.9147004947874613,-0.6646437002765021,1.0,1.0,1.0,0.2921505566084069,0.0678720120365893,0.0061860977439209,0.0482681397166427,guardgp,9,asymmetric,0.6,500,40,147.0,13.0,[],neal,,,vary-stream,
0.1628396763947392,0.0266363217772648,-1.6181303437209196,-0.3286664001641115,1.0,1.0,1.0,0.255904014984085,0.0639603709872893,0.0059650860392771,0.0304461632723636,guardgp,0,asymmetric,0.7,500,40,95.0,15.0,[],neal,,,vary-stream,
0.147959332925718,0.0272385358875552,-1.3820292563098933,-0.1055578554390347,0.9985734664764622,0.9971509971509972,1.0,0.2557397559386394,0.0633670718778613,0.0059792317029939,0.0303864154493962,guardgp,1,asymmetric,0.7,500,40,97.0,12.0,[],neal,,,vary-stream,
0.1126967894983866,0.0213408042898964,-1.960938831606794,-0.6322631301171155,1.0,1.0,1.0,0.2516691474264245,0.0615783431187636,0.005816249872821,0.0306651735825099,guardgp,2,asymmetric,0.7,500,40,99.0,11.0,[],neal,,,vary-stream,
0.0983948428919494,0.0125857946797346,-2.2332350334386755,-0.9657810661119248,1.0,1.0,1.0,0.274521438847802,0.0784388030297122,0.0065699323465156,0.0312398299802621,guardgp,3,asymmetric,0.7,500,40,93.0,17.0,[],neal,,,vary-stream,
0.1313942194129202,0.0325846002535276,-1.6650105721775257,-0.2682325838691305,0.9971509971509972,0.9943181818181818,1.0,0.2498368585213978,0.0602612013133931,0.0057918589015531,0.0300072390414045,guardgp,4,asymmetric,0.7,500,40,98.0,10.0,[],neal,,,vary-stream,
0.0692879611891737,0.0053128269675158,-2.4783248924924925,-1.165817056895084,1.0,1.0,1.0,0.1200719996552873,0.0564233088010476,0.0056039710888517,0.0311799188594981,guardgp,5,asymmetric,0.7,500,40,101.0,9.0,[],neal,,,vary-stream,
0.1152820015585477,0.0165176817689671,-1.8447756438928384,-0.5721003623088079,1.0,1.0,1.0,0.2584510517013056,0.066413896970714,0.0060528240915711,0.0302607213202661,guardgp,6,asymmetric,0.7,500,40,96.0,14.0,[],neal,,,vary-stream,
0.1131255609294301,0.0142515363226612,-1.9647590749138344,-0.6952625250973892,1.0,1.0,1.0,0.1165430196915226,0.0540786904267683,0.0055361382850526,0.0303045242301026,guardgp,7,asymmetric,0.7,500,40,101.0,9.0,[],neal,,,vary-stream,
0.084247646231377,0.0118328417826429,-2.323598390254984,-1.045393050713155,1.0,1.0,1.0,0.1179949350720878,0.0553229499770247,0.0055213971949263,0.030273045969965,guardgp,8,asymmetric,0.7,500,40,101.0,9.0,[],neal,,,vary-stream,
0.0954024085498503,0.0102827024719611,-2.152093369848892,-0.9020365753379318,1.0,1.0,1.0,0.1215123524003581,0.056656687862098,0.0057218644423815,0.0315965391169099,guardgp,9,asymmetric,0.7,500,40,101.0,9.0,[],neal,,,vary-stream,
0.119763476219433,0.0144079627780063,-1.8190131936066227,-0.5295492500498147,1.0,1.0,1.0,0.0900788006180411,0.0534236317237272,0.0055366045790319,0.016479282614613,guardgp,0,asymmetric,0.8,500,40,51.0,9.0,[],neal,,,vary-stream,
0.1343874174175927,0.0224706816303181,-1.7941491616967824,-0.5176777608259242,1.0,1.0,1.0,0.2247024710927887,0.0550388162398872,0.0055632631183075,0.0158178261936763,guardgp,1,asymmetric,0.8,500,40,48.0,12.0,[],neal,,,vary-stream,
0.1648313139549135,0.0456527702641693,-1.6032614885830532,-0.2745857870933738,0.9987515605493134,0.9975062344139652,1.0,0.2240831782135343,0.0560120176448,0.005620345346751,0.0154323414038947,guardgp,2,asymmetric,0.8,500,40,48.0,11.0,[],neal,,,vary-stream,
0.1071146414851286,0.0149153567834275,-2.125906870682288,-0.858452903355539,1.0,1.0,1.0,0.0889012865904394,0.0515828879661453,0.0053417327960588,0.0176478522758849,guardgp,3,asymmetric,0.8,500,40,57.0,3.0,[],neal,,,vary-stream,
0.1498070847093208,0.0423569406351477,-1.6880197539251494,-0.2912417656167573,1.0,1.0,1.0,0.0893613949934344,0.0529823278117439,0.0053606030237658,0.0165773845409326,guardgp,4,asymmetric,0.8,500,40,53.0,7.0,[],neal,,,vary-stream,
0.100030931274355,0.0110733424543653,-2.1760020764884938,-0.8634942408910835,0.9987515605493134,0.9975062344139652,1.0,0.0891796960470104,0.0523226686156071,0.0053592770912117,0.0164655825558482,guardgp,5,asymmetric,0.8,500,40,52.0,7.0,[],neal,,,vary-stream,
0.0884704195433878,0.0097279706546562,-2.2122425863205915,-0.9395673047365628,1.0,1.0,1.0,0.0887629694340791,0.0522598209183501,0.0053612764610949,0.0166872499824461,guardgp,6,asymmetric,0.8,500,40,53.0,7.0,[],neal,,,vary-stream,
0.0965982262979189,0.010391506102227,-2.0687496603315227,-0.7992531105150783,1.0,1.0,1.0,0.0884107147019518,0.0520688651190341,0.0054140691012751,0.0162972349283771,guardgp,7,asymmetric,0.8,500,40,51.0,9.0,[],neal,,,vary-stream,
0.1010187800896982,0.0170128763152761,-2.11173382869404,-0.8335284891522093,1.0,1.0,1.0,0.2913977593340425,0.0522017561192826,0.0054472828987459,0.2179918085660218,guardgp,8,asymmetric,0.8,500,40,55.0,5.0,[],neal,,,vary-stream,
0.0955684347563018,0.0103185230262754,-2.1962234937453915,-0.9461666992344304,1.0,1.0,1.0,0.0892644650024442,0.052666775730398,0.0053924206598742,0.0167761976152415,guardgp,9,asymmetric,0.8,500,40,54.0,6.0,[],neal,,,vary-stream,
0.1117868908508632,0.0125526536437321,-1.931057055869697,-0.6562096114565268,1.0,1.0,1.0,0.4655289747144864,0.0995060067709899,0.0066657801178972,0.1287280439535844,guardgp,0,focused,0.1,500,40,358.0,52.0,[],neal,,,vary-stream,
0.1138175265397308,0.0161182288380891,-1.9473910101412,-0.6987543029546314,1.0,1.0,1.0,0.4706170130267982,0.10286214870259,0.0066575966901955,0.133168732851197,guardgp,1,focused,0.1,500,40,368.0,42.0,[],neal,,,vary-stream,
0.103128143588946,0.0178707218423793,-2.171132662758484,-0.906308384983495,0.98,0.98,0.98,0.4699002390818508,0.1008561938879606,0.0067276593535612,0.1319212523926778,guardgp,2,focused,0.1,500,40,366.0,44.0,[282],neal,,,vary-stream,
0.1085229220429266,0.0153101317169187,-1.894311143285878,-0.6410969336034414,1.0,1.0,1.0,0.4635458166771771,0.1008418774606822,0.0066372708913505,0.1262892668423971,guardgp,3,focused,0.1,500,40,360.0,50.0,[],neal,,,vary-stream,
0.1125811390785573,0.0239216513288003,-2.0377012504630234,-0.6815525677877806,1.0,1.0,1.0,0.4734635227182677,0.1013909751908732,0.0067279429261005,0.1326807661984197,guardgp,4,focused,0.1,500,40,364.0,46.0,[],neal,,,vary-stream,
0.1141848184217896,0.0144286878583596,-1.9617048276385665,-0.6767970054443311,0.99009900990099,0.9803921568627452,1.0,0.4686258906630151,0.1001129884136152,0.0066727900918087,0.1313232992644138,guardgp,5,focused,0.1,500,40,368.0,41.0,[],neal,,,vary-stream,
0.1008110136450268,0.0126311252432043,-2.109176696565591,-0.8187383884502201,0.99009900990099,0.9803921568627452,1.0,0.4709851889461077,0.0965728810431597,0.0066202157936261,0.1328516918558465,guardgp,6,focused,0.1,500,40,370.0,39.0,[],neal,,,vary-stream,
0.1162582796229902,0.0150517839794302,-1.9909251040482687,-0.7171047722247889,1.0,1.0,1.0,0.4702553979333733,0.1019932807337128,0.0067240776843391,0.1315841983381213,guardgp,7,focused,0.1,500,40,362.0,48.0,[],neal,,,vary-stream,
0.1114724611665278,0.020716132742422,-1.977908284644763,-0.7189530857955658,1.0,1.0,1.0,0.4655987173622555,0.0976422123368019,0.0065663906634258,0.1325157825941341,guardgp,8,focused,0.1,500,40,369.0,41.0,[],neal,,,vary-stream,
0.1018741791984322,0.0117251075973754,-2.027326471092895,-0.7893858940048583,0.9803921568627452,0.9615384615384616,1.0,0.466789322102989,0.0989224507382301,0.0066382673811977,0.1295420695501177,guardgp,9,focused,0.1,500,40,361.0,47.0,[],neal,,,vary-stream,
0.0807838660628429,0.006555458282951,-2.417427828226348,-1.1065764263895672,0.99009900990099,0.9803921568627452,1.0,0.4290000889855234,0.0930785043316933,0.0066472337019386,0.1128395197472697,guardgp,0,focused,0.2,500,40,327.0,31.0,[],neal,,,vary-stream,
0.0944217216853278,0.0110928428584134,-2.120815036900999,-0.9119814858052286,1.0,1.0,1.0,0.4374346376330915,0.09718792299163,0.0068171318043428,0.1138056877686682,guardgp,1,focused,0.2,500,40,321.0,39.0,[],neal,,,vary-stream,
0.108245046890676,0.0196880979216878,-1.7440709321231966,-0.5501665028841143,0.9950248756218906,0.99009900990099,1.0,0.4425187693888564,0.0999217658713662,0.0068213021301704,0.1136270693361597,guardgp,2,focused,0.2,500,40,317.0,42.0,[],neal,,,vary-stream,
0.1196651004104751,0.0186153406696602,-1.90167542173638,-0.6486050944156985,1.0,1.0,1.0,0.4298907346547703,0.092161488124554,0.0066980320337714,0.1140575867358838,guardgp,3,focused,0.2,500,40,326.0,34.0,[],neal,,,vary-stream,
0.1207840449245981,0.0275346156218723,-2.063805867906544,-0.8216148099759117,0.9950248756218906,0.99009900990099,1.0,0.4337389537755845,0.0940125393833074,0.0067638968492088,0.1148916322246963,guardgp,4,focused,0.2,500,40,327.0,32.0,[],neal,,,vary-stream,
0.10894131591127,0.0131339494585873,-1.6578737146224711,-0.3948670427999424,0.970873786407767,0.9433962264150944,1.0,0.4462582826027241,0.1003154860328599,0.0070788275005052,0.1157990857989162,guardgp,5,focused,0.2,500,40,302.0,52.0,[],neal,,,vary-stream,
0.1107303926598777,0.0152391154137333,-1.951333009918229,-0.6525354593711526,0.9949748743718592,1.0,0.99,0.4324976566156535,0.0941545298859558,0.0067358088057042,0.1141681208062674,guardgp,6,focused,0.2,500,40,328.0,33.0,[54],neal,,,vary-stream,
0.1317200137813648,0.0193216285032134,-1.3355380739606744,-0.0679773386573225,1.0,1.0,1.0,0.4352785343223292,0.0934645388675246,0.0066861152173141,0.1146060105225921,guardgp,7,focused,0.2,500,40,322.0,38.0,[],neal,,,vary-stream,
0.1252042678857654,0.0261343541253138,-1.8413114300721487,-0.607293106237529,1.0,1.0,1.0,0.4375698471330511,0.0968546720484838,0.0067978491880121,0.1142429396049524,guardgp,8,focused,0.2,500,40,319.0,41.0,[],neal,,,vary-stream,
0.0984585283485971,0.0109520463154673,-2.092477904107886,-0.8782490815921725,0.9950248756218906,0.99009900990099,1.0,0.4469511347174968,0.1012839152953466,0.0069375360592106,0.1141215758094483,guardgp,9,focused,0.2,500,40,314.0,45.0,[],neal,,,vary-stream,
0.1173023277881021,0.0138218779067422,-2.0903172991007124,-0.7454080412402727,1.0,1.0,1.0,0.4082642880941579,0.0926508312619736,0.0069491873981188,0.1009222912176957,guardgp,0,focused,0.3,500,40,278.0,32.0,[],neal,,,vary-stream,
0.117646473436086,0.0172209401450625,-1.6586957999768244,-0.516735742917591,1.0,1.0,1.0,0.4101973205410025,0.0943214392147796,0.0069491018581649,0.0998647562126912,guardgp,1,focused,0.3,500,40,275.0,35.0,[],neal,,,vary-stream,
0.1052921987421381,0.0186285943008477,-1.9430772742695688,-0.7998510496969368,1.0,1.0,1.0,0.4100567712473845,0.0923055254489831,0.0068548294897798,0.0989044350875622,guardgp,2,focused,0.3,500,40,280.0,30.0,[],neal,,,vary-stream,
0.093956146442666,0.0114758895988919,-2.232029425143112,-0.9924054355526212,0.9966777408637874,0.9933774834437086,1.0,0.4000834943524197,0.0913378635785825,0.0068324375720492,0.0968071098095211,guardgp,3,focused,0.3,500,40,278.0,31.0,[],neal,,,vary-stream,
0.1019548678202943,0.0196189522848815,-2.026864124991311,-0.8138719321617633,1.0,1.0,1.0,0.4130066457867582,0.0946854383548033,0.006963209370556,0.1002164826470265,guardgp,4,focused,0.3,500,40,274.0,36.0,[],neal,,,vary-stream,
0.096834259413963,0.0103769130540275,-2.098033569040055,-0.8711239766580964,1.0,1.0,1.0,0.4036359227029606,0.0920735791188907,0.0069120785590949,0.0976828517868062,guardgp,5,focused,0.3,500,40,276.0,34.0,[],neal,,,vary-stream,
0.095155286081745,0.0112536114637628,-2.2575499284792264,-0.9606090335822866,0.9966777408637874,0.9933774834437086,1.0,0.4064837502917963,0.0936108882382066,0.0069394864587356,0.098003100340619,guardgp,6,focused,0.3,500,40,271.0,38.0,[],neal,,,vary-stream,
0.1290100014970421,0.0185347594191053,-1.601297029096256,-0.3462435037014599,0.986842105263158,0.974025974025974,1.0,0.3982785150899714,0.0902766203026935,0.0067696172703543,0.096336150612763,guardgp,7,focused,0.3,500,40,278.0,28.0,[],neal,,,vary-stream,
0.10154443423271,0.0171903909556676,-2.075268499156484,-0.876431094664314,1.0,1.0,1.0,0.4033552309999282,0.0895822854110282,0.0067551607018053,0.0956355151214191,guardgp,8,focused,0.3,500,40,280.0,30.0,[],neal,,,vary-stream,
0.101250477689919,0.0115819784676346,-2.0034974780566506,-0.7900105148607189,1.0,1.0,1.0,0.3999412982881514,0.0921281563933007,0.0067895919884271,0.0953962963767876,guardgp,9,focused,0.3,500,40,276.0,34.0,[],neal,,,vary-stream,
0.089840310400669,0.0081076740187686,-2.2825003189594124,-0.9288372376281382,1.0,1.0,1.0,0.3627667998839372,0.0841539320232265,0.0066992664157979,0.079168187158243,guardgp,0,focused,0.4,500,40,235.0,25.0,[],neal,,,vary-stream,
0.0979288581623652,0.0119321969210642,-1.944514421034802,-0.8406790404895615,0.9975062344139652,0.9950248756218906,1.0,0.3639670109133358,0.0826372170274186,0.0065715498867971,0.0783381175057476,guardgp,1,focused,0.4,500,40,230.0,29.0,[],neal,,,vary-stream,
0.1696979865875248,0.0483883790562662,-1.2633575098781191,-0.1355082075476205,1.0,1.0,1.0,0.3650936436631879,0.08707621670075,0.0066796849790515,0.0780908412391157,guardgp,2,focused,0.4,500,40,234.0,26.0,[],neal,,,vary-stream,
0.105161523424318,0.0143763854109847,-2.013457400116002,-0.7918903811734023,0.9949748743718592,1.0,0.99,0.3712997363080554,0.0894186061012315,0.0068576769199748,0.0801792236060187,guardgp,3,focused,0.4,500,40,235.0,27.0,"[405, 440]",neal,,,vary-stream,
0.0865549667331039,0.0141398195354489,-2.2050183225024744,-1.054406285274382,1.0,1.0,1.0,0.3572608720075905,0.0793034625214362,0.0064890122461213,0.0792083504442733,guardgp,4,focused,0.4,500,40,241.0,19.0,[],neal,,,vary-stream,
0.1006445809567282,0.0112096202189288,-2.123442299306448,-0.9230783475204896,1.0,1.0,1.0,0.3579538414234539,0.0815783007925821,0.0064925552578642,0.0780773808440679,guardgp,5,focused,0.4,500,40,238.0,22.0,[],neal,,,vary-stream,
0.0996677471790227,0.0123462583936467,-2.280121006789499,-0.9527077579548688,1.0,1.0,1.0,0.3728573648992966,0.0866141017784526,0.0066894222982227,0.0799508256022818,guardgp,6,focused,0.4,500,40,235.0,25.0,[],neal,,,vary-stream,
0.1059809692448577,0.0125082331207717,-2.107678186540534,-0.8354730863591036,0.9105691056910568,0.9940828402366864,0.84,0.5892192933495846,0.0917635185507369,0.0072965334528935,0.2756724093595277,guardgp,7,focused,0.4,500,40,226.0,65.0,"[436, 443, 444, 446, 448, 449, 451, 453, 454, 457, 461, 466, 468, 470, 473, 474, 475, 477, 478, 480, 481, 482, 483, 485, 487, 489, 490, 493, 494, 496, 497, 499]",neal,,,vary-stream,
0.1200575216686964,0.0240299160435975,-1.9356068979444976,-0.7529607952020396,1.0,1.0,1.0,0.3634319089621346,0.0830936200066429,0.0066134319438234,0.0798134543836805,guardgp,8,focused,0.4,500,40,239.0,21.0,[],neal,,,vary-stream,
0.0997619325336243,0.0112439342774224,-2.0964562650307745,-0.8828206188945549,1.0,1.0,1.0,0.3632412562222706,0.0839265610683587,0.0066275885531111,0.0803742886131183,guardgp,9,focused,0.4,500,40,238.0,22.0,[],neal,,,vary-stream,
0.1039543748735621,0.010855237598208,-1.9755025320325288,-0.6292377173125409,1.0,1.0,1.0,0.32809529878685,0.0759313655536338,0.0064318803513584,0.0624396931253495,guardgp,0,focused,0.5,500,40,193.0,17.0,[],neal,,,vary-stream,
0.0857694122935896,0.0091530092040315,-2.0536696346149594,-1.0028052554573503,1.0,1.0,1.0,0.3204329199355055,0.0705339466904937,0.0063008832512423,0.0629242499480429,guardgp,1,focused,0.5,500,40,198.0,12.0,[],neal,,,vary-stream,
0.1819426012576342,0.0556232671004059,-0.2157992029978788,0.8555733592729468,1.0,1.0,1.0,0.3317868325014032,0.0834774303771353,0.0068441175719034,0.0619186626863665,guardgp,2,focused,0.5,500,40,188.0,22.0,[],neal,,,vary-stream,
0.0977677155167067,0.0124258728149408,-2.166406214652028,-0.9555920237436288,0.99601593625498,0.992063492063492,1.0,0.3293472588310301,0.0812782735801706,0.0065835006155438,0.0620640322070001,guardgp,3,focused,0.5,500,40,184.0,24.0,[],neal,,,vary-stream,
0.1027154198988522,0.019912746768269,-1.97117454425016,-0.7951922650627204,1.0,1.0,1.0,0.3279255167834218,0.0765309757654271,0.0064569155928557,0.062481432383799,guardgp,4,focused,0.5,500,40,192.0,18.0,[],neal,,,vary-stream,
0.0731877196945699,0.0059277044119395,-2.384844220720608,-1.2026171901082034,0.998003992015968,0.99601593625498,1.0,0.3280000255630432,0.0824042136588579,0.0066199977047053,0.0597623654555164,guardgp,5,focused,0.5,500,40,183.0,26.0,[],neal,,,vary-stream,
0.0955348407368119,0.0113435671473281,-2.093316425690018,-0.7706110318777246,0.998003992015968,0.99601593625498,1.0,0.3313488629393523,0.0831769636968839,0.0067625659183882,0.0612375521323765,guardgp,6,focused,0.5,500,40,187.0,22.0,[],neal,,,vary-stream,
0.0922980342534519,0.0094869168890115,-2.2650131482447606,-1.0021317560690663,0.998003992015968,0.99601593625498,1.0,0.3364795758819167,0.0866114489010373,0.0067800437176154,0.0620975593768019,guardgp,7,focused,0.5,500,40,186.0,23.0,[],neal,,,vary-stream,
0.0741205475383144,0.0091590566057019,-2.2813565262631297,-1.143335011612245,1.0,1.0,1.0,0.3262057326577158,0.0750555382894716,0.0063445352640448,0.0622159823567768,guardgp,8,focused,0.5,500,40,193.0,17.0,[],neal,,,vary-stream,
0.0974958894267982,0.0107389347262054,-2.0922780289097105,-0.9299085850830004,0.998003992015968,0.99601593625498,1.0,0.3319136677537639,0.0753198395376903,0.0065108222770504,0.0636350064862357,guardgp,9,focused,0.5,500,40,187.0,22.0,[],neal,,,vary-stream,
0.1136125638818379,0.0129660147898199,-2.1907839365327333,-0.821932161685444,1.0,1.0,1.0,0.3221076954302945,0.0759927443299523,0.0068394037004074,0.0499595980964722,guardgp,0,focused,0.6,500,40,148.0,12.0,[],neal,,,vary-stream,
0.1120980570454045,0.0156349033531789,-1.7838852251085349,-0.736498665224417,1.0,1.0,1.0,0.3095269760587658,0.0698133019993648,0.0067072497862998,0.0499667482116543,guardgp,1,focused,0.6,500,40,150.0,10.0,[],neal,,,vary-stream,
0.1591947218985349,0.0425838598790515,-1.3005733974590654,-0.2596038234607384,1.0,1.0,1.0,0.3159646936262066,0.0736698084991708,0.006558184015929,0.0485972718350872,guardgp,2,focused,0.6,500,40,149.0,11.0,[],neal,,,vary-stream,
0.0987922389827848,0.0126876627361133,-1.999432589044088,-0.7958117683773726,1.0,1.0,1.0,0.3151517415814021,0.080166658343565,0.0068600370508173,0.0498776437345203,guardgp,3,focused,0.6,500,40,143.0,17.0,[],neal,,,vary-stream,
0.1003971460592471,0.0190240340276704,-1.9835094105317792,-0.9682544813914566,0.9983361064891848,0.9966777408637874,1.0,0.344276982524088,0.1016752877267603,0.0078791484196224,0.0512683718546253,guardgp,4,focused,0.6,500,40,133.0,26.0,[],neal,,,vary-stream,
0.0945712755003327,0.0098975704111746,-2.03749354136289,-0.8865667405372755,1.0,1.0,1.0,0.3446538592233201,0.0933427087780412,0.0074486397510475,0.0516861260225793,guardgp,5,focused,0.6,500,40,140.0,20.0,[],neal,,,vary-stream,
0.1041501931916342,0.0134817490227227,-2.233807125824657,-0.8368090169384638,1.0,1.0,1.0,0.3186254373007535,0.0739596907489771,0.0067385291280832,0.0507022390830452,guardgp,6,focused,0.6,500,40,146.0,14.0,[],neal,,,vary-stream,
0.1218442604266933,0.0165329497262016,-1.838958258381722,-0.5382528119290538,1.0,1.0,1.0,0.3316897712268299,0.0862526693431984,0.0072058156112451,0.0513692498434861,guardgp,7,focused,0.6,500,40,141.0,19.0,[],neal,,,vary-stream,
0.1070158678202492,0.0190928104371917,-1.922006098338942,-0.847218636498312,0.9983361064891848,0.9966777408637874,1.0,0.325120536676284,0.0793261049219164,0.0068403518525883,0.0468670352584803,guardgp,8,focused,0.6,500,40,141.0,18.0,[],neal,,,vary-stream,
0.0845177993658401,0.0080702121689219,-2.239924909030776,-1.08111030713185,1.0,1.0,1.0,0.3161507022172293,0.0725839717273155,0.0064841533616266,0.0466001541454992,guardgp,9,focused,0.6,500,40,139.0,21.0,[],neal,,,vary-stream,
0.1011040576764293,0.0102681206492322,-2.0536428150591424,-0.683400669038445,1.0,1.0,1.0,0.1244923461775255,0.0571129863206094,0.0057467933283592,0.0314474370932894,guardgp,0,focused,0.7,500,40,101.0,9.0,[],neal,,,vary-stream,
0.0768290862016977,0.0073442992816057,-2.214362796932053,-1.2279113956834502,1.0,1.0,1.0,0.2676406438695267,0.0649466997381988,0.0061407119653228,0.0320423522245381,guardgp,1,focused,0.7,500,40,100.0,10.0,[],neal,,,vary-stream,
0.0949584272150869,0.0151514682675732,-1.8669786074014123,-0.9308231107492446,1.0,1.0,1.0,0.281446797990888,0.0699452759758771,0.0065748965742228,0.0326446258164334,guardgp,2,focused,0.7,500,40,99.0,11.0,[],neal,,,vary-stream,
0.0764572266093034,0.0075992905619918,-2.272424760182354,-1.0880272779890752,1.0,1.0,1.0,0.273684982359713,0.0646018218780543,0.0062013861125982,0.0324728829107935,guardgp,3,focused,0.7,500,40,99.0,11.0,[],neal,,,vary-stream,
0.1088713237871119,0.0223710766745849,-1.777362335485984,-0.7593139905046268,1.0,1.0,1.0,0.2837528735298015,0.0678893784187612,0.0062603083990878,0.0321731432568808,guardgp,4,focused,0.7,500,40,100.0,10.0,[],neal,,,vary-stream,
0.0871279996960046,0.0084008957239691,-2.2130048063310834,-1.09416257707818,1.0,1.0,1.0,0.2650573668095445,0.0659291948819452,0.006172375414399,0.0321521934339493,guardgp,5,focused,0.7,500,40,97.0,13.0,[],neal,,,vary-stream,
0.0769364328999179,0.0073568207017211,-2.431384600494671,-1.0692428734807875,0.9985693848354792,1.0,0.9971428571428572,0.1236865753130784,0.0561400529872828,0.0057778244650841,0.0325175542536232,guardgp,6,focused,0.7,500,40,103.0,8.0,[43],neal,,,vary-stream,
0.0928674071707497,0.0096043246844164,-2.323911670562982,-1.0237816483804216,1.0,1.0,1.0,0.1291994484389484,0.0594492887814893,0.0060566249252904,0.0325414889274448,guardgp,7,focused,0.7,500,40,101.0,9.0,[],neal,,,vary-stream,
0.0933578414273049,0.014530317651165,-2.1051390141213164,-1.0183404105922225,1.0,1.0,1.0,0.2746818548589742,0.0614884165849577,0.0060536954349473,0.03249576737922,guardgp,8,focused,0.7,500,40,100.0,10.0,[],neal,,,vary-stream,
0.0969416273967994,0.0106171805727109,-2.0428355784747185,-0.9074988269103472,0.9985734664764622,0.9971509971509972,1.0,0.2790903522627954,0.0650351851895127,0.0062247355463509,0.0318258912201322,guardgp,9,focused,0.7,500,40,98.0,11.0,[],neal,,,vary-stream,
0.0799861995964528,0.0064266391667058,-2.419399294795669,-1.0327730705050964,1.0,1.0,1.0,0.0930288414288636,0.0534596484098785,0.005507421535541,0.0178890674800166,guardgp,0,focused,0.8,500,40,54.0,6.0,[],neal,,,vary-stream,
0.0780732753783058,0.0075840961397131,-2.078568493830624,-1.131289004295632,1.0,1.0,1.0,0.096357239248312,0.0559723689904153,0.0057005327898482,0.0187742779456564,guardgp,1,focused,0.8,500,40,54.0,6.0,[],neal,,,vary-stream,
0.1130971947014212,0.0214927189807094,-1.558279264273604,-0.6799477709375285,1.0,1.0,1.0,0.0927719005393674,0.0539883747241338,0.0055143060466355,0.0176552194676807,guardgp,2,focused,0.8,500,40,55.0,5.0,[],neal,,,vary-stream,
0.0657291928936332,0.0056163293595776,-2.4234856979822585,-1.2408884981358992,1.0,1.0,1.0,0.0965630816569066,0.0556814865811485,0.0057040797875505,0.0184880804305936,guardgp,3,focused,0.8,500,40,54.0,6.0,[],neal,,,vary-stream,
0.0680382006339631,0.0087370640244616,-2.3177751841759906,-1.4080713760773813,1.0,1.0,1.0,0.2287387176614214,0.0557919711750203,0.0056182766970975,0.0160846804172489,guardgp,4,focused,0.8,500,40,48.0,12.0,[],neal,,,vary-stream,
0.0566176574332234,0.0035474305336527,-2.5568586647078977,-1.4589734647114023,1.0,1.0,1.0,0.0967508195848811,0.0567655564974183,0.0058820174435032,0.0171133651747368,guardgp,5,focused,0.8,500,40,51.0,9.0,[],neal,,,vary-stream,
0.0824829588928496,0.0084557968803214,-2.4099864298366915,-1.0323729760543254,1.0,1.0,1.0,0.0977570031587358,0.0558163114676616,0.0057142963076172,0.0186592673898026,guardgp,6,focused,0.8,500,40,54.0,6.0,[],neal,,,vary-stream,
0.0849496765326464,0.0080364389850181,-2.3205439193099435,-1.0332664065420136,0.9987515605493134,0.9975062344139652,1.0,0.2427444075178557,0.0555267917503521,0.0057147210970035,0.0157516435770641,guardgp,7,focused,0.8,500,40,49.0,10.0,[],neal,,,vary-stream,
0.1363011856840685,0.0309722512006971,-1.527644464394276,-0.4751786578463734,1.0,1.0,1.0,0.2419635237184474,0.0561851263425879,0.0058140135597964,0.0163330457998318,guardgp,8,focused,0.8,500,40,50.0,10.0,[],neal,,,vary-stream,
0.0748747651838449,0.0063337298885573,-2.249660258603469,-1.1407995172863463,1.0,1.0,1.0,0.0991672737417621,0.0577611710785118,0.0059015266268271,0.0185371413902865,guardgp,9,focused,0.8,500,40,54.0,6.0,[],neal,,,vary-stream,
0.112416673956875,0.0126944899169031,-1.990630605803804,-0.7011666622469953,0.99009900990099,0.9803921568627452,1.0,0.4916215386955351,0.0990987583898696,0.0067691411063803,0.1331462260998745,guardgp,0,uniform,0.1,500,40,371.0,38.0,[],neal,,,vary-stream,
0.1149120513591756,0.0164297208925979,-2.008602746850443,-0.7321313459795862,0.9803921568627452,0.9615384615384616,1.0,0.4598073033696931,0.0966984500890881,0.0066514254127548,0.1239740590909091,guardgp,1,uniform,0.1,500,40,364.0,44.0,[],neal,,,vary-stream,
0.1084615490826663,0.0197669334755222,-2.07616734029283,-0.7474916388031501,0.9803921568627452,0.9615384615384616,1.0,0.4919530040554135,0.1009302995162611,0.0067536102901415,0.1268337523114219,guardgp,2,uniform,0.1,500,40,358.0,50.0,[],neal,,,vary-stream,
0.1173867095103719,0.0179132269131452,-2.021409465791627,-0.7539554984648756,1.0,1.0,1.0,0.4663149953399704,0.0996987050039815,0.006655936316668,0.1247364083056986,guardgp,3,uniform,0.1,500,40,364.0,46.0,[],neal,,,vary-stream,
0.1319663573742977,0.0328689883458078,-1.895604114331899,-0.4988261260235065,0.99009900990099,0.9803921568627452,1.0,0.5095794479332297,0.1057373888729869,0.0070012690190671,0.1371813561569939,guardgp,4,uniform,0.1,500,40,368.0,41.0,[],neal,,,vary-stream,
0.1593700278543304,0.0281075766790027,-1.7590146660506605,-0.4465068304532515,0.9803921568627452,0.9615384615384616,1.0,0.5262058302279278,0.1086021522971113,0.0071874901945905,0.1493014785607912,guardgp,5,uniform,0.1,500,40,374.0,34.0,[],neal,,,vary-stream,
0.122634353976688,0.0186917676350121,-1.8188162451045369,-0.5461409635205068,0.99009900990099,0.9803921568627452,1.0,0.5233794089492775,0.1180408860344196,0.0073677907652302,0.1504822274158789,guardgp,6,uniform,0.1,500,40,365.0,44.0,[],neal,,,vary-stream,
0.110786627122563,0.0136683116906175,-2.0883776689069653,-0.8188811190905195,1.0,1.0,1.0,0.4784299928755701,0.101022933845145,0.006783302524127,0.137986349063399,guardgp,7,uniform,0.1,500,40,367.0,43.0,[],neal,,,vary-stream,
0.1264542254993239,0.0266587754990876,-1.9346178429326133,-0.656412503390782,0.9803921568627452,0.9615384615384616,1.0,0.5447851384498948,0.1113280900703419,0.0073564700078745,0.1513621633816713,guardgp,8,uniform,0.1,500,40,365.0,43.0,[],neal,,,vary-stream,
0.1282321019882513,0.0185772794521587,-1.704486882695741,-0.4544300881847806,0.9803921568627452,0.9615384615384616,1.0,0.4622201984444552,0.1008584440569393,0.0066270366559088,0.1291964127828933,guardgp,9,uniform,0.1,500,40,366.0,42.0,[],neal,,,vary-stream,
0.1175746024291051,0.0138861172877634,-1.9781168534507567,-0.6886529098939496,0.9950248756218906,0.99009900990099,1.0,0.4516638846404891,0.0962249180504485,0.0070261572229513,0.1204849551077527,guardgp,0,uniform,0.2,500,40,321.0,38.0,[],neal,,,vary-stream,
0.1090973478892201,0.0148090574192531,-1.9530429260156847,-0.6765715251448301,0.9852216748768472,0.970873786407767,1.0,0.4585905029671266,0.095335699734278,0.0068544438640263,0.1196336525026708,guardgp,1,uniform,0.2,500,40,324.0,33.0,[],neal,,,vary-stream,
0.1095407942231207,0.0201622718375912,-2.151456051445663,-0.8227803499559833,1.0,1.0,1.0,0.4911476946132176,0.1102306740864625,0.0075005302357527,0.1333820481111457,guardgp,2,uniform,0.2,500,40,323.0,37.0,[],neal,,,vary-stream,
0.107109697320586,0.0149139798983406,-1.856831216668603,-0.5893772493418505,1.0,1.0,1.0,0.4506973246031481,0.1002115689081382,0.0071112835228078,0.1156352567309311,guardgp,3,uniform,0.2,500,40,321.0,39.0,[],neal,,,vary-stream,
0.1308191342467513,0.0322999924198356,-1.9009244338108229,-0.5041464455024318,1.0,1.0,1.0,0.4428296878873168,0.099856809411785,0.0069076504112909,0.1113128573152884,guardgp,4,uniform,0.2,500,40,318.0,42.0,[],neal,,,vary-stream,
0.0957939939888688,0.0101551576265087,-2.194026586624061,-0.8815187510266544,1.0,1.0,1.0,0.4531705469201805,0.1035193492577451,0.0071205372755091,0.1143921286869875,guardgp,5,uniform,0.2,500,40,315.0,45.0,[],neal,,,vary-stream,
0.1237535414391521,0.0190344946059216,-1.9553410451529267,-0.6826657635688984,0.9950248756218906,0.99009900990099,1.0,0.4455213865857449,0.0953649771754103,0.0069713774871121,0.1197614649477738,guardgp,6,uniform,0.2,500,40,331.0,28.0,[],neal,,,vary-stream,
0.1102613337483229,0.0135390027277063,-1.971864147668133,-0.7023675978516887,1.0,1.0,1.0,0.4414226744025338,0.0989745549462816,0.0068411412623548,0.1127950322647255,guardgp,7,uniform,0.2,500,40,328.0,32.0,[],neal,,,vary-stream,
0.1477411514545195,0.0363895315065213,-1.7812089935450297,-0.5030036540031999,0.9950248756218906,0.99009900990099,1.0,0.4770534519237749,0.1052307779268037,0.0071962498781352,0.1161877429694868,guardgp,8,uniform,0.2,500,40,315.0,44.0,[],neal,,,vary-stream,
0.1055086019738499,0.0125766312803549,-2.0609967542490097,-0.8109399597380473,1.0,1.0,1.0,0.442672010673129,0.0984571172486302,0.006986439541873,0.1134626126377438,guardgp,9,uniform,0.2,500,40,328.0,32.0,[],neal,,,vary-stream,
0.0970869934358674,0.0094683847170114,-2.2273133679938297,-0.9378494244370208,0.99009900990099,0.9803921568627452,1.0,0.4316875458006626,0.1001628826286279,0.0072477502449739,0.1057167827283315,guardgp,0,uniform,0.3,500,40,278.0,29.0,[],neal,,,vary-stream,
0.1241381630502522,0.0191738647576389,-1.991980657715148,-0.7155092568442905,1.0,1.0,1.0,0.4245983192484582,0.089295069135361,0.0070085215670785,0.1049819626369635,guardgp,1,uniform,0.3,500,40,287.0,23.0,[],neal,,,vary-stream,
0.1216663443253273,0.024873025389099,-1.8869404548274515,-0.558264753337772,1.0,1.0,1.0,0.6356369912796451,0.1052936371390545,0.0073403282642728,0.2869730560316542,guardgp,2,uniform,0.3,500,40,276.0,34.0,[],neal,,,vary-stream,
0.11436714698265,0.0170035085395504,-2.0158875324425733,-0.748433565115824,1.0,1.0,1.0,0.404353512251122,0.0877001295600126,0.0068662521105421,0.0960372636378135,guardgp,3,uniform,0.3,500,40,284.0,26.0,[],neal,,,vary-stream,
0.1172884716026728,0.0259639361855823,-1.883089663541881,-0.4863116752334887,1.0,1.0,1.0,0.4725610481134778,0.1096130544876517,0.0076423028392879,0.1126069128234951,guardgp,4,uniform,0.3,500,40,280.0,30.0,[],neal,,,vary-stream,
0.0963998082140565,0.0102840089703814,-2.235302337334545,-0.922794501737138,1.0,1.0,1.0,0.4334395174342005,0.0913671824610387,0.0072276845457963,0.1104416654688184,guardgp,5,uniform,0.3,500,40,288.0,22.0,[],neal,,,vary-stream,
0.0900092334215449,0.0100693214236386,-2.285035658699292,-1.0123603771152638,0.9933774834437086,0.986842105263158,1.0,0.4289988863013644,0.0999350408876679,0.0073947210457054,0.0980974370537771,guardgp,6,uniform,0.3,500,40,278.0,30.0,[],neal,,,vary-stream,
0.1055313137284651,0.0124023185498129,-1.514297741113438,-0.2448011912969934,0.9966777408637874,0.9933774834437086,1.0,0.4153518192216997,0.0943083506528004,0.0070418066689339,0.0932135965305623,guardgp,7,uniform,0.3,500,40,254.0,55.0,[],neal,,,vary-stream,
0.1060898186088482,0.0187638053523964,-1.873002358145976,-0.5947970186041461,1.0,1.0,1.0,0.4123640588975673,0.0945060414580992,0.0071351104491876,0.0981824385235086,guardgp,8,uniform,0.3,500,40,278.0,32.0,[],neal,,,vary-stream,
0.1179668829779654,0.0157220364939205,-1.9169935187191107,-0.6669367242081489,0.9966777408637874,0.9933774834437086,1.0,0.4707057078358839,0.1148428012485332,0.0080068054123093,0.1074001191781185,guardgp,9,uniform,0.3,500,40,247.0,62.0,[],neal,,,vary-stream,
0.0992069434661491,0.0098863943604317,-2.095246922804713,-0.8057829792479021,0.9975062344139652,0.9950248756218906,1.0,0.3749255989374512,0.0907111783263921,0.0069020658291106,0.0794854239084879,guardgp,0,uniform,0.4,500,40,227.0,32.0,[],neal,,,vary-stream,
0.1263881319001231,0.0198752051496126,-1.901300571800942,-0.6248291709300867,1.0,1.0,1.0,0.3865531417946128,0.0942119199823102,0.0070415734586751,0.0807117907401255,guardgp,1,uniform,0.4,500,40,223.0,37.0,[],neal,,,vary-stream,
0.1095078894850343,0.0201501606486062,-2.08406198915483,-0.7553862876651526,1.0,1.0,1.0,0.3739621690170758,0.0896196134778185,0.0068363123041901,0.0807424027184226,guardgp,2,uniform,0.4,500,40,231.0,29.0,[],neal,,,vary-stream,
0.1317266106328669,0.0225570864597619,-1.7846053627879757,-0.5171513954612236,1.0,1.0,1.0,0.3691997697941311,0.0857745195389725,0.0067321522890225,0.0787331582219137,guardgp,3,uniform,0.4,500,40,226.0,34.0,[],neal,,,vary-stream,
0.1163656471225386,0.0255569755276887,-2.0982986706063644,-0.701520682297972,0.9975062344139652,0.9950248756218906,1.0,0.3605555295665829,0.0798692376955169,0.0065931186090102,0.0791766589036737,guardgp,4,uniform,0.4,500,40,236.0,23.0,[],neal,,,vary-stream,
0.0987331260839968,0.0107878744315103,-2.09824957394814,-0.7857417383507334,1.0,1.0,1.0,0.3788580414434166,0.0887830766378496,0.0069004437334471,0.0833550793290867,guardgp,5,uniform,0.4,500,40,236.0,24.0,[],neal,,,vary-stream,
0.1000753863897246,0.012447456850259,-2.110975988499802,-0.8383007069157703,1.0,1.0,1.0,0.3732616767039239,0.0897960414042007,0.0068174416968679,0.0800483697473638,guardgp,6,uniform,0.4,500,40,235.0,25.0,[],neal,,,vary-stream,
0.1044197102054185,0.0121424174577788,-2.0348628714616845,-0.7653663216452388,1.0,1.0,1.0,0.3663100478107757,0.0837744675505825,0.0067006086718048,0.0789314478701587,guardgp,7,uniform,0.4,500,40,234.0,26.0,[],neal,,,vary-stream,
0.1491620843183629,0.0370928661264559,-1.567581591275604,-0.2893762517337742,0.9975062344139652,0.9950248756218906,1.0,0.3808365694409155,0.0927171386454416,0.0070190107773827,0.0796636677240831,guardgp,8,uniform,0.4,500,40,222.0,37.0,[],neal,,,vary-stream,
0.1192703027562377,0.0160713824028478,-1.983788555702973,-0.7337317611920132,1.0,1.0,1.0,0.3603545626190126,0.0791124803388653,0.0065220394627312,0.0782362148089779,guardgp,9,uniform,0.4,500,40,233.0,27.0,[],neal,,,vary-stream,
0.1010329218798578,0.0102536766398318,-2.1219935068958584,-0.8325295633390487,1.0,1.0,1.0,0.3406124440674751,0.0845575461584224,0.0066247097413946,0.0631438103205848,guardgp,0,uniform,0.5,500,40,191.0,19.0,[],neal,,,vary-stream,
0.1069753492301384,0.0142385726833362,-1.691223531646801,-0.4147521307759447,1.0,1.0,1.0,0.3378981649723795,0.0867800779498951,0.0068764019448755,0.0628780392656588,guardgp,1,uniform,0.5,500,40,184.0,26.0,[],neal,,,vary-stream,
0.117667880155977,0.0232650266267861,-1.876995997740824,-0.5483202962511418,1.0,1.0,1.0,0.3281123352834307,0.0775874416475467,0.0065926134044749,0.0620610845583976,guardgp,2,uniform,0.5,500,40,188.0,22.0,[],neal,,,vary-stream,
0.0975478419517068,0.0123700456177145,-2.16821982143408,-0.9007658541073292,1.0,1.0,1.0,0.3354484470353623,0.0780728608293904,0.0065859699490196,0.0638161735917927,guardgp,3,uniform,0.5,500,40,193.0,17.0,[],neal,,,vary-stream,
0.1295828004855898,0.0316923615708239,-2.0440817745803748,-0.6473037862719841,1.0,1.0,1.0,0.3355392311198596,0.0785671042926285,0.0065609465388621,0.0631790761911796,guardgp,4,uniform,0.5,500,40,191.0,19.0,[],neal,,,vary-stream,
0.1168720972615486,0.0151158224482869,-1.9596170487041853,-0.6471092131067786,1.0,1.0,1.0,0.3305812261279915,0.0780535064657907,0.0065731521159329,0.0622221969736173,guardgp,5,uniform,0.5,500,40,185.0,25.0,[],neal,,,vary-stream,
0.112924307495895,0.0158489665996517,-2.0743473690527683,-0.8016720874687405,1.0,1.0,1.0,0.322658213174335,0.0709833480473405,0.0063026992669936,0.0619182218898735,guardgp,6,uniform,0.5,500,40,196.0,14.0,[],neal,,,vary-stream,
0.1254217946329096,0.0175180682550647,-1.999344570435755,-0.7298480206193084,1.0,1.0,1.0,0.3306372673250735,0.0715754884447011,0.00636150760566,0.0632944674377896,guardgp,7,uniform,0.5,500,40,194.0,16.0,[],neal,,,vary-stream,
0.1165359888715141,0.0226408974120186,-1.973480105179236,-0.6952747656374036,1.0,1.0,1.0,0.3314379501439955,0.0795322581088048,0.0066309963585808,0.0622705064217924,guardgp,8,uniform,0.5,500,40,182.0,28.0,[],neal,,,vary-stream,
0.1152253554425556,0.0149997736144722,-1.8823978092686675,-0.632341014757708,1.0,1.0,1.0,0.3353010236700673,0.0764107736556426,0.0065058827875991,0.0644384211425305,guardgp,9,uniform,0.5,500,40,190.0,20.0,[],neal,,,vary-stream,
0.12261793470109,0.0151029500182434,-1.897386378391872,-0.6079224348350615,1.0,1.0,1.0,0.2870546650703308,0.064015302759008,0.0060859533613952,0.0457226067184187,guardgp,0,uniform,0.6,500,40,148.0,12.0,[],neal,,,vary-stream,
0.1635036106109867,0.0332624110109582,-1.0853769313279429,0.1910944695429123,1.0,1.0,1.0,0.300522613764295,0.0724471797382094,0.0063344499010228,0.0463739067882947,guardgp,1,uniform,0.6,500,40,143.0,17.0,[],neal,,,vary-stream,
0.1242011819670357,0.02592024800895,-1.932131281540581,-0.6034555800509017,1.0,1.0,1.0,0.3017608455316487,0.0748825994694767,0.0065031629713738,0.0463351914178296,guardgp,2,uniform,0.6,500,40,141.0,19.0,[],neal,,,vary-stream,
0.1470180666608563,0.0280981278298982,-1.4863766359508908,-0.2189226686241393,0.9950248756218906,0.99009900990099,1.0,0.3047878154219411,0.0767505820081366,0.0065683714954344,0.0452046892504491,guardgp,3,uniform,0.6,500,40,138.0,19.0,[],neal,,,vary-stream,
0.1054405214514408,0.0209833569803447,-2.122924929296617,-0.7261469409882245,1.0,1.0,1.0,0.28280463144335,0.0634676188422852,0.0060650217599923,0.0459196890638533,guardgp,4,uniform,0.6,500,40,150.0,10.0,[],neal,,,vary-stream,
0.0934205302139779,0.0096581681593509,-2.211116660640319,-0.89860882504291,1.0,1.0,1.0,0.2917187768616713,0.0685321439168942,0.0061581828682076,0.0457900588314615,guardgp,5,uniform,0.6,500,40,143.0,17.0,[],neal,,,vary-stream,
0.1404649043327202,0.0245223300713593,-1.6377729604144609,-0.3650976788304309,1.0,1.0,1.0,0.3016272483206273,0.0762914522530753,0.0065195448215767,0.0465254259483038,guardgp,6,uniform,0.6,500,40,142.0,18.0,[],neal,,,vary-stream,
0.0922514979751036,0.009477352774002,-2.241948769518656,-0.9724522197022106,1.0,1.0,1.0,0.3044470697362988,0.0777969294374444,0.0066115627819469,0.0462366051658097,guardgp,7,uniform,0.6,500,40,139.0,21.0,[],neal,,,vary-stream,
0.1220584877141995,0.0248375912134386,-1.4202722048680845,-0.1420668653262541,0.9983361064891848,0.9966777408637874,1.0,0.304149504391598,0.0765622714306632,0.0065739631004955,0.0465559782637485,guardgp,8,uniform,0.6,500,40,133.0,26.0,[],neal,,,vary-stream,
0.1086875699943051,0.0133459148476712,-2.047257533928561,-0.7972007394176002,1.0,1.0,1.0,0.2914059046104186,0.06936625609144,0.0062861668361026,0.0465568911117177,guardgp,9,uniform,0.6,500,40,147.0,13.0,[],neal,,,vary-stream,
0.1385203356888774,0.0192743997545053,-1.7294112477378711,-0.4399473041810602,1.0,1.0,1.0,0.1246831502573078,0.0588404739138913,0.0059105889902085,0.0321218891970246,guardgp,0,uniform,0.7,500,40,102.0,8.0,[],neal,,,vary-stream,
0.1111115835788292,0.0153609369000189,-2.058683079227757,-0.7822116783569024,0.9985734664764622,0.9971509971509972,1.0,0.1197493170722104,0.0557722489643113,0.0056332795318904,0.031286301901159,guardgp,1,uniform,0.7,500,40,104.0,5.0,[],neal,,,vary-stream,
0.1254255697204365,0.0264338158221335,-2.0501733867693663,-0.7214976852796869,1.0,1.0,1.0,0.123939432745354,0.056496605532669,0.0057431514268619,0.0317188716903531,guardgp,2,uniform,0.7,500,40,102.0,8.0,[],neal,,,vary-stream,
0.102532844619281,0.0136666471584746,-1.8572880023301328,-0.5898340350033814,0.9985734664764622,0.9971509971509972,1.0,0.2637211173904412,0.0695019277096118,0.0062113329793488,0.0307316975997072,guardgp,3,uniform,0.7,500,40,95.0,14.0,[],neal,,,vary-stream,
0.1194019754039158,0.0269080919351711,-2.1188115329308173,-0.7220335446224249,1.0,1.0,1.0,0.2542815098422579,0.0644211409330044,0.0060014636129262,0.0308513047892357,guardgp,4,uniform,0.7,500,40,98.0,12.0,[],neal,,,vary-stream,
0.1474529321243659,0.0240611806070263,-1.6528085464248805,-0.3403007108274734,0.9985734664764622,0.9971509971509972,1.0,0.2544564484750204,0.0641333339761173,0.0059761174033274,0.0306515521040874,guardgp,5,uniform,0.7,500,40,97.0,12.0,[],neal,,,vary-stream,
0.1133252786430124,0.0159617193111653,-2.083201435616977,-0.8105261540329478,0.9985734664764622,0.9971509971509972,1.0,0.1186722347325564,0.0555559994688298,0.0055900800836515,0.0305475592461374,guardgp,6,uniform,0.7,500,40,100.0,9.0,[],neal,,,vary-stream,
0.1307135145677031,0.0190274757266724,-1.9287458237508843,-0.6592492739344382,1.0,1.0,1.0,0.2629391322641269,0.0707025582770533,0.00623013829286,0.0300750782986616,guardgp,7,uniform,0.7,500,40,94.0,16.0,[],neal,,,vary-stream,
0.124272994206611,0.025747023530173,-1.9130735708041584,-0.6348682312623259,1.0,1.0,1.0,0.1189518661703914,0.054848314333788,0.005563748139969,0.0314973041658168,guardgp,8,uniform,0.7,500,40,103.0,7.0,[],neal,,,vary-stream,
0.1122964440738373,0.0142469073531756,-2.02176503730472,-0.7717082427937583,0.9985734664764622,0.9971509971509972,1.0,0.1171811328158187,0.0549857688146521,0.005560105036357,0.0301011783607385,guardgp,9,uniform,0.7,500,40,101.0,8.0,[],neal,,,vary-stream,
0.1216146289869499,0.0148568052296153,-1.99599541863868,-0.7065314750818692,1.0,1.0,1.0,0.2211938643164973,0.0540906715247294,0.0054651353148864,0.0157285849918084,guardgp,0,uniform,0.8,500,40,50.0,10.0,[],neal,,,vary-stream,
0.1257544992230303,0.0196764204850852,-1.9762000644508664,-0.6997286635800112,1.0,1.0,1.0,0.0881947370109391,0.0525950368129364,0.0053091579542049,0.0159582283231429,guardgp,1,uniform,0.8,500,40,51.0,9.0,[],neal,,,vary-stream,
0.1064656982754498,0.0190461459770605,-2.270318978712161,-0.9416432772224832,1.0,1.0,1.0,0.0887868121144888,0.0527597814494662,0.005340337773542,0.0163995805095233,guardgp,2,uniform,0.8,500,40,53.0,7.0,[],neal,,,vary-stream,
0.0975341308541458,0.0123665684524768,-2.1460181754523773,-0.8785642081256274,1.0,1.0,1.0,0.0888112135251741,0.0526525149167434,0.0052735588447514,0.0167391976625051,guardgp,3,uniform,0.8,500,40,55.0,5.0,[],neal,,,vary-stream,
0.1099377417136033,0.022811482066431,-2.237557857064566,-0.8407798687561775,1.0,1.0,1.0,0.0894555164015163,0.0522867699897767,0.0054617571194008,0.0170175021554788,guardgp,4,uniform,0.8,500,40,53.0,7.0,[],neal,,,vary-stream,
0.1107359609083573,0.0135702379889537,-2.0647468781107987,-0.7522390425133909,1.0,1.0,1.0,0.0930338206513703,0.0544876924402121,0.0055965172182566,0.0183510219516313,guardgp,5,uniform,0.8,500,40,58.0,2.0,[],neal,,,vary-stream,
0.1374795952771555,0.0234910575152687,-1.9657227533017687,-0.6930474717177396,1.0,1.0,1.0,0.0881882919044153,0.0517780037784098,0.0053094159659889,0.0167984129486443,guardgp,6,uniform,0.8,500,40,53.0,7.0,[],neal,,,vary-stream,
0.1096050449680109,0.0133783108239536,-2.0660677739608952,-0.7965712241444475,1.0,1.0,1.0,0.0905089133479834,0.0529699783605199,0.0054803577570609,0.0174878589029464,guardgp,7,uniform,0.8,500,40,55.0,5.0,[],neal,,,vary-stream,
0.1557641373519843,0.0404490619028282,-1.298951435554338,-0.0207460960125065,1.0,1.0,1.0,0.0866328151618211,0.0503576958536818,0.0053062647803808,0.0166646761657751,guardgp,8,uniform,0.8,500,40,54.0,6.0,[],neal,,,vary-stream,
0.0851681867996461,0.0081948950157839,-2.374810261182924,-1.124753466671962,1.0,1.0,1.0,0.0913661464912128,0.0540947902861618,0.0054790282181626,0.0174809390243709,guardgp,9,uniform,0.8,500,40,55.0,5.0,[],neal,,,vary-stream,
0.1398715590510417,0.01965226549988,-1.7413145167499733,-0.4518505731931645,,,,0.1283606105615668,,,,rcgp,0,asymmetric,0.1,500,40,,,,neal,0.0,,vary-stream,
0.0846907511173492,0.0089242350391306,-1.6255874867304414,-0.3491160858595842,,,,0.1258687697649609,,,,rcgp,1,asymmetric,0.1,500,40,,,,neal,1.0,,vary-stream,
0.1020492764519356,0.0174987712763885,-1.721597081082253,-0.3929213795925729,,,,0.1269868397882775,,,,rcgp,2,asymmetric,0.1,500,40,,,,neal,2.0,,vary-stream,
0.0856461723692821,0.0095356847859512,-1.92252446636938,-0.6550704990426287,,,,0.126690877495212,,,,rcgp,3,asymmetric,0.1,500,40,,,,neal,3.0,,vary-stream,
0.1003053564472977,0.0189892639067906,-1.7782447852528,-0.3814667969444072,,,,0.1275394308006229,,,,rcgp,4,asymmetric,0.1,500,40,,,,neal,4.0,,vary-stream,
0.1124848122762157,0.0140022517852459,-1.835760281049302,-0.5232524454518935,,,,0.1283345201796771,,,,rcgp,5,asymmetric,0.1,500,40,,,,neal,5.0,,vary-stream,
0.0822058544894496,0.0083990772220313,-2.0202751594751764,-0.7475998778911473,,,,0.1289950046592149,,,,rcgp,6,asymmetric,0.1,500,40,,,,neal,6.0,,vary-stream,
0.0832758791459717,0.0077228685924516,-1.8634871299889848,-0.5939905801725401,,,,0.1272337297964638,,,,rcgp,7,asymmetric,0.1,500,40,,,,neal,7.0,,vary-stream,
0.1031065792905322,0.0177233683194395,-1.8348611020113648,-0.5566557624695354,,,,0.1285923096989079,,,,rcgp,8,asymmetric,0.1,500,40,,,,neal,8.0,,vary-stream,
0.098913599032576,0.0110535199631997,-1.7460362898523265,-0.4959794953413653,,,,0.1290652674430495,,,,rcgp,9,asymmetric,0.1,500,40,,,,neal,9.0,,vary-stream,
0.1114944719807593,0.012487067565858,-1.7448315453765972,-0.4553676018197889,,,,0.1273191694053821,,,,rcgp,0,asymmetric,0.2,500,40,,,,neal,0.0,,vary-stream,
0.1647499481403437,0.0337714419109556,-1.6619147136272452,-0.3854433127563906,,,,0.1286202448207642,,,,rcgp,1,asymmetric,0.2,500,40,,,,neal,1.0,,vary-stream,
0.1514305310633761,0.0385313819709005,-1.709406223640019,-0.3807305221503373,,,,0.1277546100343739,,,,rcgp,2,asymmetric,0.2,500,40,,,,neal,2.0,,vary-stream,
0.118299958565216,0.0181930349712852,-1.7178559510274063,-0.4504019837006565,,,,0.1274013431849079,,,,rcgp,3,asymmetric,0.2,500,40,,,,neal,3.0,,vary-stream,
0.2200711009751348,0.0914083587877679,-1.6657655940661396,-0.2689876057577494,,,,0.1270579103299457,,,,rcgp,4,asymmetric,0.2,500,40,,,,neal,4.0,,vary-stream,
0.1370162461117764,0.0207756316479237,-1.834560746485664,-0.5220529108882556,,,,0.1279048491319965,,,,rcgp,5,asymmetric,0.2,500,40,,,,neal,5.0,,vary-stream,
0.1296717952282148,0.0208985967037969,-1.65868808374111,-0.3860128021570809,,,,0.127227759272184,,,,rcgp,6,asymmetric,0.2,500,40,,,,neal,6.0,,vary-stream,
0.1249547412342336,0.0173878414590132,-1.6271589987538986,-0.3576624489374533,,,,0.1266640276298858,,,,rcgp,7,asymmetric,0.2,500,40,,,,neal,7.0,,vary-stream,
0.1352483521490459,0.0304956202032079,-1.652444378882742,-0.3742390393409115,,,,0.127777656535213,,,,rcgp,8,asymmetric,0.2,500,40,,,,neal,8.0,,vary-stream,
0.1001157899544335,0.0113238406270917,-1.7636040640010135,-0.5135472694900524,,,,0.1287101352278588,,,,rcgp,9,asymmetric,0.2,500,40,,,,neal,9.0,,vary-stream,
0.1904699764634564,0.0364423896727236,-1.8126387780175324,-0.5231748344607239,,,,0.1282744363972755,,,,rcgp,0,asymmetric,0.3,500,40,,,,neal,0.0,,vary-stream,
0.206474267740425,0.0530433445322413,-1.6472833078257487,-0.3708119069548924,,,,0.1280656085050988,,,,rcgp,1,asymmetric,0.3,500,40,,,,neal,1.0,,vary-stream,
0.1576512957286589,0.0417621437575689,-1.7322854456718613,-0.4036097441821815,,,,0.1278697432059308,,,,rcgp,2,asymmetric,0.3,500,40,,,,neal,2.0,,vary-stream,
0.1797780957673258,0.0420154985635367,-1.6107880465101627,-0.3433340791834118,,,,0.1277473701402018,,,,rcgp,3,asymmetric,0.3,500,40,,,,neal,3.0,,vary-stream,
0.1684332509178936,0.0535445830528184,-1.7055643216774086,-0.3087863333690176,,,,0.1279183886135401,,,,rcgp,4,asymmetric,0.3,500,40,,,,neal,4.0,,vary-stream,
0.1640643043107354,0.0297877917948534,-1.7366569528468203,-0.4241491172494111,,,,0.1269837087222739,,,,rcgp,5,asymmetric,0.3,500,40,,,,neal,5.0,,vary-stream,
0.1963718008290338,0.0479274501293061,-1.5451827903581197,-0.2725075087740904,,,,0.1270528867557321,,,,rcgp,6,asymmetric,0.3,500,40,,,,neal,6.0,,vary-stream,
0.1919197361619827,0.0410184710891478,-1.5714473682190593,-0.3019508184026127,,,,0.1280484364226298,,,,rcgp,7,asymmetric,0.3,500,40,,,,neal,7.0,,vary-stream,
0.1463452100576698,0.0357051227204683,-1.705661804243896,-0.427456464702065,,,,0.1282828310808247,,,,rcgp,8,asymmetric,0.3,500,40,,,,neal,8.0,,vary-stream,
0.1984361866967564,0.0444867149239637,-1.6729962457339822,-0.4229394512230224,,,,0.128779026588587,,,,rcgp,9,asymmetric,0.3,500,40,,,,neal,9.0,,vary-stream,
0.2152610392477824,0.0465462455977755,-1.6831834624746531,-0.3937195189178467,,,,0.1276106862148837,,,,rcgp,0,asymmetric,0.4,500,40,,,,neal,0.0,,vary-stream,
0.413600894855231,0.2128442734593593,-0.841180479194773,0.4352909216760826,,,,0.1275371967652893,,,,rcgp,1,asymmetric,0.4,500,40,,,,neal,1.0,,vary-stream,
0.3045920045931464,0.1558923102527703,-1.2105102818232445,0.1181654196664343,,,,0.1278128606550719,,,,rcgp,2,asymmetric,0.4,500,40,,,,neal,2.0,,vary-stream,
0.2061474393798657,0.0552448576212282,-1.4583030725660138,-0.190849105239263,,,,0.128070217539536,,,,rcgp,3,asymmetric,0.4,500,40,,,,neal,3.0,,vary-stream,
0.4979553298542986,0.4679943925649605,-0.3351423569760172,1.0616356313323752,,,,0.1272176307595699,,,,rcgp,4,asymmetric,0.4,500,40,,,,neal,4.0,,vary-stream,
0.3392032933785847,0.1273298500133942,-1.0588177738396518,0.2536900617577563,,,,0.1285304170501742,,,,rcgp,5,asymmetric,0.4,500,40,,,,neal,5.0,,vary-stream,
0.2859968718439093,0.1016596579683513,-1.3310085478432545,-0.0583332662592241,,,,0.1289847892779938,,,,rcgp,6,asymmetric,0.4,500,40,,,,neal,6.0,,vary-stream,
0.4385777788632815,0.2142068921745532,-0.2122168610792253,1.057279688737221,,,,0.1282569391111357,,,,rcgp,7,asymmetric,0.4,500,40,,,,neal,7.0,,vary-stream,
0.270402404631988,0.1218974453800468,-1.33999834903739,-0.0617930094955598,,,,0.1277008071116617,,,,rcgp,8,asymmetric,0.4,500,40,,,,neal,8.0,,vary-stream,
0.4384949038350534,0.2172289446280069,-0.3360649142004028,0.9139918803105572,,,,0.1288237038787211,,,,rcgp,9,asymmetric,0.4,500,40,,,,neal,9.0,,vary-stream,
1.0993930994393084,1.2141149443401604,10.294076324507708,11.583540268064525,,,,0.128357439193085,,,,rcgp,0,asymmetric,0.5,500,40,,,,neal,0.0,,vary-stream,
1.0780365700071244,1.4459924247289893,5.288955555867076,6.565426956737935,,,,0.1294378582236316,,,,rcgp,1,asymmetric,0.5,500,40,,,,neal,1.0,,vary-stream,
1.4846356527942983,3.703628917362896,17.13806001864012,18.466735720129822,,,,0.128758899644827,,,,rcgp,2,asymmetric,0.5,500,40,,,,neal,2.0,,vary-stream,
1.3997151347553998,2.546919897998454,14.28324220223135,15.550696169558098,,,,0.1274640841470302,,,,rcgp,3,asymmetric,0.5,500,40,,,,neal,3.0,,vary-stream,
1.256108091695587,2.9779260281743025,8.975047907308257,10.371825895616654,,,,0.1273360657606921,,,,rcgp,4,asymmetric,0.5,500,40,,,,neal,4.0,,vary-stream,
0.75555062398853,0.6317383535424829,1.9463422956921088,3.2588501312895173,,,,0.1277268266320512,,,,rcgp,5,asymmetric,0.5,500,40,,,,neal,5.0,,vary-stream,
1.4233260319360164,2.5178790435937426,13.085800302417576,14.358475584001605,,,,0.1290611166674036,,,,rcgp,6,asymmetric,0.5,500,40,,,,neal,6.0,,vary-stream,
0.4073760023696321,0.1848123872333124,-0.6462500037874577,0.6232465460289897,,,,0.1277209946040428,,,,rcgp,7,asymmetric,0.5,500,40,,,,neal,7.0,,vary-stream,
0.6477254683161557,0.6994480323211141,1.1079716885125703,2.386177028054401,,,,0.127059408481253,,,,rcgp,8,asymmetric,0.5,500,40,,,,neal,8.0,,vary-stream,
1.7430298609070043,3.4324027888158666,14.391849621847037,15.641906416357983,,,,0.1290110484621001,,,,rcgp,9,asymmetric,0.5,500,40,,,,neal,9.0,,vary-stream,
2.2928324683054657,5.280784408512846,36.61348457562891,37.902948519185735,,,,0.1268022556399481,,,,rcgp,0,asymmetric,0.6,500,40,,,,neal,0.0,,vary-stream,
1.5908061214772382,3.1487163379837884,28.36439272476361,29.640864125634472,,,,0.1278892189198497,,,,rcgp,1,asymmetric,0.6,500,40,,,,neal,1.0,,vary-stream,
2.161365209503306,7.849536405534679,34.79748841762479,36.126164119114506,,,,0.1284479829811734,,,,rcgp,2,asymmetric,0.6,500,40,,,,neal,2.0,,vary-stream,
1.9269350742258973,4.8269203560276095,31.00146070340733,32.268914670734084,,,,0.1274391088847314,,,,rcgp,3,asymmetric,0.6,500,40,,,,neal,3.0,,vary-stream,
2.5692913180870907,12.45909730905944,36.95737977387775,38.35415776218616,,,,0.1275626980476891,,,,rcgp,4,asymmetric,0.6,500,40,,,,neal,4.0,,vary-stream,
2.325436629103628,5.984379478143489,49.75414536754287,51.06665320314032,,,,0.128648112877272,,,,rcgp,5,asymmetric,0.6,500,40,,,,neal,5.0,,vary-stream,
2.2710947288768626,6.410568967972941,51.659488926284055,52.93216420786815,,,,0.1286258571781218,,,,rcgp,6,asymmetric,0.6,500,40,,,,neal,6.0,,vary-stream,
2.455614654485292,6.715225880937841,59.14929482728211,60.41879137709854,,,,0.1288147218039502,,,,rcgp,7,asymmetric,0.6,500,40,,,,neal,7.0,,vary-stream,
2.046077180535492,6.979390998685945,39.38104438874558,40.65924972828744,,,,0.1277193234114826,,,,rcgp,8,asymmetric,0.6,500,40,,,,neal,8.0,,vary-stream,
2.429586822932936,6.668888225632247,62.2649776592421,63.51503445375306,,,,0.1282464197846939,,,,rcgp,9,asymmetric,0.6,500,40,,,,neal,9.0,,vary-stream,
2.8559817296726293,8.193409122403313,96.46878456888297,97.75824851243974,,,,0.1324514361128777,,,,rcgp,0,asymmetric,0.7,500,40,,,,neal,0.0,,vary-stream,
2.5593538555518385,8.150039274188734,61.0602114964027,62.33668289727363,,,,0.1284502671257107,,,,rcgp,1,asymmetric,0.7,500,40,,,,neal,1.0,,vary-stream,
2.8882398538421694,14.016972060292115,82.25991471434571,83.58859041583537,,,,0.1287117046835508,,,,rcgp,2,asymmetric,0.7,500,40,,,,neal,2.0,,vary-stream,
2.818315890802784,10.32560026177027,92.75479552341592,94.02224949074258,,,,0.1275968806230989,,,,rcgp,3,asymmetric,0.7,500,40,,,,neal,3.0,,vary-stream,
2.7156405028914,13.918884591322032,49.523775818667225,50.9205538069757,,,,0.1282198862020817,,,,rcgp,4,asymmetric,0.7,500,40,,,,neal,4.0,,vary-stream,
2.8818849190101337,9.191012901171066,65.30752034191364,66.6200281775111,,,,0.1279418206768637,,,,rcgp,5,asymmetric,0.7,500,40,,,,neal,5.0,,vary-stream,
2.7083232094039675,9.116477433755517,66.4229937678043,67.69566904938833,,,,0.1282847415574866,,,,rcgp,6,asymmetric,0.7,500,40,,,,neal,6.0,,vary-stream,
2.73681988693812,8.341278594372543,74.57715553319076,75.84665208300716,,,,0.1283394546075926,,,,rcgp,7,asymmetric,0.7,500,40,,,,neal,7.0,,vary-stream,
2.732919459750676,12.45165764858208,72.0849164499668,73.36312178950865,,,,0.128103221283274,,,,rcgp,8,asymmetric,0.7,500,40,,,,neal,8.0,,vary-stream,
2.750444202845526,8.546617535084563,112.23280694832307,113.48286374283413,,,,0.1280979365970858,,,,rcgp,9,asymmetric,0.7,500,40,,,,neal,9.0,,vary-stream,
2.9338881311227705,8.646510870824281,92.4487800333664,93.7382439769232,,,,0.1277871567847045,,,,rcgp,0,asymmetric,0.8,500,40,,,,neal,0.0,,vary-stream,
3.037628363415431,11.480698430247704,67.06852504146977,68.34499644234063,,,,0.1284467823848978,,,,rcgp,1,asymmetric,0.8,500,40,,,,neal,1.0,,vary-stream,
3.113136270624412,16.284857313686658,91.35475359947392,92.6834293009636,,,,0.1281110442663623,,,,rcgp,2,asymmetric,0.8,500,40,,,,neal,2.0,,vary-stream,
3.147213989944634,12.876223770401738,97.89887894260296,99.16633290992976,,,,0.1287840471258791,,,,rcgp,3,asymmetric,0.8,500,40,,,,neal,3.0,,vary-stream,
2.9854532836811654,16.822108839575524,93.71399358824782,95.11077157655627,,,,0.1292091114800828,,,,rcgp,4,asymmetric,0.8,500,40,,,,neal,4.0,,vary-stream,
3.098393117960207,10.62387973448234,72.89713413532449,74.20964197092187,,,,0.1275724964216351,,,,rcgp,5,asymmetric,0.8,500,40,,,,neal,5.0,,vary-stream,
2.990400193498147,11.11436621477523,136.4354321035303,137.70810738511423,,,,0.1285483054032185,,,,rcgp,6,asymmetric,0.8,500,40,,,,neal,6.0,,vary-stream,
2.974708971689059,9.854376686405937,113.86323377822296,115.13273032803926,,,,0.1282468712736812,,,,rcgp,7,asymmetric,0.8,500,40,,,,neal,7.0,,vary-stream,
2.9434481014062075,14.443959797011448,99.74236197460596,101.0205673141478,,,,0.1272449715938621,,,,rcgp,8,asymmetric,0.8,500,40,,,,neal,8.0,,vary-stream,
2.9268924264893665,9.678367599479673,102.09967811930824,103.3497349138191,,,,0.1287141585793427,,,,rcgp,9,asymmetric,0.8,500,40,,,,neal,9.0,,vary-stream,
0.1690925459356183,0.0287212090237378,-1.6068859289662736,-0.3320384845531067,,,,0.1334593821767434,,,,rcgp,0,focused,0.1,500,40,,,,neal,0.0,,vary-stream,
0.1544421201624479,0.0296777205061535,-1.6128240442934942,-0.3641873371069241,,,,0.1285540481583904,,,,rcgp,1,focused,0.1,500,40,,,,neal,1.0,,vary-stream,
0.1208945823683303,0.0245584737845719,-1.7810100709924213,-0.5161857932174309,,,,0.1283832661220398,,,,rcgp,2,focused,0.1,500,40,,,,neal,2.0,,vary-stream,
0.1253297488642551,0.020419462601695,-1.730057068413235,-0.4768428587307984,,,,0.1288009861246277,,,,rcgp,3,focused,0.1,500,40,,,,neal,3.0,,vary-stream,
0.2202625998103588,0.0915675092634922,-1.4921587421714937,-0.1360100594962481,,,,0.1288612463015496,,,,rcgp,4,focused,0.1,500,40,,,,neal,4.0,,vary-stream,
0.1246483400141023,0.0171942447937606,-1.7507203764079535,-0.4658125542137201,,,,0.1281871714087648,,,,rcgp,5,focused,0.1,500,40,,,,neal,5.0,,vary-stream,
0.1280534110184217,0.0203801971648745,-1.818754993872428,-0.528316685757059,,,,0.129271163250846,,,,rcgp,6,focused,0.1,500,40,,,,neal,6.0,,vary-stream,
0.1362133731140813,0.0206623487783198,-1.738597672861839,-0.4647773410383585,,,,0.1294185643453839,,,,rcgp,7,focused,0.1,500,40,,,,neal,7.0,,vary-stream,
0.1348018980837136,0.0302946207521363,-1.68527358088303,-0.4263183820338344,,,,0.1276792321890673,,,,rcgp,8,focused,0.1,500,40,,,,neal,8.0,,vary-stream,
0.1245654940435521,0.0175300881982912,-1.7745600314338037,-0.5366194543457653,,,,0.127650436099983,,,,rcgp,9,focused,0.1,500,40,,,,neal,9.0,,vary-stream,
0.2253033204237986,0.0509904653948643,-1.2190603310862342,0.0917910707505495,,,,0.1280525600557904,,,,rcgp,0,focused,0.2,500,40,,,,neal,0.0,,vary-stream,
0.9803471972078618,1.1958008387196948,10.658237034953167,11.867070586048944,,,,0.1295352458407211,,,,rcgp,1,focused,0.2,500,40,,,,neal,1.0,,vary-stream,
0.977626398796304,1.6059556050678574,8.596689800155488,9.790594229394582,,,,0.1288666372799881,,,,rcgp,2,focused,0.2,500,40,,,,neal,2.0,,vary-stream,
0.939694421925106,1.1479137738773706,7.575135126719324,8.828205454039999,,,,0.128745526055117,,,,rcgp,3,focused,0.2,500,40,,,,neal,3.0,,vary-stream,
0.8889673260903223,1.4915282268053134,6.411878996857251,7.654070054787882,,,,0.1282386518458066,,,,rcgp,4,focused,0.2,500,40,,,,neal,4.0,,vary-stream,
0.2891544900664534,0.0925273210281088,-0.8547682879334588,0.4082383838890706,,,,0.1285636155364994,,,,rcgp,5,focused,0.2,500,40,,,,neal,5.0,,vary-stream,
0.5409425685793612,0.3636875179886863,1.0196862852587654,2.318483835805844,,,,0.1282608732530523,,,,rcgp,6,focused,0.2,500,40,,,,neal,6.0,,vary-stream,
1.0549791148661345,1.239446875303676,13.2896429229159,14.557203658219253,,,,0.1273283024404562,,,,rcgp,7,focused,0.2,500,40,,,,neal,7.0,,vary-stream,
0.6035191319504953,0.6072333136597539,1.5097950642781168,2.7438133881127373,,,,0.1278226276474964,,,,rcgp,8,focused,0.2,500,40,,,,neal,8.0,,vary-stream,
0.264661603181941,0.0791353393929667,-1.037269284399413,0.1769595381162995,,,,0.1275495629828504,,,,rcgp,9,focused,0.2,500,40,,,,neal,9.0,,vary-stream,
1.430312538810828,2.0550182505412207,19.02810769492689,20.373016952787328,,,,0.1282503310864305,,,,rcgp,0,focused,0.3,500,40,,,,neal,0.0,,vary-stream,
1.3142460541693766,2.1490790681527967,29.42306392876539,30.5650239858246,,,,0.12853082848976,,,,rcgp,1,focused,0.3,500,40,,,,neal,1.0,,vary-stream,
1.4327905030527508,3.449475648226865,16.335967879199785,17.479194103772432,,,,0.1286776132157841,,,,rcgp,2,focused,0.3,500,40,,,,neal,2.0,,vary-stream,
1.366020232945106,2.425773421363645,28.713085794388483,29.952709783978964,,,,0.1283274718013632,,,,rcgp,3,focused,0.3,500,40,,,,neal,3.0,,vary-stream,
1.3860603532075093,3.625969622855359,15.454970498362671,16.667962691192223,,,,0.1278005866207303,,,,rcgp,4,focused,0.3,500,40,,,,neal,4.0,,vary-stream,
0.7719556937985105,0.6594697158580765,6.985631117582521,8.212540709964477,,,,0.1291881212281346,,,,rcgp,5,focused,0.3,500,40,,,,neal,5.0,,vary-stream,
1.3949090059389608,2.418342647355812,20.246311179494874,21.543252074391823,,,,0.1296002931548687,,,,rcgp,6,focused,0.3,500,40,,,,neal,6.0,,vary-stream,
1.3088142497714153,1.9076391300412885,24.23401506629716,25.48906859169194,,,,0.1280735477137015,,,,rcgp,7,focused,0.3,500,40,,,,neal,7.0,,vary-stream,
1.111702889344434,2.060397310005486,13.25915108873832,14.4579884932305,,,,0.129612746304306,,,,rcgp,8,focused,0.3,500,40,,,,neal,8.0,,vary-stream,
1.1606428355565066,1.521898823593662,16.63644484095075,17.8499318041467,,,,0.1290296074686288,,,,rcgp,9,focused,0.3,500,40,,,,neal,9.0,,vary-stream,
1.5989402185567505,2.568137334895328,31.48365691329965,32.8373199946309,,,,0.129763641250421,,,,rcgp,0,focused,0.4,500,40,,,,neal,0.0,,vary-stream,
1.6116391080354064,3.231726693743088,46.74599778673713,47.84983316728237,,,,0.128735282708911,,,,rcgp,1,focused,0.4,500,40,,,,neal,1.0,,vary-stream,
1.665634204178966,4.66172828089641,24.81683813315179,25.94468743548229,,,,0.1286316800953658,,,,rcgp,2,focused,0.4,500,40,,,,neal,2.0,,vary-stream,
1.628972194476802,3.4495568905298226,30.870349637515048,32.09191665645764,,,,0.1289068558000271,,,,rcgp,3,focused,0.4,500,40,,,,neal,3.0,,vary-stream,
1.5547012649666063,4.5619842641686645,15.029657968151865,16.180270005379956,,,,0.1291258802192043,,,,rcgp,4,focused,0.4,500,40,,,,neal,4.0,,vary-stream,
1.615306723739493,2.8874874724914017,35.04316458240396,36.24352853418996,,,,0.1284461804417609,,,,rcgp,5,focused,0.4,500,40,,,,neal,5.0,,vary-stream,
1.6384090764444963,3.3363435825551853,22.03475442806974,23.362167676904384,,,,0.1274026886043746,,,,rcgp,6,focused,0.4,500,40,,,,neal,6.0,,vary-stream,
1.605995315313426,2.872293007413287,34.66993358578569,35.94213868596714,,,,0.127476217027794,,,,rcgp,7,focused,0.4,500,40,,,,neal,7.0,,vary-stream,
1.5003249171093975,3.752702611034692,25.895017858105938,27.07766396084839,,,,0.1271037282371569,,,,rcgp,8,focused,0.4,500,40,,,,neal,8.0,,vary-stream,
1.499878587671547,2.541562545850706,22.495269580824097,23.708905226960333,,,,0.1291511146321325,,,,rcgp,9,focused,0.4,500,40,,,,neal,9.0,,vary-stream,
1.8273333311766968,3.354203002343116,26.829272502522787,28.175537317242743,,,,0.129621658909499,,,,rcgp,0,focused,0.5,500,40,,,,neal,0.0,,vary-stream,
1.7795858015251962,3.940369009474536,35.10761692500923,36.15848130416688,,,,0.1292696435880118,,,,rcgp,1,focused,0.5,500,40,,,,neal,1.0,,vary-stream,
1.9279339583416184,6.245568858942678,39.82976263775917,40.90113520002997,,,,0.1280708229624787,,,,rcgp,2,focused,0.5,500,40,,,,neal,2.0,,vary-stream,
1.8449454898085549,4.424895794610714,38.781385522150366,39.99219971305877,,,,0.128160962903285,,,,rcgp,3,focused,0.5,500,40,,,,neal,3.0,,vary-stream,
1.7272097241328692,5.6305397376668616,27.25933135881117,28.435313637998583,,,,0.1284890667074764,,,,rcgp,4,focused,0.5,500,40,,,,neal,4.0,,vary-stream,
1.7069053025431795,3.2242518828215507,94.35990241873569,95.54212944934812,,,,0.127970648020931,,,,rcgp,5,focused,0.5,500,40,,,,neal,5.0,,vary-stream,
1.826034231015241,4.144230546085887,51.226349520353175,52.54905491416542,,,,0.12787617135631,,,,rcgp,6,focused,0.5,500,40,,,,neal,6.0,,vary-stream,
1.8905079693590727,3.98012963604221,44.557319709176205,45.82020110135191,,,,0.1278911107953678,,,,rcgp,7,focused,0.5,500,40,,,,neal,7.0,,vary-stream,
1.8234904007531525,5.543454257806866,30.14327538074932,31.28129689540025,,,,0.1288743589690927,,,,rcgp,8,focused,0.5,500,40,,,,neal,8.0,,vary-stream,
1.824031367364649,3.758834432199464,36.46692165918606,37.6292911030128,,,,0.1266758825690688,,,,rcgp,9,focused,0.5,500,40,,,,neal,9.0,,vary-stream,
2.0308419538126734,4.142915206637893,43.02585054744218,44.39470232228953,,,,0.1285263738954318,,,,rcgp,0,focused,0.6,500,40,,,,neal,0.0,,vary-stream,
1.9725342210214551,4.84114536570516,31.589925261343208,32.637311821227335,,,,0.1276997743685648,,,,rcgp,1,focused,0.6,500,40,,,,neal,1.0,,vary-stream,
2.0642452744919964,7.159955004554215,40.24861501720066,41.28958459119896,,,,0.1283157883217031,,,,rcgp,2,focused,0.6,500,40,,,,neal,2.0,,vary-stream,
1.990068611901192,5.148397480600425,46.27781461202565,47.48143543269234,,,,0.1284521517252711,,,,rcgp,3,focused,0.6,500,40,,,,neal,3.0,,vary-stream,
1.926300050560097,7.00338096022024,55.14879300872372,56.16404793786407,,,,0.1288380042988928,,,,rcgp,4,focused,0.6,500,40,,,,neal,4.0,,vary-stream,
2.052861322956312,4.663686318640659,83.99203715920292,85.14296396002868,,,,0.128063719919579,,,,rcgp,5,focused,0.6,500,40,,,,neal,5.0,,vary-stream,
2.0045741763558023,4.9942507202444375,35.74897688601987,37.1459749949061,,,,0.1284039991847037,,,,rcgp,6,focused,0.6,500,40,,,,neal,6.0,,vary-stream,
1.9621486423916508,4.2874986981147645,28.27224207778347,29.57294752423615,,,,0.1277909765991828,,,,rcgp,7,focused,0.6,500,40,,,,neal,7.0,,vary-stream,
1.9835810065024264,6.559540043700944,51.60060795158816,52.67539541342882,,,,0.128361895685489,,,,rcgp,8,focused,0.6,500,40,,,,neal,8.0,,vary-stream,
1.9729864169952809,4.397813237951376,86.91179604049125,88.07061064239011,,,,0.1270570822627,,,,rcgp,9,focused,0.6,500,40,,,,neal,9.0,,vary-stream,
2.2110220774615184,4.9106609469856535,71.91905600483018,73.2892981508509,,,,0.1282333060415745,,,,rcgp,0,focused,0.7,500,40,,,,neal,0.0,,vary-stream,
2.130127227220423,5.645600172716415,49.19864177354821,50.1850931747968,,,,0.128188676266607,,,,rcgp,1,focused,0.7,500,40,,,,neal,1.0,,vary-stream,
2.2409075947953903,8.437923660724396,51.52021690019311,52.45637239684523,,,,0.1289103162454684,,,,rcgp,2,focused,0.7,500,40,,,,neal,2.0,,vary-stream,
2.1787735577265708,6.1710655716024885,58.41208271803424,59.5964802002275,,,,0.1283910266584312,,,,rcgp,3,focused,0.7,500,40,,,,neal,3.0,,vary-stream,
2.029066928953968,7.770565473594986,80.27487323606564,81.29292158104698,,,,0.1280867158050608,,,,rcgp,4,focused,0.7,500,40,,,,neal,4.0,,vary-stream,
2.2497763799382207,5.6012997305349845,54.45867481481585,55.57751704406878,,,,0.1277135844524626,,,,rcgp,5,focused,0.7,500,40,,,,neal,5.0,,vary-stream,
2.135381293701365,5.667309700400127,42.31374173041486,43.675883457428704,,,,0.1287230527731994,,,,rcgp,6,focused,0.7,500,40,,,,neal,6.0,,vary-stream,
2.1059204368722275,4.938830382410584,46.04240674940148,47.34253677158412,,,,0.1285200919601661,,,,rcgp,7,focused,0.7,500,40,,,,neal,7.0,,vary-stream,
2.1147528168740304,7.455773904781696,48.824257033950296,49.91105563747937,,,,0.1253851342683091,,,,rcgp,8,focused,0.7,500,40,,,,neal,8.0,,vary-stream,
2.1325273119584534,5.137807111499414,67.46764572381602,68.60298247538036,,,,0.1279096720163184,,,,rcgp,9,focused,0.7,500,40,,,,neal,9.0,,vary-stream,
2.3331856049836595,5.4683004450775,57.69274486142725,59.07937108571778,,,,0.1273991696349264,,,,rcgp,0,focused,0.8,500,40,,,,neal,0.0,,vary-stream,
2.2979547263521702,6.570251087594692,52.77466997909976,53.72194946863476,,,,0.1269349512016481,,,,rcgp,1,focused,0.8,500,40,,,,neal,1.0,,vary-stream,
2.362989959733174,9.382346062016175,77.89430133931907,78.77263283265512,,,,0.1273844280386465,,,,rcgp,2,focused,0.8,500,40,,,,neal,2.0,,vary-stream,
2.2915056129561826,6.826181320410267,41.85563231040418,43.03822951025053,,,,0.1270216220291331,,,,rcgp,3,focused,0.8,500,40,,,,neal,3.0,,vary-stream,
2.2245946149492224,9.340317565784746,74.82105108725132,75.73075489534999,,,,0.127837193798294,,,,rcgp,4,focused,0.8,500,40,,,,neal,4.0,,vary-stream,
2.376509045073114,6.250129994231426,79.29794513544104,80.39583033543758,,,,0.1274066438149337,,,,rcgp,5,focused,0.8,500,40,,,,neal,5.0,,vary-stream,
2.269861697796998,6.403609958359319,86.4367423826865,87.8143558364689,,,,0.1263251874226388,,,,rcgp,6,focused,0.8,500,40,,,,neal,6.0,,vary-stream,
2.3118438218072304,5.951921245355163,78.83146076700123,80.1187382797691,,,,0.1262655985951626,,,,rcgp,7,focused,0.8,500,40,,,,neal,7.0,,vary-stream,
2.271814830570749,8.604375718879522,40.0168067428745,41.0692725494224,,,,0.1263695538079406,,,,rcgp,8,focused,0.8,500,40,,,,neal,8.0,,vary-stream,
2.2866178356106457,5.90711961110461,44.9547165008556,46.06357724217275,,,,0.1277590222383404,,,,rcgp,9,focused,0.8,500,40,,,,neal,9.0,,vary-stream,
0.1022830643266856,0.0105089966306319,-1.7793521555869944,-0.4898882120301875,,,,0.1271928211992971,,,,rcgp,0,uniform,0.1,500,40,,,,neal,0.0,,vary-stream,
0.1002527199221857,0.0125052206446191,-1.7310631829035497,-0.4545917820326929,,,,0.1273286420062346,,,,rcgp,1,uniform,0.1,500,40,,,,neal,1.0,,vary-stream,
0.0954297465104193,0.0153022479702503,-1.7958469948710447,-0.4671712933813668,,,,0.1272067330833322,,,,rcgp,2,uniform,0.1,500,40,,,,neal,2.0,,vary-stream,
0.1061489555347065,0.0146476319775955,-1.833324724552812,-0.5658707572260617,,,,0.1270121413298234,,,,rcgp,3,uniform,0.1,500,40,,,,neal,3.0,,vary-stream,
0.1025382148640644,0.0198440989415544,-1.8764413214588271,-0.4796633331504356,,,,0.1272686239605283,,,,rcgp,4,uniform,0.1,500,40,,,,neal,4.0,,vary-stream,
0.0929097188789515,0.0095528376953423,-1.6186536832480956,-0.3061458476506884,,,,0.1272658914904636,,,,rcgp,5,uniform,0.1,500,40,,,,neal,5.0,,vary-stream,
0.0910650401254948,0.0103069328082655,-1.8434057379754385,-0.570730456391409,,,,0.1271650389358199,,,,rcgp,6,uniform,0.1,500,40,,,,neal,6.0,,vary-stream,
0.1004555965324441,0.0112379854801224,-1.7904686471109397,-0.5209720972944932,,,,0.1278222608759634,,,,rcgp,7,uniform,0.1,500,40,,,,neal,7.0,,vary-stream,
0.1062372907491866,0.0188160075680078,-1.769162851584814,-0.4909575120429857,,,,0.1264779042685404,,,,rcgp,8,uniform,0.1,500,40,,,,neal,8.0,,vary-stream,
0.1039334301487771,0.0122039132782312,-1.809550297291468,-0.5594935027805071,,,,0.1274019107096018,,,,rcgp,9,uniform,0.1,500,40,,,,neal,9.0,,vary-stream,
0.1037173937949833,0.0108058014159365,-1.7716088104770218,-0.4821448669202151,,,,0.1275687565794214,,,,rcgp,0,uniform,0.2,500,40,,,,neal,0.0,,vary-stream,
0.0844306703775776,0.0088695075097606,-1.7994505002505414,-0.5229790993796856,,,,0.1277436190993403,,,,rcgp,1,uniform,0.2,500,40,,,,neal,1.0,,vary-stream,
0.1132330530499745,0.0215443863827691,-1.775104005816823,-0.446428304327144,,,,0.1280668461771236,,,,rcgp,2,uniform,0.2,500,40,,,,neal,2.0,,vary-stream,
0.1015115786441349,0.0133957530487469,-1.8553314905208391,-0.5878775231940897,,,,0.1269051460321466,,,,rcgp,3,uniform,0.2,500,40,,,,neal,3.0,,vary-stream,
0.1272846459277737,0.030578199986058,-1.7547731319320006,-0.3579951436236082,,,,0.1254837753114533,,,,rcgp,4,uniform,0.2,500,40,,,,neal,4.0,,vary-stream,
0.1050272824634881,0.0122071523259827,-1.9511229140478423,-0.6386150784504342,,,,0.1270728217407494,,,,rcgp,5,uniform,0.2,500,40,,,,neal,5.0,,vary-stream,
0.111982913962227,0.0155858182265369,-1.6948784318517365,-0.4222031502677095,,,,0.1266733131437238,,,,rcgp,6,uniform,0.2,500,40,,,,neal,6.0,,vary-stream,
0.1138962896980224,0.0144463903660971,-1.8021162692824413,-0.532619719465995,,,,0.126992822460243,,,,rcgp,7,uniform,0.2,500,40,,,,neal,7.0,,vary-stream,
0.1234993222990372,0.0254274409385483,-1.68118590302745,-0.4029805634856183,,,,0.1270081000098877,,,,rcgp,8,uniform,0.2,500,40,,,,neal,8.0,,vary-stream,
0.1013741387592102,0.011610286767982,-1.9052988374219453,-0.6552420429109848,,,,0.1272679152822567,,,,rcgp,9,uniform,0.2,500,40,,,,neal,9.0,,vary-stream,
0.1182492532397872,0.0140459334044398,-1.938549794042513,-0.6490858504857049,,,,0.1272350151101937,,,,rcgp,0,uniform,0.3,500,40,,,,neal,0.0,,vary-stream,
0.1486323825945629,0.0274869093328027,-1.5338572358403504,-0.2573858349694947,,,,0.1269832335706071,,,,rcgp,1,uniform,0.3,500,40,,,,neal,1.0,,vary-stream,
0.1086830286639536,0.0198477444563404,-1.807066941993565,-0.4783912405038868,,,,0.1269004772715878,,,,rcgp,2,uniform,0.3,500,40,,,,neal,2.0,,vary-stream,
0.1201878463555271,0.0187783347006682,-1.7134906159710004,-0.4460366486442487,,,,0.1270543416941781,,,,rcgp,3,uniform,0.3,500,40,,,,neal,3.0,,vary-stream,
0.1314977411252985,0.032635965411893,-1.9401859109945228,-0.5434079226861287,,,,0.1269707341081179,,,,rcgp,4,uniform,0.3,500,40,,,,neal,4.0,,vary-stream,
0.1155662588456359,0.0147799245062059,-1.6598550165271124,-0.3473471809297038,,,,0.1270296256457779,,,,rcgp,5,uniform,0.3,500,40,,,,neal,5.0,,vary-stream,
0.1154976092425263,0.0165795243703001,-1.8951907353783413,-0.6225154537943138,,,,0.1272623831502405,,,,rcgp,6,uniform,0.3,500,40,,,,neal,6.0,,vary-stream,
0.1737212467095917,0.033608263034943,-1.7205862464941035,-0.4510896966776572,,,,0.1272282304378915,,,,rcgp,7,uniform,0.3,500,40,,,,neal,7.0,,vary-stream,
0.149974116977006,0.0374978297146372,-1.8009737354785609,-0.5227683959367302,,,,0.1279511890733493,,,,rcgp,8,uniform,0.3,500,40,,,,neal,8.0,,vary-stream,
0.1273554089874752,0.0183241307183779,-1.78873005823628,-0.5386732637253193,,,,0.1272738676482771,,,,rcgp,9,uniform,0.3,500,40,,,,neal,9.0,,vary-stream,
0.1201306881259555,0.0144964519699428,-1.8676204062324928,-0.5781564626756823,,,,0.1267921283927179,,,,rcgp,0,uniform,0.4,500,40,,,,neal,0.0,,vary-stream,
0.2104038015160138,0.0550815553647003,-1.5181462542262891,-0.2416748533554339,,,,0.1269172586034983,,,,rcgp,1,uniform,0.4,500,40,,,,neal,1.0,,vary-stream,
0.1963584506309063,0.0647868535139834,-1.604469952591548,-0.275794251101869,,,,0.1268668195774333,,,,rcgp,2,uniform,0.4,500,40,,,,neal,2.0,,vary-stream,
0.1543324059766399,0.0309635126107408,-1.6084776127974376,-0.3410236454706864,,,,0.1271543226523689,,,,rcgp,3,uniform,0.4,500,40,,,,neal,3.0,,vary-stream,
0.1749215223116628,0.0577492536285762,-1.665300994077456,-0.2685230057690645,,,,0.1272194323499444,,,,rcgp,4,uniform,0.4,500,40,,,,neal,4.0,,vary-stream,
0.1294009825609818,0.0185304196646711,-1.7171647220493036,-0.4046568864518973,,,,0.1265516655226035,,,,rcgp,5,uniform,0.4,500,40,,,,neal,5.0,,vary-stream,
0.1615554230688744,0.0324391271607618,-1.597692514882948,-0.3250172332989191,,,,0.1268600821039518,,,,rcgp,6,uniform,0.4,500,40,,,,neal,6.0,,vary-stream,
0.1421246240285744,0.0224946298061228,-1.7466142549463948,-0.4771177051299493,,,,0.1269024522828302,,,,rcgp,7,uniform,0.4,500,40,,,,neal,7.0,,vary-stream,
0.3082665522860563,0.1584259484593588,-1.2717167954349136,0.006488544106917,,,,0.1263859841856174,,,,rcgp,8,uniform,0.4,500,40,,,,neal,8.0,,vary-stream,
0.1815853852490819,0.0372520669668155,-1.4527938131040106,-0.2027370185930491,,,,0.1271447779879014,,,,rcgp,9,uniform,0.4,500,40,,,,neal,9.0,,vary-stream,
0.1873662147678393,0.0352643885206914,-1.720494434459819,-0.4310304909030092,,,,0.1275829744332915,,,,rcgp,0,uniform,0.5,500,40,,,,neal,0.0,,vary-stream,
0.2207054311548578,0.0606073187790999,-1.547099581842185,-0.2706281809713286,,,,0.1274195459225903,,,,rcgp,1,uniform,0.5,500,40,,,,neal,1.0,,vary-stream,
0.2113018720743226,0.0750229927267293,-1.563344589377811,-0.2346688878881316,,,,0.1265647347242085,,,,rcgp,2,uniform,0.5,500,40,,,,neal,2.0,,vary-stream,
0.4802691793920458,0.2998509325671851,-0.5178436793666196,0.7496102879601302,,,,0.1257328541807668,,,,rcgp,3,uniform,0.5,500,40,,,,neal,3.0,,vary-stream,
0.6046481933579994,0.6900259095411617,-0.0286206132850358,1.3681573750233569,,,,0.126846947988151,,,,rcgp,4,uniform,0.5,500,40,,,,neal,4.0,,vary-stream,
0.2056912626021892,0.0468211196682536,-1.690089175884889,-0.3775813402874814,,,,0.1271208389485052,,,,rcgp,5,uniform,0.5,500,40,,,,neal,5.0,,vary-stream,
0.3157291205748567,0.1238954502037587,-1.2638256294386705,0.0088496521453591,,,,0.1275319109402556,,,,rcgp,6,uniform,0.5,500,40,,,,neal,6.0,,vary-stream,
0.3587624319412047,0.1433356140623852,-1.1106303760798109,0.158866173736636,,,,0.1269350178241122,,,,rcgp,7,uniform,0.5,500,40,,,,neal,7.0,,vary-stream,
0.4258943177867619,0.3023968041441965,-0.7699604618589768,0.5082448776828531,,,,0.1283967650480285,,,,rcgp,8,uniform,0.5,500,40,,,,neal,8.0,,vary-stream,
0.4884625158430139,0.2695572862244615,-0.5591331670073796,0.6909236275035816,,,,0.1277802601891934,,,,rcgp,9,uniform,0.5,500,40,,,,neal,9.0,,vary-stream,
0.3685577937494108,0.1364473138389106,-0.975364525557694,0.3140994179991155,,,,0.1253173110181587,,,,rcgp,0,uniform,0.6,500,40,,,,neal,0.0,,vary-stream,
1.0898822550712313,1.4779447323898345,7.424395700026287,8.70086710089714,,,,0.1269378639889233,,,,rcgp,1,uniform,0.6,500,40,,,,neal,1.0,,vary-stream,
0.2715540143564466,0.1239082289481131,-1.3058126521461628,0.0228630493435182,,,,0.1273023198060084,,,,rcgp,2,uniform,0.6,500,40,,,,neal,2.0,,vary-stream,
0.2623502622195422,0.0894744370343878,-1.3523583921203557,-0.084904424793604,,,,0.1274851743643091,,,,rcgp,3,uniform,0.6,500,40,,,,neal,3.0,,vary-stream,
0.3838843122183881,0.2781381798949067,-1.0671382956563682,0.329639692652025,,,,0.127576105676227,,,,rcgp,4,uniform,0.6,500,40,,,,neal,4.0,,vary-stream,
0.5098051547356917,0.2876196489039914,0.3182570899126395,1.6307649255100471,,,,0.1279861131637438,,,,rcgp,5,uniform,0.6,500,40,,,,neal,5.0,,vary-stream,
0.3267794342360172,0.1327197366711033,-1.0735692273354691,0.1991060542485596,,,,0.1274751764393168,,,,rcgp,6,uniform,0.6,500,40,,,,neal,6.0,,vary-stream,
0.2368086221657494,0.0624503985876579,-1.4219115502684818,-0.1524150004520362,,,,0.1281374589028849,,,,rcgp,7,uniform,0.6,500,40,,,,neal,7.0,,vary-stream,
0.5820193753289782,0.5647397930702028,0.6243468657467827,1.9025522052886137,,,,0.1268049044681348,,,,rcgp,8,uniform,0.6,500,40,,,,neal,8.0,,vary-stream,
0.3238239419786092,0.1184694853919552,-1.119644282864391,0.1304125116465691,,,,0.1276838457156175,,,,rcgp,9,uniform,0.6,500,40,,,,neal,9.0,,vary-stream,
0.7094456268591224,0.5055824887194194,0.6715370580584743,1.9610010016152832,,,,0.1274926066601082,,,,rcgp,0,uniform,0.7,500,40,,,,neal,0.0,,vary-stream,
1.307791831131335,2.128022772872136,8.421058346188758,9.69752974705962,,,,0.1276344782799361,,,,rcgp,1,uniform,0.7,500,40,,,,neal,1.0,,vary-stream,
1.3471031003206977,3.0492242587273126,10.772464883886286,12.10114058537596,,,,0.128483550266221,,,,rcgp,2,uniform,0.7,500,40,,,,neal,2.0,,vary-stream,
0.639696728523952,0.5319664323238085,1.5062901944734874,2.77374416180024,,,,0.127484538888498,,,,rcgp,3,uniform,0.7,500,40,,,,neal,3.0,,vary-stream,
0.8610633154008644,1.3993619250239642,4.918077931960425,6.314855920268821,,,,0.1281711110926192,,,,rcgp,4,uniform,0.7,500,40,,,,neal,4.0,,vary-stream,
0.8453148451965989,0.7907643813958485,2.932439102469257,4.244946938066661,,,,0.127099476104258,,,,rcgp,5,uniform,0.7,500,40,,,,neal,5.0,,vary-stream,
1.036085512832248,1.3341887693955206,6.686768205295758,7.959443486879789,,,,0.127161125609469,,,,rcgp,6,uniform,0.7,500,40,,,,neal,6.0,,vary-stream,
0.7049960531512325,0.553494824096448,0.5212506240152168,1.7907471738316614,,,,0.1267983869183808,,,,rcgp,7,uniform,0.7,500,40,,,,neal,7.0,,vary-stream,
0.3719949390590175,0.2306999860208473,-0.8228976890463451,0.455307650495485,,,,0.1287715874597146,,,,rcgp,8,uniform,0.7,500,40,,,,neal,8.0,,vary-stream,
1.592710843234996,2.865909453387077,23.61593898850628,24.86599578301724,,,,0.1272997568973907,,,,rcgp,9,uniform,0.7,500,40,,,,neal,9.0,,vary-stream,
1.8912801640337809,3.593068746679005,33.246391378378306,34.535855321935124,,,,0.1273162340942729,,,,rcgp,0,uniform,0.8,500,40,,,,neal,0.0,,vary-stream,
2.1030281064168035,5.502869130636496,31.89036730443363,33.16683870530448,,,,0.1271318958100417,,,,rcgp,1,uniform,0.8,500,40,,,,neal,1.0,,vary-stream,
1.6074584043721702,4.341773686352581,19.599286059035304,20.92796176052499,,,,0.1281813682315101,,,,rcgp,2,uniform,0.8,500,40,,,,neal,2.0,,vary-stream,
2.0276000335097444,5.344419608754802,29.05252782870972,30.31998179603647,,,,0.1275885838802661,,,,rcgp,3,uniform,0.8,500,40,,,,neal,3.0,,vary-stream,
1.9791064411527568,7.392616606887579,30.55339787705583,31.9501758653642,,,,0.1286555880063173,,,,rcgp,4,uniform,0.8,500,40,,,,neal,4.0,,vary-stream,
2.215503551079445,5.431940547672744,30.259193712647765,31.5717015482452,,,,0.1301527114423073,,,,rcgp,5,uniform,0.8,500,40,,,,neal,5.0,,vary-stream,
1.852541559872506,4.2654219322141085,15.359421059532613,16.63209634111665,,,,0.1281405453641048,,,,rcgp,6,uniform,0.8,500,40,,,,neal,6.0,,vary-stream,
1.6827473006850209,3.153392264015959,16.582111716837634,17.851608266654093,,,,0.1280300431813963,,,,rcgp,7,uniform,0.8,500,40,,,,neal,7.0,,vary-stream,
1.4400398245481167,3.457184131326877,8.988074516656688,10.266279856198524,,,,0.127731209668918,,,,rcgp,8,uniform,0.8,500,40,,,,neal,8.0,,vary-stream,
1.8681293458341184,3.942779382257848,19.235735948629863,20.48579274314082,,,,0.1267446234756473,,,,rcgp,9,uniform,0.8,500,40,,,,neal,9.0,,vary-stream,
0.1062469988410721,0.015969703194801,-2.10774815030142,-0.8764276948769502,1.0,1.0,1.0,0.4579103553070403,0.0945289767949599,0.0065331978713283,0.1300457020355996,guardgp,0,asymmetric,0.1,500,40,376.0,34.0,[],neal,409.0,,fixed-stream,
0.1062469988410721,0.015969703194801,-2.10774815030142,-0.8764276948769502,1.0,1.0,1.0,0.4614282410804425,0.0945906706518777,0.0064462715628273,0.1300401979951066,guardgp,1,asymmetric,0.1,500,40,376.0,34.0,[],neal,409.0,,fixed-stream,
0.1062469988410721,0.015969703194801,-2.10774815030142,-0.8764276948769502,1.0,1.0,1.0,0.4638158120898246,0.0961061234904817,0.0065509684171284,0.1302273962368338,guardgp,2,asymmetric,0.1,500,40,376.0,34.0,[],neal,409.0,,fixed-stream,
0.1035255242095117,0.0151620658469496,-2.120133913121076,-0.8888134576966029,1.0,1.0,1.0,0.3599475331493126,0.0828393269962955,0.0065414464030333,0.078457190893064,guardgp,0,asymmetric,0.4,500,40,232.0,28.0,[],neal,409.0,,fixed-stream,
0.1035255242095117,0.0151620658469496,-2.120133913121076,-0.8888134576966029,1.0,1.0,1.0,0.3579153562263261,0.0819168315501883,0.0064891684577678,0.0771731263502379,guardgp,1,asymmetric,0.4,500,40,232.0,28.0,[],neal,409.0,,fixed-stream,
0.1035255242095117,0.0151620658469496,-2.120133913121076,-0.8888134576966029,1.0,1.0,1.0,0.3612899241093343,0.0831431162584087,0.0066481075760827,0.0794203519193536,guardgp,2,asymmetric,0.4,500,40,232.0,28.0,[],neal,409.0,,fixed-stream,
0.0864699689986237,0.0105777697271841,-2.243889573159804,-1.012569117735331,1.0,1.0,1.0,0.0864973992144729,0.0511019035121021,0.0052929488289088,0.0158016934975698,guardgp,0,asymmetric,0.8,500,40,51.0,9.0,[],neal,409.0,,fixed-stream,
0.0864699689986237,0.0105777697271841,-2.243889573159804,-1.012569117735331,1.0,1.0,1.0,0.0864655424780009,0.0510181095982577,0.0053663459054761,0.0157457370179421,guardgp,1,asymmetric,0.8,500,40,51.0,9.0,[],neal,409.0,,fixed-stream,
0.0864699689986237,0.0105777697271841,-2.243889573159804,-1.012569117735331,1.0,1.0,1.0,0.0876213435296212,0.0517532036452473,0.0053877788519932,0.0158376326789553,guardgp,2,asymmetric,0.8,500,40,51.0,9.0,[],neal,409.0,,fixed-stream,
0.1084881957402095,0.0166505458314009,-1.8912539925816152,-0.6917077144390107,0.9803921568627452,0.9615384615384616,1.0,0.4630236128476732,0.0981372776036353,0.0065736295452908,0.1258975244759906,guardgp,0,focused,0.1,500,40,356.0,52.0,[],neal,409.0,,fixed-stream,
0.1084881957402095,0.0166505458314009,-1.8912539925816152,-0.6917077144390107,0.9803921568627452,0.9615384615384616,1.0,0.4619953553470702,0.0984601472737267,0.006616788880859,0.1264372607060384,guardgp,1,focused,0.1,500,40,356.0,52.0,[],neal,409.0,,fixed-stream,
0.1084881957402095,0.0166505458314009,-1.8912539925816152,-0.6917077144390107,0.9803921568627452,0.9615384615384616,1.0,0.4642504367359873,0.0999925589143379,0.0067430800181287,0.1274837881362106,guardgp,2,focused,0.1,500,40,356.0,52.0,[],neal,409.0,,fixed-stream,
0.1123271135053477,0.0178497730882085,-1.770198369531111,-0.6957214664076553,1.0,1.0,1.0,0.3391276583779077,0.067755879717879,0.0061657863071836,0.0778152451106428,guardgp,0,focused,0.4,500,40,242.0,18.0,[],neal,409.0,,fixed-stream,
0.1123271135053477,0.0178497730882085,-1.770198369531111,-0.6957214664076553,1.0,1.0,1.0,0.3433051591855474,0.0673869091374597,0.0061597169564186,0.0775496064781454,guardgp,1,focused,0.4,500,40,242.0,18.0,[],neal,409.0,,fixed-stream,
0.1123271135053477,0.0178497730882085,-1.770198369531111,-0.6957214664076553,1.0,1.0,1.0,0.5871012482954109,0.0725450871117494,0.0064669370539891,0.311776337216345,guardgp,2,focused,0.4,500,40,242.0,18.0,[],neal,409.0,,fixed-stream,
0.0798713063349448,0.0090249556636794,-1.9539243769476309,-1.0488525097015624,1.0,1.0,1.0,0.1025166432120149,0.0570506334517394,0.0057994766393676,0.0208016350212425,guardgp,0,focused,0.8,500,40,57.0,3.0,[],neal,409.0,,fixed-stream,
0.0798713063349448,0.0090249556636794,-1.9539243769476309,-1.0488525097015624,1.0,1.0,1.0,0.0976198519904004,0.055757186466666,0.0064094256705847,0.0188055062291981,guardgp,1,focused,0.8,500,40,57.0,3.0,[],neal,409.0,,fixed-stream,
0.0798713063349448,0.0090249556636794,-1.9539243769476309,-1.0488525097015624,1.0,1.0,1.0,0.0910503688551809,0.0529581202578771,0.0053740280513327,0.0179847433489909,guardgp,2,focused,0.8,500,40,57.0,3.0,[],neal,409.0,,fixed-stream,
0.0999066860927695,0.014120582390706,-2.1139708250749703,-0.8826503696504981,1.0,1.0,1.0,0.5297995768436837,0.1096024822681615,0.0070340619498418,0.1394636472864279,guardgp,0,uniform,0.1,500,40,367.0,43.0,[],neal,409.0,,fixed-stream,
0.0999066860927695,0.014120582390706,-2.1139708250749703,-0.8826503696504981,1.0,1.0,1.0,0.4757483622676733,0.1014155538185783,0.0067101176524453,0.1275414931233567,guardgp,1,uniform,0.1,500,40,367.0,43.0,[],neal,409.0,,fixed-stream,
0.0999066860927695,0.014120582390706,-2.1139708250749703,-0.8826503696504981,1.0,1.0,1.0,0.5002912254143588,0.1079984348388793,0.0069729876248975,0.1345403327318111,guardgp,2,uniform,0.1,500,40,367.0,43.0,[],neal,409.0,,fixed-stream,
0.0952799937098003,0.012843013571222,-2.1768806441213333,-0.9455601886968616,0.9950248756218906,0.99009900990099,1.0,0.4145690758140636,0.0964527346735374,0.0073638417550524,0.0881082564339284,guardgp,0,uniform,0.4,500,40,226.0,32.0,[],neal,409.0,,fixed-stream,
0.0952799937098003,0.012843013571222,-2.1768806441213333,-0.9455601886968616,0.9950248756218906,0.99009900990099,1.0,0.4195094743804277,0.0968872863070472,0.0074397949704333,0.0889472215456645,guardgp,1,uniform,0.4,500,40,226.0,32.0,[],neal,409.0,,fixed-stream,
0.0952799937098003,0.012843013571222,-2.1768806441213333,-0.9455601886968616,0.9950248756218906,0.99009900990099,1.0,0.3813101390614579,0.0914730496689393,0.0070222838194635,0.081601756455316,guardgp,2,uniform,0.4,500,40,226.0,32.0,[],neal,409.0,,fixed-stream,
0.1081749002117199,0.0165545167790924,-2.0540134133590966,-0.8226929579346259,1.0,1.0,1.0,0.0916872195059271,0.0533787048366123,0.0055057786875809,0.0181744916556888,guardgp,0,uniform,0.8,500,40,56.0,4.0,[],neal,409.0,,fixed-stream,
0.1081749002117199,0.0165545167790924,-2.0540134133590966,-0.8226929579346259,1.0,1.0,1.0,0.0942414132346723,0.0544892149501601,0.0056333613389617,0.0184549696986442,guardgp,1,uniform,0.8,500,40,56.0,4.0,[],neal,409.0,,fixed-stream,
0.1081749002117199,0.0165545167790924,-2.0540134133590966,-0.8226929579346259,1.0,1.0,1.0,0.0905791731581658,0.0529179508347347,0.0054634521011789,0.0175273737429803,guardgp,2,uniform,0.8,500,40,56.0,4.0,[],neal,409.0,,fixed-stream,
0.0970008706445765,0.0133111251475504,-1.895413974797172,-0.6640935193727004,,,,0.1310810215806629,,,,rcgp,0,asymmetric,0.1,500,40,,,,neal,409.0,,fixed-stream,
0.0970015674963882,0.0133113164018131,-1.8954156608706425,-0.6640952054461714,,,,0.1285358328301378,,,,rcgp,1,asymmetric,0.1,500,40,,,,neal,409.0,,fixed-stream,
0.0970003974911641,0.0133109952891505,-1.895401910579172,-0.6640814551546995,,,,0.1299642314299252,,,,rcgp,2,asymmetric,0.1,500,40,,,,neal,409.0,,fixed-stream,
0.0970007883304474,0.0133111025561407,-1.8954005763989128,-0.6640801209744432,,,,0.1293650085521538,,,,rcgp,3,asymmetric,0.1,500,40,,,,neal,409.0,,fixed-stream,
0.0970013536873241,0.013311257720762,-1.8954130540854432,-0.6640925986609719,,,,0.1307194530533667,,,,rcgp,4,asymmetric,0.1,500,40,,,,neal,409.0,,fixed-stream,
0.0970007274465607,0.0133110858463506,-1.8954252472713264,-0.6641047918468554,,,,0.1299192935972393,,,,rcgp,5,asymmetric,0.1,500,40,,,,neal,409.0,,fixed-stream,
0.0970003571300829,0.0133109842119578,-1.895402279125287,-0.6640818237008139,,,,0.129573210522168,,,,rcgp,6,asymmetric,0.1,500,40,,,,neal,409.0,,fixed-stream,
0.0970005929242831,0.0133110489262905,-1.895407983189036,-0.6640875277645638,,,,0.1284704587305896,,,,rcgp,7,asymmetric,0.1,500,40,,,,neal,409.0,,fixed-stream,
0.0970002146841751,0.0133109451173834,-1.8953928259727244,-0.664072370548254,,,,0.1293302637033934,,,,rcgp,8,asymmetric,0.1,500,40,,,,neal,409.0,,fixed-stream,
0.0970001851580664,0.0133109370138889,-1.8954082119969395,-0.6640877565724675,,,,0.1309634767138682,,,,rcgp,9,asymmetric,0.1,500,40,,,,neal,409.0,,fixed-stream,
0.3657772637309806,0.1892765953487124,-0.8271702253660954,0.4041502300583756,,,,0.1307982343385684,,,,rcgp,0,asymmetric,0.4,500,40,,,,neal,409.0,,fixed-stream,
0.3657823958302198,0.1892819067399983,-0.8271379229861572,0.4041825324383141,,,,0.1283480508035332,,,,rcgp,1,asymmetric,0.4,500,40,,,,neal,409.0,,fixed-stream,
0.365776441750959,0.1892757446593965,-0.8271735074391354,0.4041469479853347,,,,0.1292830252129098,,,,rcgp,2,asymmetric,0.4,500,40,,,,neal,409.0,,fixed-stream,
0.3657739340799896,0.1892731494148214,-0.8271790186284266,0.4041414367960446,,,,0.1305424514651784,,,,rcgp,3,asymmetric,0.4,500,40,,,,neal,409.0,,fixed-stream,
0.3657773924818887,0.1892767285966763,-0.8271761354994487,0.4041443199250229,,,,0.1312453235226237,,,,rcgp,4,asymmetric,0.4,500,40,,,,neal,409.0,,fixed-stream,
0.365767169206459,0.1892661483851752,-0.8272168221266487,0.4041036332978227,,,,0.1298469050316666,,,,rcgp,5,asymmetric,0.4,500,40,,,,neal,409.0,,fixed-stream,
0.3657758743892068,0.1892751574825169,-0.8271705684887285,0.4041498869357426,,,,0.1308649961214067,,,,rcgp,6,asymmetric,0.4,500,40,,,,neal,409.0,,fixed-stream,
0.3657798788447021,0.1892793018132205,-0.8271572255091019,0.4041632299153694,,,,0.1297502681035953,,,,rcgp,7,asymmetric,0.4,500,40,,,,neal,409.0,,fixed-stream,
0.3657738306123525,0.18927304233424,-0.8271872795021946,0.4041331759222764,,,,0.1307911288914392,,,,rcgp,8,asymmetric,0.4,500,40,,,,neal,409.0,,fixed-stream,
0.3657705028672597,0.1892695984051232,-0.8271978329026368,0.4041226225218337,,,,0.1292689454124268,,,,rcgp,9,asymmetric,0.4,500,40,,,,neal,409.0,,fixed-stream,
2.9271698726220743,12.121583432601591,50.18191130897088,51.41323176439534,,,,0.1292406581974912,,,,rcgp,0,asymmetric,0.8,500,40,,,,neal,409.0,,fixed-stream,
2.927170188528716,12.12158604897788,50.1830728622004,51.41439331762487,,,,0.1301437479686801,,,,rcgp,1,asymmetric,0.8,500,40,,,,neal,409.0,,fixed-stream,
2.9271713259512184,12.12159546924833,50.184565338205495,51.41588579362997,,,,0.1291699191231442,,,,rcgp,2,asymmetric,0.8,500,40,,,,neal,409.0,,fixed-stream,
2.927169870278709,12.121583413193566,50.18455257248802,51.4158730279124,,,,0.1291410733677406,,,,rcgp,3,asymmetric,0.8,500,40,,,,neal,409.0,,fixed-stream,
2.927168632698548,12.121573163410568,50.18090979574547,51.41223025116991,,,,0.1284754607932763,,,,rcgp,4,asymmetric,0.8,500,40,,,,neal,409.0,,fixed-stream,
2.927170856480217,12.121591581032389,50.18329626872696,51.414616724151486,,,,0.1286873108651691,,,,rcgp,5,asymmetric,0.8,500,40,,,,neal,409.0,,fixed-stream,
2.9271696498796334,12.12158158782244,50.18313543093365,51.41445588635813,,,,0.129504964317438,,,,rcgp,6,asymmetric,0.8,500,40,,,,neal,409.0,,fixed-stream,
2.927169883461997,12.121583522379115,50.183911433810174,51.4152318892346,,,,0.1300939950337836,,,,rcgp,7,asymmetric,0.8,500,40,,,,neal,409.0,,fixed-stream,
2.9271697650132937,12.121582541372968,50.18463348197465,51.41595393739912,,,,0.1299601487952041,,,,rcgp,8,asymmetric,0.8,500,40,,,,neal,409.0,,fixed-stream,
2.927170621963729,12.121589638738538,50.18470347460903,51.41602393003351,,,,0.1297417280274321,,,,rcgp,9,asymmetric,0.8,500,40,,,,neal,409.0,,fixed-stream,
0.1286987800980248,0.0234321620742559,-1.605832423107166,-0.4062861449645641,,,,0.1299128390636052,,,,rcgp,0,focused,0.1,500,40,,,,neal,409.0,,fixed-stream,
0.1286990846404709,0.023432272970356,-1.605840605184066,-0.4062943270414624,,,,0.1297522526052173,,,,rcgp,1,focused,0.1,500,40,,,,neal,409.0,,fixed-stream,
0.1286998073065796,0.0234325361230756,-1.605821713708267,-0.4062754355656638,,,,0.1291046995902434,,,,rcgp,2,focused,0.1,500,40,,,,neal,409.0,,fixed-stream,
0.1286999353587882,0.0234325827523528,-1.6058274958914809,-0.4062812177488756,,,,0.1297660082143367,,,,rcgp,3,focused,0.1,500,40,,,,neal,409.0,,fixed-stream,
0.1287001751229153,0.0234326700608347,-1.6058241483905056,-0.4062778702479013,,,,0.1306382144558365,,,,rcgp,4,focused,0.1,500,40,,,,neal,409.0,,fixed-stream,
0.1286993300743641,0.0234323623428559,-1.6058328329636755,-0.4062865548210708,,,,0.1290514652045322,,,,rcgp,5,focused,0.1,500,40,,,,neal,409.0,,fixed-stream,
0.1286994668007455,0.0234324121305869,-1.6058278138270223,-0.4062815356844217,,,,0.1293950737580535,,,,rcgp,6,focused,0.1,500,40,,,,neal,409.0,,fixed-stream,
0.1286995314967114,0.0234324356890826,-1.6058307868948445,-0.4062845087522417,,,,0.1313423232995378,,,,rcgp,7,focused,0.1,500,40,,,,neal,409.0,,fixed-stream,
0.1286991316089858,0.0234322900734965,-1.605836982743378,-0.4062907046007765,,,,0.1304104057413971,,,,rcgp,8,focused,0.1,500,40,,,,neal,409.0,,fixed-stream,
0.1286985559038296,0.0234320804363392,-1.6058364991808065,-0.4062902210382031,,,,0.1294669017585439,,,,rcgp,9,focused,0.1,500,40,,,,neal,409.0,,fixed-stream,
1.5434133460962791,3.369985284961406,18.557881777812906,19.63235868093636,,,,0.1298781123731042,,,,rcgp,0,focused,0.4,500,40,,,,neal,409.0,,fixed-stream,
1.5434114953271754,3.36997720279609,18.55790911995579,19.632386023079253,,,,0.1309326921372026,,,,rcgp,1,focused,0.4,500,40,,,,neal,409.0,,fixed-stream,
1.5434131780887903,3.369984551285315,18.557750628467826,19.632227531591287,,,,0.1312639087225998,,,,rcgp,2,focused,0.4,500,40,,,,neal,409.0,,fixed-stream,
1.543412691939572,3.369982428308627,18.55750723253485,19.63198413565831,,,,0.1295401605919165,,,,rcgp,3,focused,0.4,500,40,,,,neal,409.0,,fixed-stream,
1.5434121395652631,3.369980016132817,18.557764008420016,19.632240911543484,,,,0.1283899165371068,,,,rcgp,4,focused,0.4,500,40,,,,neal,409.0,,fixed-stream,
1.543413525117379,3.3699860667331945,18.55819753680461,19.63267443992807,,,,0.129408597738644,,,,rcgp,5,focused,0.4,500,40,,,,neal,409.0,,fixed-stream,
1.5434127606453751,3.369982728341608,18.557852519243752,19.632329422367235,,,,0.1290880978795821,,,,rcgp,6,focused,0.4,500,40,,,,neal,409.0,,fixed-stream,
1.5434123675558222,3.3699810117498203,18.557581967509503,19.63205887063296,,,,0.1294581221452023,,,,rcgp,7,focused,0.4,500,40,,,,neal,409.0,,fixed-stream,
1.5434128571386383,3.369983149720319,18.557643245252173,19.632120148375623,,,,0.1292030322593232,,,,rcgp,8,focused,0.4,500,40,,,,neal,409.0,,fixed-stream,
1.543413314047024,3.3699851450047067,18.55782903983445,19.632305942957903,,,,0.1296861802668149,,,,rcgp,9,focused,0.4,500,40,,,,neal,409.0,,fixed-stream,
2.2515869766520384,7.172011179811234,50.66858855266926,51.573660419915385,,,,0.128904489342265,,,,rcgp,0,focused,0.8,500,40,,,,neal,409.0,,fixed-stream,
2.25158775015288,7.1720161074979645,50.66371761118142,51.56878947842742,,,,0.1299538658476313,,,,rcgp,1,focused,0.8,500,40,,,,neal,409.0,,fixed-stream,
2.2515869065120087,7.172010732975226,50.668410291967135,51.57348215921325,,,,0.1294099872567407,,,,rcgp,2,focused,0.8,500,40,,,,neal,409.0,,fixed-stream,
2.2515871419212568,7.172012232679934,50.66693935998452,51.57201122723064,,,,0.1310112993055752,,,,rcgp,3,focused,0.8,500,40,,,,neal,409.0,,fixed-stream,
2.2515876100123524,7.172015214714561,50.66419824490104,51.56927011214709,,,,0.1319082237466279,,,,rcgp,4,focused,0.8,500,40,,,,neal,409.0,,fixed-stream,
2.25158744746354,7.172014179176336,50.66806648343388,51.57313835068,,,,0.1308149720147333,,,,rcgp,5,focused,0.8,500,40,,,,neal,409.0,,fixed-stream,
2.2515872961537045,7.172013215237541,50.66580153922736,51.5708734064734,,,,0.1301497288691082,,,,rcgp,6,focused,0.8,500,40,,,,neal,409.0,,fixed-stream,
2.251586906209047,7.1720107310451695,50.66660105240261,51.57167291964869,,,,0.1326572466337972,,,,rcgp,7,focused,0.8,500,40,,,,neal,409.0,,fixed-stream,
2.251587330489812,7.172013433980129,50.6659484750333,51.57102034227941,,,,0.130573360871969,,,,rcgp,8,focused,0.8,500,40,,,,neal,409.0,,fixed-stream,
2.2515882620192094,7.1720193684092735,50.665602243077146,51.570674110323246,,,,0.1296817055528821,,,,rcgp,9,focused,0.8,500,40,,,,neal,409.0,,fixed-stream,
0.0934496396457967,0.0123543176594384,-1.7792089013515582,-0.5478884459270882,,,,0.130084424935099,,,,rcgp,0,uniform,0.1,500,40,,,,neal,409.0,,fixed-stream,
0.0934502573084716,0.0123544809736285,-1.7792060998123262,-0.5478856443878557,,,,0.1300059231732081,,,,rcgp,1,uniform,0.1,500,40,,,,neal,409.0,,fixed-stream,
0.0934503492251433,0.0123545052771107,-1.7791949429279152,-0.5478744875034414,,,,0.1303694650667476,,,,rcgp,2,uniform,0.1,500,40,,,,neal,409.0,,fixed-stream,
0.0934499803881952,0.0123544077539004,-1.779201582312094,-0.5478811268876225,,,,0.1293359436955222,,,,rcgp,3,uniform,0.1,500,40,,,,neal,409.0,,fixed-stream,
0.0934506919917206,0.0123545959074677,-1.7791888559586322,-0.547868400534161,,,,0.12948318649053,,,,rcgp,4,uniform,0.1,500,40,,,,neal,409.0,,fixed-stream,
0.0934497439710999,0.0123543452436786,-1.7792110459880044,-0.5478905905635336,,,,0.1294985772920367,,,,rcgp,5,uniform,0.1,500,40,,,,neal,409.0,,fixed-stream,
0.0934503295087823,0.0123545000639496,-1.779193701768303,-0.5478732463438315,,,,0.13032005637955,,,,rcgp,6,uniform,0.1,500,40,,,,neal,409.0,,fixed-stream,
0.0934503280812349,0.0123544996864949,-1.7791947176663327,-0.5478742622418621,,,,0.1298742219502025,,,,rcgp,7,uniform,0.1,500,40,,,,neal,409.0,,fixed-stream,
0.0934504557203302,0.0123545334352954,-1.779186320579068,-0.547865865154598,,,,0.1299663600587772,,,,rcgp,8,uniform,0.1,500,40,,,,neal,409.0,,fixed-stream,
0.0934505949775163,0.0123545702560649,-1.7791876089944358,-0.5478671535699653,,,,0.1308106680643623,,,,rcgp,9,uniform,0.1,500,40,,,,neal,409.0,,fixed-stream,
0.1411252382434721,0.0281755808570545,-1.5376504709586571,-0.3063300155341862,,,,0.1301220765605609,,,,rcgp,0,uniform,0.4,500,40,,,,neal,409.0,,fixed-stream,
0.1411250302230119,0.028175497794761,-1.53766251219184,-0.306342056767367,,,,0.1307836694531547,,,,rcgp,1,uniform,0.4,500,40,,,,neal,409.0,,fixed-stream,
0.1411247108861037,0.028175370284196,-1.537652197724732,-0.3063317423002613,,,,0.1294121387890418,,,,rcgp,2,uniform,0.4,500,40,,,,neal,409.0,,fixed-stream,
0.141125019075331,0.0281754933435103,-1.5376557358209229,-0.3063352803964532,,,,0.1284757439862005,,,,rcgp,3,uniform,0.4,500,40,,,,neal,409.0,,fixed-stream,
0.1411250455513036,0.0281755039153234,-1.5376441986428262,-0.3063237432183544,,,,0.1287895697675159,,,,rcgp,4,uniform,0.4,500,40,,,,neal,409.0,,fixed-stream,
0.1411255144375793,0.0281756911411838,-1.537640641558228,-0.3063201861337575,,,,0.1295472720496194,,,,rcgp,5,uniform,0.4,500,40,,,,neal,409.0,,fixed-stream,
0.1411252138773738,0.0281755711276974,-1.5376532417054227,-0.3063327862809532,,,,0.1298334062954856,,,,rcgp,6,uniform,0.4,500,40,,,,neal,409.0,,fixed-stream,
0.1411248918984684,0.0281754425620223,-1.5376582656189726,-0.3063378101945014,,,,0.1293825727771036,,,,rcgp,7,uniform,0.4,500,40,,,,neal,409.0,,fixed-stream,
0.141125204390685,0.0281755673396732,-1.5376539978169474,-0.3063335423924759,,,,0.1315067412772054,,,,rcgp,8,uniform,0.4,500,40,,,,neal,409.0,,fixed-stream,
0.1411250191710689,0.0281754933817383,-1.537666406317793,-0.3063459508933215,,,,0.1293492898896701,,,,rcgp,9,uniform,0.4,500,40,,,,neal,409.0,,fixed-stream,
1.4770106578121247,3.0862475634924174,10.102087504671015,11.333407960095489,,,,0.129063028282911,,,,rcgp,0,uniform,0.8,500,40,,,,neal,409.0,,fixed-stream,
1.4769596393588955,3.0860343587240595,10.100717875140882,11.332038330565345,,,,0.1298324844000213,,,,rcgp,1,uniform,0.8,500,40,,,,neal,409.0,,fixed-stream,
1.4770069335763123,3.0862319997601584,10.101817392581268,11.333137848005736,,,,0.1312985853038971,,,,rcgp,2,uniform,0.8,500,40,,,,neal,409.0,,fixed-stream,
1.477000393036178,3.086204666673081,10.101529161190731,11.3328496166152,,,,0.1312073048092829,,,,rcgp,3,uniform,0.8,500,40,,,,neal,409.0,,fixed-stream,
1.4769925148962944,3.086171743882612,10.101958758722594,11.333279214147067,,,,0.1297292956302914,,,,rcgp,4,uniform,0.8,500,40,,,,neal,409.0,,fixed-stream,
1.477039316951566,3.08636733250954,10.102540002661057,11.333860458085535,,,,0.129389750667463,,,,rcgp,5,uniform,0.8,500,40,,,,neal,409.0,,fixed-stream,
1.4770006530276625,3.086205753181936,10.10157072658598,11.33289118201046,,,,0.1303015555806822,,,,rcgp,6,uniform,0.8,500,40,,,,neal,409.0,,fixed-stream,
1.4769743941848512,3.086096017995017,10.100860644237194,11.332181099661664,,,,0.1301107249278373,,,,rcgp,7,uniform,0.8,500,40,,,,neal,409.0,,fixed-stream,
1.4770008746704213,3.086206679430964,10.101404491843551,11.332724947268025,,,,0.1305146087796184,,,,rcgp,8,uniform,0.8,500,40,,,,neal,409.0,,fixed-stream,
1.4770060684667408,3.0862283844378453,10.101658754615451,11.332979210039928,,,,0.1301355542913686,,,,rcgp,9,uniform,0.8,500,40,,,,neal,409.0,,fixed-stream,
0.2463109354780669,0.2710322319569302,0.6785873234522267,1.349444853993076,,,,0.2040798778350668,,,,rcgp,0,,,3406,1100,,,,franka,,franka1_labeled.csv,fixed-stream,
0.2479346677313581,0.2746174104806099,0.7325630998059535,1.403420630346799,,,,0.2099237003696255,,,,rcgp,1,,,3406,1100,,,,franka,,franka1_labeled.csv,fixed-stream,
0.2476423627543873,0.2739702664742193,0.724879977581968,1.3957375081228158,,,,0.2236761963789545,,,,rcgp,2,,,3406,1100,,,,franka,,franka1_labeled.csv,fixed-stream,
0.2429238600506587,0.2636294363279837,0.5865155964497976,1.2573731269906463,,,,0.2112367825580806,,,,rcgp,3,,,3406,1100,,,,franka,,franka1_labeled.csv,fixed-stream,
0.2466055670024251,0.2716810249116247,0.6895825259183925,1.3604400564592416,,,,0.2122443220066229,,,,rcgp,4,,,3406,1100,,,,franka,,franka1_labeled.csv,fixed-stream,
0.2485152857734923,0.275905124890355,0.7489605076978989,1.4198180382387475,,,,0.2183699299858403,,,,rcgp,5,,,3406,1100,,,,franka,,franka1_labeled.csv,fixed-stream,
0.2477153698019977,0.2741318277548439,0.7279798275824907,1.3988373581233398,,,,0.2053177537946216,,,,rcgp,6,,,3406,1100,,,,franka,,franka1_labeled.csv,fixed-stream,
0.2475639552271112,0.2737968072143717,0.722634368456877,1.3934918989977263,,,,0.2081926816099881,,,,rcgp,7,,,3406,1100,,,,franka,,franka1_labeled.csv,fixed-stream,
0.2476887822289464,0.2740729851496359,0.7264125052538185,1.3972700357946692,,,,0.2119712025240743,,,,rcgp,8,,,3406,1100,,,,franka,,franka1_labeled.csv,fixed-stream,
0.2476792372315972,0.2740518620653582,0.7252006446650426,1.396058175205888,,,,0.2149068249643159,,,,rcgp,9,,,3406,1100,,,,franka,,franka1_labeled.csv,fixed-stream,
0.3052865693086583,0.4745805793334935,0.4215248394171471,1.02768161444725,,,,0.2103500993401765,,,,rcgp,0,,,3406,1100,,,,franka,,franka2_labeled.csv,fixed-stream,
0.3134008635273964,0.5001438613070512,0.5059176328821805,1.1120744079122813,,,,0.2209436990497779,,,,rcgp,1,,,3406,1100,,,,franka,,franka2_labeled.csv,fixed-stream,
0.3115929293122736,0.4943900860649513,0.4867340233061965,1.0928907983363,,,,0.2097105180046215,,,,rcgp,2,,,3406,1100,,,,franka,,franka2_labeled.csv,fixed-stream,
0.2961603869723627,0.4466306291549328,0.3372152965447147,0.9433720715748158,,,,0.2244104876242342,,,,rcgp,3,,,3406,1100,,,,franka,,franka2_labeled.csv,fixed-stream,
0.306530221029981,0.4784550710061513,0.434144815923752,1.0403015909538522,,,,0.2091500732276535,,,,rcgp,4,,,3406,1100,,,,franka,,franka2_labeled.csv,fixed-stream,
0.3169245410641456,0.5114536771731243,0.5460776043321376,1.1522343793622398,,,,0.2100481805572341,,,,rcgp,5,,,3406,1100,,,,franka,,franka2_labeled.csv,fixed-stream,
0.3123494646105494,0.496793719608503,0.4954655797096959,1.1016223547397967,,,,0.2053837196204564,,,,rcgp,6,,,3406,1100,,,,franka,,franka2_labeled.csv,fixed-stream,
0.310363092528059,0.4904951375549129,0.4734851111027671,1.0796418861328705,,,,0.2072362128210214,,,,rcgp,7,,,3406,1100,,,,franka,,franka2_labeled.csv,fixed-stream,
0.3140552705171483,0.5022347256865395,0.5149640312337029,1.121120806263805,,,,0.2100397775771341,,,,rcgp,8,,,3406,1100,,,,franka,,franka2_labeled.csv,fixed-stream,
0.31160052689615,0.4944141958285987,0.4866752388019665,1.0928320138320673,,,,0.2032002530028197,,,,rcgp,9,,,3406,1100,,,,franka,,franka2_labeled.csv,fixed-stream,
0.2842784525346729,0.4967624173977054,-0.2962092733694354,0.1895575142479342,,,,0.2066598633181664,,,,rcgp,0,,,3406,1100,,,,franka,,franka3_labeled.csv,fixed-stream,
0.2892595025938606,0.5143232020175739,-0.2737258050567823,0.2120409825605878,,,,0.2044907446743893,,,,rcgp,1,,,3406,1100,,,,franka,,franka3_labeled.csv,fixed-stream,
0.288193994074562,0.5105410865089951,-0.2785206703188228,0.2072461172985478,,,,0.2021814614782959,,,,rcgp,2,,,3406,1100,,,,franka,,franka3_labeled.csv,fixed-stream,
0.2782918241021557,0.4760600537512452,-0.3205148810195795,0.1652519065977907,,,,0.3010828116471885,,,,rcgp,3,,,3406,1100,,,,franka,,franka3_labeled.csv,fixed-stream,
0.2861014819297417,0.503154152336888,-0.2882266993356408,0.1975400882817299,,,,0.2037725283101755,,,,rcgp,4,,,3406,1100,,,,franka,,franka3_labeled.csv,fixed-stream,
0.291150759628758,0.521070757829598,-0.2656180647901763,0.2201487228271943,,,,0.2073969788592291,,,,rcgp,5,,,3406,1100,,,,franka,,franka3_labeled.csv,fixed-stream,
0.2873018766898293,0.5073851732293024,-0.2822556903406039,0.2035110972767661,,,,0.2065450037513146,,,,rcgp,6,,,3406,1100,,,,franka,,franka3_labeled.csv,fixed-stream,
0.287931657872078,0.5096120425012384,-0.2796401437549994,0.206126643862372,,,,0.206172991535325,,,,rcgp,7,,,3406,1100,,,,franka,,franka3_labeled.csv,fixed-stream,
0.2864519758084667,0.504387703950562,-0.2860034117752152,0.1997633758421559,,,,0.2110338850652214,,,,rcgp,8,,,3406,1100,,,,franka,,franka3_labeled.csv,fixed-stream,
0.288869290586884,0.512936490653331,-0.2756854147508836,0.2100813728664868,,,,0.2062096547639096,,,,rcgp,9,,,3406,1100,,,,franka,,franka3_labeled.csv,fixed-stream,
0.4184942013044368,0.5178095744621771,1.554537965162433,2.356147884200396,,,,0.2062695520498458,,,,rcgp,0,,,3406,1100,,,,franka,,franka4_labeled.csv,fixed-stream,
0.4367038681139848,0.5638521806206271,1.9073658228541863,2.708975741892146,,,,0.2234481225582405,,,,rcgp,1,,,3406,1100,,,,franka,,franka4_labeled.csv,fixed-stream,
0.4223611666039324,0.527423101738201,1.5197542160927608,2.3213641351307275,,,,0.2119759291073013,,,,rcgp,2,,,3406,1100,,,,franka,,franka4_labeled.csv,fixed-stream,
0.4008689119419874,0.4751119364193283,1.4865041989682637,2.288114118006225,,,,0.2019748395407396,,,,rcgp,3,,,3406,1100,,,,franka,,franka4_labeled.csv,fixed-stream,
0.4209769175794302,0.5239716077118902,1.578852075267834,2.3804619943058007,,,,0.2007598520400154,,,,rcgp,4,,,3406,1100,,,,franka,,franka4_labeled.csv,fixed-stream,
0.4417016624521037,0.5768318798556377,2.03340606174594,2.835015980783908,,,,0.2070692489037761,,,,rcgp,5,,,3406,1100,,,,franka,,franka4_labeled.csv,fixed-stream,
0.4139048088112609,0.5065147901242074,1.6608519196600826,2.462461838698037,,,,0.210365960094795,,,,rcgp,6,,,3406,1100,,,,franka,,franka4_labeled.csv,fixed-stream,
0.4138749018317489,0.5064415956125622,1.6243254546244543,2.425935373662418,,,,0.2085991339434539,,,,rcgp,7,,,3406,1100,,,,franka,,franka4_labeled.csv,fixed-stream,
0.4203307150348683,0.5223642420742003,1.4513932092604978,2.2530031282984613,,,,0.2054082212215636,,,,rcgp,8,,,3406,1100,,,,franka,,franka4_labeled.csv,fixed-stream,
0.4289670699738853,0.5440503523130137,1.7094904622527884,2.511100381290755,,,,0.202216544139186,,,,rcgp,9,,,3406,1100,,,,franka,,franka4_labeled.csv,fixed-stream,
0.2164647911023393,0.3656373862383967,19.9656857080428,20.343463961936926,,,,0.203289092571498,,,,rcgp,0,,,3406,1100,,,,franka,,franka5_labeled.csv,fixed-stream,
0.217177302061707,0.3680483964138771,20.18172195643972,20.559500210333788,,,,0.2095789949929443,,,,rcgp,1,,,3406,1100,,,,franka,,franka5_labeled.csv,fixed-stream,
0.2170925916011065,0.3677613363164038,20.184107350768,20.561885604662063,,,,0.2032288281936222,,,,rcgp,2,,,3406,1100,,,,franka,,franka5_labeled.csv,fixed-stream,
0.2154332890854588,0.3621610048390755,19.68800139609292,20.065779649987,,,,0.200469492286333,,,,rcgp,3,,,3406,1100,,,,franka,,franka5_labeled.csv,fixed-stream,
0.2165478473022385,0.3659180256696946,20.02731130383981,20.40508955773384,,,,0.2023882169451351,,,,rcgp,4,,,3406,1100,,,,franka,,franka5_labeled.csv,fixed-stream,
0.2174850930604924,0.3690923568644554,20.208274856596493,20.58605311049051,,,,0.1997234944732947,,,,rcgp,5,,,3406,1100,,,,franka,,franka5_labeled.csv,fixed-stream,
0.2171448973554181,0.3679385726863982,20.191785308233243,20.56956356212729,,,,0.2020962408687055,,,,rcgp,6,,,3406,1100,,,,franka,,franka5_labeled.csv,fixed-stream,
0.2170558307074542,0.367636798757115,20.190143425477228,20.56792167937131,,,,0.2060716386573673,,,,rcgp,7,,,3406,1100,,,,franka,,franka5_labeled.csv,fixed-stream,
0.2171175773121117,0.3678459942697654,20.185116194788648,20.562894448682737,,,,0.2059833478082192,,,,rcgp,8,,,3406,1100,,,,franka,,franka5_labeled.csv,fixed-stream,
0.2170857236074043,0.3677380675114209,20.17893322348203,20.556711477376123,,,,0.2043006212262966,,,,rcgp,9,,,3406,1100,,,,franka,,franka5_labeled.csv,fixed-stream,
0.2407179898961859,0.792847523245047,25.39446053883691,25.443431128433403,,,,0.2035917538807445,,,,rcgp,0,,,3406,1100,,,,franka,,franka6_labeled.csv,fixed-stream,
0.2444224527621463,0.8174379068281385,27.20160835316292,27.25057894275936,,,,0.2043429642579706,,,,rcgp,1,,,3406,1100,,,,franka,,franka6_labeled.csv,fixed-stream,
0.2440719043391996,0.8150948644353186,27.05363247366617,27.1026030632627,,,,0.2045689610420489,,,,rcgp,2,,,3406,1100,,,,franka,,franka6_labeled.csv,fixed-stream,
0.2327728309802461,0.7413736640940832,24.211652586959904,24.2606231765564,,,,0.2003550150574864,,,,rcgp,3,,,3406,1100,,,,franka,,franka6_labeled.csv,fixed-stream,
0.2407559044244136,0.7930972994014795,25.52749298105927,25.576463570655697,,,,0.2054458563994488,,,,rcgp,4,,,3406,1100,,,,franka,,franka6_labeled.csv,fixed-stream,
0.2474010052832446,0.8374820307442138,28.76938134150041,28.818351931096945,,,,0.2035071329665608,,,,rcgp,5,,,3406,1100,,,,franka,,franka6_labeled.csv,fixed-stream,
0.2446651668795661,0.8190621620990367,27.37327281866876,27.42224340826529,,,,0.2033145614269255,,,,rcgp,6,,,3406,1100,,,,franka,,franka6_labeled.csv,fixed-stream,
0.2436757923272247,0.8124513248560432,26.88226947644484,26.93124006604136,,,,0.202885918975109,,,,rcgp,7,,,3406,1100,,,,franka,,franka6_labeled.csv,fixed-stream,
0.2445299016603543,0.818156761477054,27.25314772802264,27.30211831761915,,,,0.1990451760025063,,,,rcgp,8,,,3406,1100,,,,franka,,franka6_labeled.csv,fixed-stream,
0.2438730164364861,0.8137670060905655,26.944837052612304,26.99380764220888,,,,0.1996891548435453,,,,rcgp,9,,,3406,1100,,,,franka,,franka6_labeled.csv,fixed-stream,
0.0182484139244238,2.0984081535398595,0.6740774280189411,-2.1175640000403995,,,,0.2008301802347063,,,,rcgp,0,,,3406,1100,,,,franka,,franka7_labeled.csv,fixed-stream,
0.0180774397406854,2.059271283833971,0.6872899008686282,-2.1043515271907176,,,,0.199818255611314,,,,rcgp,1,,,3406,1100,,,,franka,,franka7_labeled.csv,fixed-stream,
0.0180866239276762,2.0613642280876183,0.6890285965058655,-2.102612831553484,,,,0.2026158490969217,,,,rcgp,2,,,3406,1100,,,,franka,,franka7_labeled.csv,fixed-stream,
0.0181781424114968,2.082278050622117,0.6587314858546096,-2.13290994220473,,,,0.2033399916749733,,,,rcgp,3,,,3406,1100,,,,franka,,franka7_labeled.csv,fixed-stream,
0.0181826101276993,2.0833017163406256,0.6780908998850477,-2.113550528174299,,,,0.2021056488901457,,,,rcgp,4,,,3406,1100,,,,franka,,franka7_labeled.csv,fixed-stream,
0.0181559073559757,2.077187183714656,0.6989250404779778,-2.092716387581361,,,,0.2037806183925457,,,,rcgp,5,,,3406,1100,,,,franka,,franka7_labeled.csv,fixed-stream,
0.0181058526604932,2.0657496227676004,0.6924813479090591,-2.099160080150288,,,,0.2019911484388151,,,,rcgp,6,,,3406,1100,,,,franka,,franka7_labeled.csv,fixed-stream,
0.0180718173217937,2.057990539941496,0.6842440320324634,-2.107397396026884,,,,0.2020747396882529,,,,rcgp,7,,,3406,1100,,,,franka,,franka7_labeled.csv,fixed-stream,
0.01813465659856,2.0723275017407263,0.6958230679366514,-2.0958183601226965,,,,0.2000305732416921,,,,rcgp,8,,,3406,1100,,,,franka,,franka7_labeled.csv,fixed-stream,
0.0180767044247268,2.0591037618547627,0.6872822189735879,-2.104359209085758,,,,0.2030899481349507,,,,rcgp,9,,,3406,1100,,,,franka,,franka7_labeled.csv,fixed-stream,
0.22472004617655728,0.22559900770920097,46.817937822661364,47.488795353202256,,,,0.20676887830325985,,,,rcgp,0,,,3406,1100,,,,franka,,franka1_labeled.csv,fixed-stream,tau
0.22594559357216387,0.22806639948526472,48.48857486901825,49.15943239955922,,,,0.2045796504902515,,,,rcgp,1,,,3406,1100,,,,franka,,franka1_labeled.csv,fixed-stream,tau
0.2267472773139844,0.22968768792314795,49.0154187901311,49.68627632067192,,,,0.2048176743880929,,,,rcgp,2,,,3406,1100,,,,franka,,franka1_labeled.csv,fixed-stream,tau
0.22839334576953868,0.23303462113684317,42.99800974151285,43.66886727205376,,,,0.2116406077597006,,,,rcgp,3,,,3406,1100,,,,franka,,franka1_labeled.csv,fixed-stream,tau
0.2259840963551448,0.2281441344756701,47.270614462773395,47.94147199331423,,,,0.20220773386953161,,,,rcgp,4,,,3406,1100,,,,franka,,franka1_labeled.csv,fixed-stream,tau
0.2261884423049129,0.22855691934677286,42.51032503126605,43.181182561807,,,,0.20765776070301703,,,,rcgp,5,,,3406,1100,,,,franka,,franka1_labeled.csv,fixed-stream,tau
0.22715538544023886,0.23051523274822258,48.855666628923885,49.52652415946473,,,,0.20261748417434894,,,,rcgp,6,,,3406,1100,,,,franka,,franka1_labeled.csv,fixed-stream,tau
0.2254989510783903,0.22716562100311158,48.40307165044691,49.07392918098779,,,,0.20344266164639976,,,,rcgp,7,,,3406,1100,,,,franka,,franka1_labeled.csv,fixed-stream,tau
0.22855314822827366,0.23336083496052198,49.66715803605759,50.33801556659844,,,,0.20826835697092735,,,,rcgp,8,,,3406,1100,,,,franka,,franka1_labeled.csv,fixed-stream,tau
0.22613319590753375,0.22844528318889387,48.324019887154904,48.99487741769576,,,,0.20887332807169018,,,,rcgp,9,,,3406,1100,,,,franka,,franka1_labeled.csv,fixed-stream,tau
0.27009520835010525,0.37147391629360926,103.13472968631551,103.74088646134543,,,,0.20424689231169832,,,,rcgp,0,,,3406,1100,,,,franka,,franka2_labeled.csv,fixed-stream,tau
0.287441184869067,0.42071941507832944,111.85454401789524,112.46070079292514,,,,0.21403099486264274,,,,rcgp,1,,,3406,1100,,,,franka,,franka2_labeled.csv,fixed-stream,tau
0.2771272356372408,0.39106863412341175,109.18560025344439,109.79175702847458,,,,0.20923607394863356,,,,rcgp,2,,,3406,1100,,,,franka,,franka2_labeled.csv,fixed-stream,tau
0.2592386523225291,0.34221108663961486,100.19523363823656,100.8013904132667,,,,0.2019209587839105,,,,rcgp,3,,,3406,1100,,,,franka,,franka2_labeled.csv,fixed-stream,tau
0.2682225228297502,0.36634059907690153,93.99868863390526,94.60484540893525,,,,0.2016372373287226,,,,rcgp,4,,,3406,1100,,,,franka,,franka2_labeled.csv,fixed-stream,tau
0.30299904890667784,0.46749513500888995,97.15338583402612,97.75954260905588,,,,0.20427820404506056,,,,rcgp,5,,,3406,1100,,,,franka,,franka2_labeled.csv,fixed-stream,tau
0.27543404827735046,0.3863045432712145,138.79997239049126,139.40612916552155,,,,0.20559375589420245,,,,rcgp,6,,,3406,1100,,,,franka,,franka2_labeled.csv,fixed-stream,tau
0.2773343571928525,0.3916534125368844,98.27584206664595,98.88199884167588,,,,0.2056105066505192,,,,rcgp,7,,,3406,1100,,,,franka,,franka2_labeled.csv,fixed-stream,tau
0.2725466412099115,0.37824764584120946,114.80361476192408,115.40977153695437,,,,0.20299749675062256,,,,rcgp,8,,,3406,1100,,,,franka,,franka2_labeled.csv,fixed-stream,tau
0.2766782292409325,0.3898024282318084,108.13284454662345,108.73900132165366,,,,0.20204413018261258,,,,rcgp,9,,,3406,1100,,,,franka,,franka2_labeled.csv,fixed-stream,tau
0.24742164668226174,0.3763017450842088,26.357543012492712,26.843309800110106,,,,0.2051577782926795,,,,rcgp,0,,,3406,1100,,,,franka,,franka3_labeled.csv,fixed-stream,tau
0.246793469181902,0.3743933897291535,29.658995033202526,30.144761820819976,,,,0.19972564377729093,,,,rcgp,1,,,3406,1100,,,,franka,,franka3_labeled.csv,fixed-stream,tau
0.2470810361154387,0.3752663940645494,29.618212346855586,30.103979134472905,,,,0.2064300565322068,,,,rcgp,2,,,3406,1100,,,,franka,,franka3_labeled.csv,fixed-stream,tau
0.24651896493656358,0.37356098991614156,24.467581809282375,24.9533485968998,,,,0.20408404209341688,,,,rcgp,3,,,3406,1100,,,,franka,,franka3_labeled.csv,fixed-stream,tau
0.24655709140503335,0.37367654826825486,26.5356925061838,27.02145929380122,,,,0.2057081466445381,,,,rcgp,4,,,3406,1100,,,,franka,,franka3_labeled.csv,fixed-stream,tau
0.24228260176100022,0.36083221461747655,28.331920616830136,28.817687404447476,,,,0.20527218090667546,,,,rcgp,5,,,3406,1100,,,,franka,,franka3_labeled.csv,fixed-stream,tau
0.2484558181877526,0.3794540468565449,29.975676079855514,30.46144286747286,,,,0.20334264114583905,,,,rcgp,6,,,3406,1100,,,,franka,,franka3_labeled.csv,fixed-stream,tau
0.24564553530401506,0.3709185869188133,29.369572301321664,29.85533908893902,,,,0.20486487403628315,,,,rcgp,7,,,3406,1100,,,,franka,,franka3_labeled.csv,fixed-stream,tau
0.25003139754172804,0.3842819122451534,30.111166619354893,30.596933406972294,,,,0.20358631810305053,,,,rcgp,8,,,3406,1100,,,,franka,,franka3_labeled.csv,fixed-stream,tau
0.24664281848592165,0.37393644562986983,29.567385105681705,30.053151893298946,,,,0.2050201740697049,,,,rcgp,9,,,3406,1100,,,,franka,,franka3_labeled.csv,fixed-stream,tau
0.411721614305647,0.5011855265489178,324.33488560020504,325.13649551924226,,,,0.20879664768203157,,,,rcgp,0,,,3406,1100,,,,franka,,franka4_labeled.csv,fixed-stream,tau
0.43629261170951955,0.5627906895292475,336.83712127205513,337.638731191092,,,,0.2133994240472085,,,,rcgp,1,,,3406,1100,,,,franka,,franka4_labeled.csv,fixed-stream,tau
0.42254650425025037,0.5278860837134036,302.3047365732029,303.10634649224113,,,,0.21041185287245792,,,,rcgp,2,,,3406,1100,,,,franka,,franka4_labeled.csv,fixed-stream,tau
0.4002126468090233,0.47355759202183023,293.1841084770833,293.98571839612225,,,,0.20986950155311238,,,,rcgp,3,,,3406,1100,,,,franka,,franka4_labeled.csv,fixed-stream,tau
0.4032010383291734,0.48065611360951405,279.9551249230086,280.7567348420476,,,,0.2070045747528869,,,,rcgp,4,,,3406,1100,,,,franka,,franka4_labeled.csv,fixed-stream,tau
0.4144183779830611,0.5077725274560083,293.40298612780356,294.20459604684123,,,,0.20607990037156343,,,,rcgp,5,,,3406,1100,,,,franka,,franka4_labeled.csv,fixed-stream,tau
0.4330251156986185,0.5543925170663875,297.30119630911463,298.1028062281527,,,,0.2040279308927277,,,,rcgp,6,,,3406,1100,,,,franka,,franka4_labeled.csv,fixed-stream,tau
0.4152951666014572,0.5099233979915481,296.4607848147584,297.2623947337976,,,,0.20388096303607162,,,,rcgp,7,,,3406,1100,,,,franka,,franka4_labeled.csv,fixed-stream,tau
0.43121238520939076,0.5497606345688021,315.5874949900895,316.3891049091276,,,,0.21883247680990356,,,,rcgp,8,,,3406,1100,,,,franka,,franka4_labeled.csv,fixed-stream,tau
0.4441867050580275,0.5833407262881658,310.58808771490305,311.3896976339408,,,,0.20343639760852467,,,,rcgp,9,,,3406,1100,,,,franka,,franka4_labeled.csv,fixed-stream,tau
0.1935401768820539,0.2922929427714391,150.10498647899905,150.48276473289326,,,,0.20391246420937104,,,,rcgp,0,,,3406,1100,,,,franka,,franka5_labeled.csv,fixed-stream,tau
0.19393146052396737,0.2934760052277973,159.90895234971592,160.2867306036102,,,,0.2070516282508791,,,,rcgp,1,,,3406,1100,,,,franka,,franka5_labeled.csv,fixed-stream,tau
0.19725432548716074,0.30361913124099427,163.4003145016425,163.77809275553673,,,,0.20185048223036148,,,,rcgp,2,,,3406,1100,,,,franka,,franka5_labeled.csv,fixed-stream,tau
0.18992341836252688,0.281470639114829,145.4079997006339,145.7857779545282,,,,0.2038622495759899,,,,rcgp,3,,,3406,1100,,,,franka,,franka5_labeled.csv,fixed-stream,tau
0.1942526485659751,0.29444891638371656,158.86020290250647,159.23798115640034,,,,0.2079694570730386,,,,rcgp,4,,,3406,1100,,,,franka,,franka5_labeled.csv,fixed-stream,tau
0.1954908234573406,0.29821453996545216,159.82775606385292,160.20553431774712,,,,0.21435119644217743,,,,rcgp,5,,,3406,1100,,,,franka,,franka5_labeled.csv,fixed-stream,tau
0.19568382392351882,0.2988036618013387,158.41052078619293,158.78829904008654,,,,0.21104561793496746,,,,rcgp,6,,,3406,1100,,,,franka,,franka5_labeled.csv,fixed-stream,tau
0.1976354095864613,0.3047934141373966,158.7871316947531,159.16490994864697,,,,0.20908494871202613,,,,rcgp,7,,,3406,1100,,,,franka,,franka5_labeled.csv,fixed-stream,tau
0.19507989971348122,0.29696215748239396,160.7612591058853,161.13903735977888,,,,0.20669664825023623,,,,rcgp,8,,,3406,1100,,,,franka,,franka5_labeled.csv,fixed-stream,tau
0.19702493830775827,0.3029133840785733,159.0999002764001,159.47767853029387,,,,0.21913334168332202,,,,rcgp,9,,,3406,1100,,,,franka,,franka5_labeled.csv,fixed-stream,tau
0.25276596891187664,0.874197947081191,1147.346817859142,1147.3957884487409,,,,0.2649495907356851,,,,rcgp,0,,,3406,1100,,,,franka,,franka6_labeled.csv,fixed-stream,tau
0.2682666762557193,0.9847047536964051,1021.5023917242356,1021.5513623138315,,,,0.2143684451693244,,,,rcgp,1,,,3406,1100,,,,franka,,franka6_labeled.csv,fixed-stream,tau
0.256431269660551,0.89973485043124,1087.5720932636764,1087.6210638532712,,,,0.22024334562217035,,,,rcgp,2,,,3406,1100,,,,franka,,franka6_labeled.csv,fixed-stream,tau
0.2406089614985178,0.7921294770466566,1177.7680983845473,1177.8170689741446,,,,0.21104665767120362,,,,rcgp,3,,,3406,1100,,,,franka,,franka6_labeled.csv,fixed-stream,tau
0.24839758732204112,0.8442427191912187,1129.309175672659,1129.358146262255,,,,0.2095758206308363,,,,rcgp,4,,,3406,1100,,,,franka,,franka6_labeled.csv,fixed-stream,tau
0.25830230075493477,0.9129124430072879,781.2133193054456,781.2622898950385,,,,0.21567618113809975,,,,rcgp,5,,,3406,1100,,,,franka,,franka6_labeled.csv,fixed-stream,tau
0.2524152923794625,0.8717739811372155,901.3253601603869,901.3743307499818,,,,0.22091637727992686,,,,rcgp,6,,,3406,1100,,,,franka,,franka6_labeled.csv,fixed-stream,tau
0.2490298014995314,0.8485456712006357,976.8856371772199,976.9346077668191,,,,0.21618869315577607,,,,rcgp,7,,,3406,1100,,,,franka,,franka6_labeled.csv,fixed-stream,tau
0.2463403776546174,0.8303167197847728,910.300427785201,910.3493983747966,,,,0.20433048939199897,,,,rcgp,8,,,3406,1100,,,,franka,,franka6_labeled.csv,fixed-stream,tau
0.26214319105865264,0.9402638537996763,1069.960033869781,1070.0090044593774,,,,0.21339964741216574,,,,rcgp,9,,,3406,1100,,,,franka,,franka6_labeled.csv,fixed-stream,tau
0.018917932419157294,2.255210358841471,100.00012615015429,97.2084847220953,,,,0.20799964024416345,,,,rcgp,0,,,3406,1100,,,,franka,,franka7_labeled.csv,fixed-stream,tau
0.015246749172453508,1.4648536235035805,63.239628103962794,60.44798667590355,,,,0.21344667786436683,,,,rcgp,1,,,3406,1100,,,,franka,,franka7_labeled.csv,fixed-stream,tau
0.015574502449553928,1.5285092844875112,63.856945252931624,61.06530382487209,,,,0.20866787428818223,,,,rcgp,2,,,3406,1100,,,,franka,,franka7_labeled.csv,fixed-stream,tau
0.019049728915401784,2.2867427881112556,102.56838373065439,99.77674230259498,,,,0.20792549832442134,,,,rcgp,3,,,3406,1100,,,,franka,,franka7_labeled.csv,fixed-stream,tau
0.018301083439497833,2.1105387022755266,95.16406916498015,92.37242773692078,,,,0.20380909331017702,,,,rcgp,4,,,3406,1100,,,,franka,,franka7_labeled.csv,fixed-stream,tau
0.015394037206790686,1.4932921500872698,53.60087757100765,50.80923614294829,,,,0.21450963130900078,,,,rcgp,5,,,3406,1100,,,,franka,,franka7_labeled.csv,fixed-stream,tau
0.01562897265055377,1.5392195850809136,61.2123882719618,58.42074684390248,,,,0.20937248706011505,,,,rcgp,6,,,3406,1100,,,,franka,,franka7_labeled.csv,fixed-stream,tau
0.015300821326731695,1.4752621695216113,62.100903308505885,59.3092618804465,,,,0.2058942939364008,,,,rcgp,7,,,3406,1100,,,,franka,,franka7_labeled.csv,fixed-stream,tau
0.01619217377996571,1.6521521150223244,65.62552791531735,62.83388648725802,,,,0.20114928101801702,,,,rcgp,8,,,3406,1100,,,,franka,,franka7_labeled.csv,fixed-stream,tau
0.015456376245228883,1.505410983236326,64.32757718933459,61.53593576127543,,,,0.205884596959107,,,,rcgp,9,,,3406,1100,,,,franka,,franka7_labeled.csv,fixed-stream,tau
0.525957907069226,0.27787902632350675,-0.5878357997722112,0.7016281437845983,,,,1.517258819560242,,,,olad,0,asymmetric,0.1,500,40,,,,neal,0,,vary-stream,
0.46679759061994863,0.2711166828117626,-0.7075465476759799,0.5689248531948764,,,,0.4178132891272822,,,,olad,0,asymmetric,0.1,500,40,,,,neal,1,,vary-stream,
0.4830331606777269,0.39205011710566856,-0.6999334928076683,0.6287422086820109,,,,0.42324791521304694,,,,olad,0,asymmetric,0.1,500,40,,,,neal,2,,vary-stream,
0.4331655382219127,0.24391795191380672,-0.738920760560869,0.5285332067658811,,,,0.4254008000039587,,,,olad,0,asymmetric,0.1,500,40,,,,neal,3,,vary-stream,
0.47619591083607354,0.4279876158385232,-0.7556972804689484,0.6410807078394443,,,,0.40580053042978526,,,,olad,0,asymmetric,0.1,500,40,,,,neal,4,,vary-stream,
0.5806473156842047,0.373108336130979,-0.42097265505463227,0.8915351805427758,,,,0.4814650500006594,,,,olad,0,asymmetric,0.1,500,40,,,,neal,5,,vary-stream,
0.5174303553076299,0.3327590568806031,-0.4274898625300112,0.8451854190540198,,,,0.45287323696159193,,,,olad,0,asymmetric,0.1,500,40,,,,neal,6,,vary-stream,
0.4650941245930725,0.2408917347581367,-0.6716652449378145,0.5978313048786309,,,,0.44795202609194623,,,,olad,0,asymmetric,0.1,500,40,,,,neal,7,,vary-stream,
0.49069674226749305,0.401420784014754,-0.5553187168711403,0.7228866226706906,,,,0.43750675652162224,,,,olad,0,asymmetric,0.1,500,40,,,,neal,8,,vary-stream,
0.4739132515339967,0.2537384582231627,-0.628562706603147,0.6214940879078132,,,,0.4294934826090036,,,,olad,0,asymmetric,0.1,500,40,,,,neal,9,,vary-stream,
0.7619189510333202,0.5831380000298154,-0.11861126957028635,1.1708526739865222,,,,0.4363475739133403,,,,olad,0,asymmetric,0.2,500,40,,,,neal,0,,vary-stream,
0.8696286497513854,0.9409503513243404,0.11619633691556736,1.3926677377864243,,,,0.4425431608741865,,,,olad,0,asymmetric,0.2,500,40,,,,neal,1,,vary-stream,
0.8852448184595345,1.3167838207475602,0.17500963903000813,1.5036853405196873,,,,0.4168615652183096,,,,olad,0,asymmetric,0.2,500,40,,,,neal,2,,vary-stream,
0.7872446503375399,0.8056666848813033,0.027259147736397468,1.2947131150631488,,,,0.47083825434326526,,,,olad,0,asymmetric,0.2,500,40,,,,neal,3,,vary-stream,
0.8053167538655438,1.2240336230340656,-0.013594434385144101,1.3831835539232489,,,,0.41620923477793165,,,,olad,0,asymmetric,0.2,500,40,,,,neal,4,,vary-stream,
0.8871103277647471,0.8708941588503927,0.33842956550739817,1.6509374011048086,,,,0.4279267086926468,,,,olad,0,asymmetric,0.2,500,40,,,,neal,5,,vary-stream,
0.8069922973291828,0.8094030883593749,0.0198323005429626,1.2925075821269918,,,,0.4132318869581112,,,,olad,0,asymmetric,0.2,500,40,,,,neal,6,,vary-stream,
0.8130588683417181,0.7361802719423735,0.044312932881081644,1.3138094826975284,,,,0.4297603521753563,,,,olad,0,asymmetric,0.2,500,40,,,,neal,7,,vary-stream,
0.8211985133613507,1.1242679089618997,0.043090912104633665,1.3212962516464644,,,,0.4130682565237689,,,,olad,0,asymmetric,0.2,500,40,,,,neal,8,,vary-stream,
0.7571057504345966,0.6475923071546397,-0.032087712511951305,1.2179690819990097,,,,0.4265912847862953,,,,olad,0,asymmetric,0.2,500,40,,,,neal,9,,vary-stream,
1.1282822004331368,1.2787606541003245,1.1066095529379132,2.396073496494721,,,,0.4043450608704639,,,,olad,0,asymmetric,0.3,500,40,,,,neal,0,,vary-stream,
1.1609407933698137,1.6769463716740036,0.7580104131712642,2.03448181404212,,,,0.42571019348542904,,,,olad,0,asymmetric,0.3,500,40,,,,neal,1,,vary-stream,
1.1920960740321604,2.3878674213803155,1.0900881093130759,2.4187638108027554,,,,0.42799355869647115,,,,olad,0,asymmetric,0.3,500,40,,,,neal,2,,vary-stream,
1.1122127994030144,1.6080951666539856,0.7001283878727076,1.9675823551994605,,,,0.42696146304123156,,,,olad,0,asymmetric,0.3,500,40,,,,neal,3,,vary-stream,
1.102650476707498,2.294751266368611,0.5223653352945913,1.9191433236029851,,,,0.40460482391411107,,,,olad,0,asymmetric,0.3,500,40,,,,neal,4,,vary-stream,
1.2360305068684805,1.6907075292947964,1.4769026265880827,2.78941046218549,,,,0.42742494565375283,,,,olad,0,asymmetric,0.3,500,40,,,,neal,5,,vary-stream,
1.1240010933225055,1.570216532408759,0.6878858011909506,1.96056108277498,,,,0.410813565213175,,,,olad,0,asymmetric,0.3,500,40,,,,neal,6,,vary-stream,
1.1366861008347733,1.4388691189392253,0.8188403731189731,2.0883369229354205,,,,0.40748769347967184,,,,olad,0,asymmetric,0.3,500,40,,,,neal,7,,vary-stream,
1.105396974368829,2.0370892100752984,0.8689660825080864,2.147171422049916,,,,0.3792204913027134,,,,olad,0,asymmetric,0.3,500,40,,,,neal,8,,vary-stream,
1.09954606839842,1.365889138293549,1.1106726332123242,2.3607294277232835,,,,0.4021545913059052,,,,olad,0,asymmetric,0.3,500,40,,,,neal,9,,vary-stream,
1.5451639591816195,2.398296815658353,2.3833699423214836,3.672833885878293,,,,0.4199207586956934,,,,olad,0,asymmetric,0.4,500,40,,,,neal,0,,vary-stream,
1.4831950689067626,2.737130956458904,1.4484658337159806,2.724937234586838,,,,0.4233575239081604,,,,olad,0,asymmetric,0.4,500,40,,,,neal,1,,vary-stream,
1.5216599986125283,3.8906569809169924,1.8107598297165808,3.1394355312062614,,,,0.4236989173912899,,,,olad,0,asymmetric,0.4,500,40,,,,neal,2,,vary-stream,
1.4639481017389762,2.7860398948825544,1.76727656252861,3.0347305298553624,,,,0.4291600434795407,,,,olad,0,asymmetric,0.4,500,40,,,,neal,3,,vary-stream,
1.4743571828594486,4.102657844498319,1.7992865250405017,3.196064513348893,,,,0.45077561087015533,,,,olad,0,asymmetric,0.4,500,40,,,,neal,4,,vary-stream,
1.5633176138001914,2.704609375589567,1.6531625600353326,2.9656703956327406,,,,0.4712781695675601,,,,olad,0,asymmetric,0.4,500,40,,,,neal,5,,vary-stream,
1.4381583065098968,2.570629376892487,2.3276828629218076,3.600358144505838,,,,0.561882034787192,,,,olad,0,asymmetric,0.4,500,40,,,,neal,6,,vary-stream,
1.387964413889099,2.1453435821194553,1.6216483923344336,2.8911449421508797,,,,0.4575372021740211,,,,olad,0,asymmetric,0.4,500,40,,,,neal,7,,vary-stream,
1.442099681509973,3.467081632627019,1.6739786402335426,2.9521839797753757,,,,0.43390457825728884,,,,olad,0,asymmetric,0.4,500,40,,,,neal,8,,vary-stream,
1.4529163405223215,2.3848979915510062,1.8784071677070642,3.128463962218021,,,,0.4599539586943929,,,,olad,0,asymmetric,0.4,500,40,,,,neal,9,,vary-stream,
1.8256070331848786,3.3478685052822614,3.9881862603933182,5.277650203950121,,,,0.4253322782618773,,,,olad,0,asymmetric,0.5,500,40,,,,neal,0,,vary-stream,
1.8380212213225826,4.203393741650677,2.767767545443244,4.044238946314099,,,,0.42082424564717297,,,,olad,0,asymmetric,0.5,500,40,,,,neal,1,,vary-stream,
1.879574724367942,5.936177621001384,3.8153940083262152,5.14406970981589,,,,0.4261568913099599,,,,olad,0,asymmetric,0.5,500,40,,,,neal,2,,vary-stream,
1.8318348966027513,4.36223065638775,2.9040031653090423,4.171457132635793,,,,0.41870999131155573,,,,olad,0,asymmetric,0.5,500,40,,,,neal,3,,vary-stream,
1.8022715581926358,6.130562682943997,2.495109730193125,3.891887718501518,,,,0.39127538043628546,,,,olad,0,asymmetric,0.5,500,40,,,,neal,4,,vary-stream,
1.8290614843283197,3.7022583073474595,2.6287985547393524,3.941306390336759,,,,0.5078851934740669,,,,olad,0,asymmetric,0.5,500,40,,,,neal,5,,vary-stream,
1.8216949643630902,4.124557799111666,2.646516301837183,3.919191583421216,,,,0.39621187173432426,,,,olad,0,asymmetric,0.5,500,40,,,,neal,6,,vary-stream,
1.7499634955499181,3.410343867315331,3.218288463270025,4.487785013086472,,,,0.38684198043483775,,,,olad,0,asymmetric,0.5,500,40,,,,neal,7,,vary-stream,
1.7107559166347777,4.87921108195425,3.584390631014587,4.862595970556416,,,,0.3950779956500375,,,,olad,0,asymmetric,0.5,500,40,,,,neal,8,,vary-stream,
1.7713109427191196,3.544689531753686,2.4703752755933523,3.720432070104314,,,,0.43590891739016946,,,,olad,0,asymmetric,0.5,500,40,,,,neal,9,,vary-stream,
2.1674708902073236,4.71911258310903,4.285082531128227,5.574546474685032,,,,0.4538090021726574,,,,olad,0,asymmetric,0.6,500,40,,,,neal,0,,vary-stream,
2.1226228344859353,5.605891584694022,5.63130575840369,6.907777159274546,,,,0.43521208695576363,,,,olad,0,asymmetric,0.6,500,40,,,,neal,1,,vary-stream,
2.2068876521933443,8.183670677180915,4.341690079482796,5.670365780972484,,,,0.4599112195691028,,,,olad,0,asymmetric,0.6,500,40,,,,neal,2,,vary-stream,
2.1428572642670796,5.969286952793775,4.958939754223635,6.226393721550372,,,,0.42607541087383416,,,,olad,0,asymmetric,0.6,500,40,,,,neal,3,,vary-stream,
2.1251341764418092,8.52378703513541,3.958643639861202,5.355421628169592,,,,0.4494133391310005,,,,olad,0,asymmetric,0.6,500,40,,,,neal,4,,vary-stream,
2.2159064745050387,5.4339164913469675,5.232502857004123,6.5450106926015295,,,,0.4348321478217891,,,,olad,0,asymmetric,0.6,500,40,,,,neal,5,,vary-stream,
2.1604634203555446,5.801227717112794,5.218138624093921,6.490813905677945,,,,0.4073221913052333,,,,olad,0,asymmetric,0.6,500,40,,,,neal,6,,vary-stream,
2.1004515172235965,4.913212135420244,5.055966824002264,6.3254633738187165,,,,0.4112997195672664,,,,olad,0,asymmetric,0.6,500,40,,,,neal,7,,vary-stream,
2.0560102664295696,7.047321154480574,5.527783787325825,6.805989126867654,,,,0.3876168347826182,,,,olad,0,asymmetric,0.6,500,40,,,,neal,8,,vary-stream,
2.1028319250553382,4.995715698823026,5.3043648897650595,6.554421684276026,,,,0.43861000217673235,,,,olad,0,asymmetric,0.6,500,40,,,,neal,9,,vary-stream,
2.506865057235986,6.3127080572429435,10.621588613945649,11.911052557502462,,,,0.4689142608660167,,,,olad,0,asymmetric,0.7,500,40,,,,neal,0,,vary-stream,
2.4969968754983127,7.7577365754941985,7.690846600936131,8.967318001806985,,,,0.5023034347766003,,,,olad,0,asymmetric,0.7,500,40,,,,neal,1,,vary-stream,
2.55087149652386,10.933642182513655,7.692295620706574,9.020971322196253,,,,0.3999253543477845,,,,olad,0,asymmetric,0.7,500,40,,,,neal,2,,vary-stream,
2.4993315107112912,8.120517350604057,8.655880398365381,9.92333436569214,,,,0.4043111478297404,,,,olad,0,asymmetric,0.7,500,40,,,,neal,3,,vary-stream,
2.4388335479110745,11.225978339608764,7.334218877667617,8.73099686597601,,,,0.3827232543461951,,,,olad,0,asymmetric,0.7,500,40,,,,neal,4,,vary-stream,
2.5377405049331836,7.126963425437759,6.570441582108908,7.8829494177063255,,,,0.38261058043249446,,,,olad,0,asymmetric,0.7,500,40,,,,neal,5,,vary-stream,
2.4916574307344628,7.716186983545765,7.82814714009055,9.10082242167458,,,,0.4085487869578292,,,,olad,0,asymmetric,0.7,500,40,,,,neal,6,,vary-stream,
2.4952888706626353,6.9339683005403625,8.629225874822128,9.898722424638581,,,,0.40587168043756444,,,,olad,0,asymmetric,0.7,500,40,,,,neal,7,,vary-stream,
2.3626131114356057,9.305907362355898,8.289610672028084,9.567816011569922,,,,0.39696570435373124,,,,olad,0,asymmetric,0.7,500,40,,,,neal,8,,vary-stream,
2.4379543936293278,6.714903034187135,10.764351917310886,12.014408711821861,,,,0.3980557565228082,,,,olad,0,asymmetric,0.7,500,40,,,,neal,9,,vary-stream,
2.8564249818188974,8.195952575652283,18.133826298286873,19.42329024184369,,,,0.4336463586973284,,,,olad,0,asymmetric,0.8,500,40,,,,neal,0,,vary-stream,
2.8432192115097794,10.058187344969971,13.842823368989842,15.119294769860677,,,,0.4263405434792968,,,,olad,0,asymmetric,0.8,500,40,,,,neal,1,,vary-stream,
2.8362478156008715,13.516867099503038,13.936794300564454,15.265470002054133,,,,0.43285139565104264,,,,olad,0,asymmetric,0.8,500,40,,,,neal,2,,vary-stream,
2.8735647966156024,10.734404546034826,15.77571992092072,17.043173888247484,,,,0.42306278043289913,,,,olad,0,asymmetric,0.8,500,40,,,,neal,3,,vary-stream,
2.7186091261947603,13.949332295801005,13.580193836943733,14.97697182525212,,,,0.4432057304375516,,,,olad,0,asymmetric,0.8,500,40,,,,neal,4,,vary-stream,
2.8990503607315388,9.300828288570072,12.951732391941938,14.264240227539341,,,,0.43711677390883386,,,,olad,0,asymmetric,0.8,500,40,,,,neal,5,,vary-stream,
2.882969860933856,10.330141792311123,22.579314522883184,23.851989804467244,,,,0.43441362391287996,,,,olad,0,asymmetric,0.8,500,40,,,,neal,6,,vary-stream,
2.7760375555231955,8.582046573200332,18.315965195374563,19.585461745191026,,,,0.43102136086931947,,,,olad,0,asymmetric,0.8,500,40,,,,neal,7,,vary-stream,
2.7175070101640233,12.311610052186325,17.30100604578969,18.579211385331547,,,,0.42629591304000275,,,,olad,0,asymmetric,0.8,500,40,,,,neal,8,,vary-stream,
2.7234215064702996,8.379504082575597,16.360817326398422,17.610874120909376,,,,0.4280584913035652,,,,olad,0,asymmetric,0.8,500,40,,,,neal,9,,vary-stream,
0.5990032403387642,0.36042269928219545,0.3318179587306174,1.6066654031437857,,,,0.4344654499974517,,,,olad,0,focused,0.1,500,40,,,,neal,0,,vary-stream,
0.5605830806866361,0.39100202123302996,0.20168011595105143,1.4503168231376196,,,,0.43236026087232976,,,,olad,0,focused,0.1,500,40,,,,neal,1,,vary-stream,
0.6094256025403229,0.624063935733692,0.6386085495695706,1.903432827344559,,,,0.4432024478260048,,,,olad,0,focused,0.1,500,40,,,,neal,2,,vary-stream,
0.5580744798302127,0.4048743796265188,0.24063728310058957,1.4938514927830255,,,,0.4336114217395611,,,,olad,0,focused,0.1,500,40,,,,neal,3,,vary-stream,
0.5575002977563049,0.5866108431833749,0.20729833465053324,1.5634470173257768,,,,0.4127802956566523,,,,olad,0,focused,0.1,500,40,,,,neal,4,,vary-stream,
0.5419674829717551,0.3250547883457506,0.013381986580702334,1.2982898087749348,,,,0.43583774348245125,,,,olad,0,focused,0.1,500,40,,,,neal,5,,vary-stream,
0.5743257565076838,0.40996111429703375,0.6496116556692731,1.9400499637846438,,,,0.439416441298343,,,,olad,0,focused,0.1,500,40,,,,neal,6,,vary-stream,
0.5482964147560284,0.33478886490764204,0.374359362905039,1.6481796947285212,,,,0.4788553543498299,,,,olad,0,focused,0.1,500,40,,,,neal,7,,vary-stream,
0.5580359002053418,0.5191558882478952,0.16697775223439637,1.4259329510835943,,,,0.6886277652207038,,,,olad,0,focused,0.1,500,40,,,,neal,8,,vary-stream,
0.5619740003143294,0.3567968720361622,0.39912457909747534,1.6370651561855125,,,,0.4562106695669607,,,,olad,0,focused,0.1,500,40,,,,neal,9,,vary-stream,
0.9362641849692313,0.8805430884405284,3.6933562289363593,5.004207630773145,,,,0.42897151956624485,,,,olad,0,focused,0.2,500,40,,,,neal,0,,vary-stream,
0.9929442430152554,1.2267293468059712,4.185117002651446,5.393950553747208,,,,0.4499321673906904,,,,olad,0,focused,0.2,500,40,,,,neal,1,,vary-stream,
1.0154168507781387,1.7325127020468927,3.737845691684697,4.93175012092378,,,,0.43278278478638915,,,,olad,0,focused,0.2,500,40,,,,neal,2,,vary-stream,
0.9700146567080806,1.2231861701565658,2.959262825222229,4.212333152542909,,,,0.4341222086978909,,,,olad,0,focused,0.2,500,40,,,,neal,3,,vary-stream,
0.9144665195893513,1.5783215944470737,2.56500027475311,3.80719133268374,,,,0.4193030369566733,,,,olad,0,focused,0.2,500,40,,,,neal,4,,vary-stream,
1.0011983304162255,1.1093033906959915,4.098342551662589,5.361349223485122,,,,0.4400339673931898,,,,olad,0,focused,0.2,500,40,,,,neal,5,,vary-stream,
0.9196150692769259,1.05108596419975,2.234824889612437,3.5336224401595153,,,,0.413822758697358,,,,olad,0,focused,0.2,500,40,,,,neal,6,,vary-stream,
0.9749362312595171,1.058504267340848,4.1479964729617915,5.415557208265138,,,,0.43795353912687657,,,,olad,0,focused,0.2,500,40,,,,neal,7,,vary-stream,
0.8876951874601021,1.3137152344247103,1.8448504316747611,3.078868755509382,,,,0.4173498934782717,,,,olad,0,focused,0.2,500,40,,,,neal,8,,vary-stream,
0.9019852516021478,0.9191522705413798,2.879429585480148,4.093658407995859,,,,0.44262531087240303,,,,olad,0,focused,0.2,500,40,,,,neal,9,,vary-stream,
1.2784442424303561,1.6417891250757328,5.116957628082472,6.461866885942917,,,,0.4358106543488406,,,,olad,0,focused,0.3,500,40,,,,neal,0,,vary-stream,
1.2424752599800504,1.9207663131704582,9.106562411891137,10.248522468950362,,,,0.4271273304371077,,,,olad,0,focused,0.3,500,40,,,,neal,1,,vary-stream,
1.2803545394460318,2.754534309120011,5.570897573806047,6.714123798378682,,,,0.45671613043732184,,,,olad,0,focused,0.3,500,40,,,,neal,2,,vary-stream,
1.2959656814608167,2.1833480445512863,9.028815989460746,10.26843997905124,,,,0.4362586347823431,,,,olad,0,focused,0.3,500,40,,,,neal,3,,vary-stream,
1.2366383896483975,2.8863256437389273,4.857977465363909,6.070969658193456,,,,0.4591647130481484,,,,olad,0,focused,0.3,500,40,,,,neal,4,,vary-stream,
1.2544484522116353,1.7414689961925796,6.359683441862867,7.586593034244828,,,,0.4284212521705068,,,,olad,0,focused,0.3,500,40,,,,neal,5,,vary-stream,
1.2540659037479969,1.9546400748105799,6.027209090578384,7.324149985475339,,,,0.3962354369555808,,,,olad,0,focused,0.3,500,40,,,,neal,6,,vary-stream,
1.2770631500107676,1.8162053034593044,7.917672104640571,9.172725630035366,,,,0.40748651738439273,,,,olad,0,focused,0.3,500,40,,,,neal,7,,vary-stream,
1.195621529939565,2.3832025737835223,5.299293000334195,6.498130404826374,,,,0.4073327565255686,,,,olad,0,focused,0.3,500,40,,,,neal,8,,vary-stream,
1.2278727262308111,1.7033162792198848,6.942891697965847,8.156378661161781,,,,0.40595276738673897,,,,olad,0,focused,0.3,500,40,,,,neal,9,,vary-stream,
1.5665596307498886,2.4651744228841483,9.432183541914412,10.785846623245678,,,,0.40146397391451855,,,,olad,0,focused,0.4,500,40,,,,neal,0,,vary-stream,
1.521335821608012,2.8797130422635595,13.022835899711351,14.126671280256593,,,,0.4715065173909154,,,,olad,0,focused,0.4,500,40,,,,neal,1,,vary-stream,
1.5639476886107986,4.109908375693688,9.24214138448483,10.36999068681533,,,,0.5285372934810332,,,,olad,0,focused,0.4,500,40,,,,neal,2,,vary-stream,
1.5211876049344857,3.0081641090065436,11.429495798520236,12.651062817462826,,,,0.5498223369574154,,,,olad,0,focused,0.4,500,40,,,,neal,3,,vary-stream,
1.4493044544439895,3.964415204545082,6.196210304119,7.346822341347094,,,,0.39557058478195634,,,,olad,0,focused,0.4,500,40,,,,neal,4,,vary-stream,
1.5158327038159072,2.5428026323032737,11.604296306937155,12.804660258723107,,,,0.3737312543465953,,,,olad,0,focused,0.4,500,40,,,,neal,5,,vary-stream,
1.5152341568646701,2.853550625081452,8.259856323357251,9.587269572191875,,,,0.3784908108687175,,,,olad,0,focused,0.4,500,40,,,,neal,6,,vary-stream,
1.5019703423576871,2.512250302677276,11.093123376150166,12.365328476331577,,,,0.3752606565245989,,,,olad,0,focused,0.4,500,40,,,,neal,7,,vary-stream,
1.4557473870623485,3.5330155093378934,7.865116489021119,9.047762591763576,,,,0.36850917391427135,,,,olad,0,focused,0.4,500,40,,,,neal,8,,vary-stream,
1.4231196346601505,2.288081094509872,6.449010662396771,7.662646308532987,,,,0.3696256586962314,,,,olad,0,focused,0.4,500,40,,,,neal,9,,vary-stream,
1.7520834194019186,3.0836377303470943,10.527194245532993,11.873459060252976,,,,0.3731418804344013,,,,olad,0,focused,0.5,500,40,,,,neal,0,,vary-stream,
1.7254004422617177,3.7040670594112934,12.773079161145144,13.823943540302745,,,,0.37112271304225863,,,,olad,0,focused,0.5,500,40,,,,neal,1,,vary-stream,
1.8317581633993152,5.637985651880943,15.350333989710418,16.421706551981245,,,,0.3702209891343955,,,,olad,0,focused,0.5,500,40,,,,neal,2,,vary-stream,
1.7371858504708615,3.923092389665246,14.229303636332373,15.44011782724076,,,,0.37279107391045924,,,,olad,0,focused,0.5,500,40,,,,neal,3,,vary-stream,
1.6926085691596813,5.40720642602673,11.837353135978475,13.01333541516589,,,,0.371179628263749,,,,olad,0,focused,0.5,500,40,,,,neal,4,,vary-stream,
1.7746004496377552,3.4850682012724823,18.135865043243196,19.3180920738556,,,,0.37312566304456635,,,,olad,0,focused,0.5,500,40,,,,neal,5,,vary-stream,
1.7375282098371814,3.7522330720512116,16.61085218158284,17.93355757539511,,,,0.3822338586953423,,,,olad,0,focused,0.5,500,40,,,,neal,6,,vary-stream,
1.7520185913746062,3.4183585473675016,13.853212270577098,15.116093662752805,,,,0.3705324282671664,,,,olad,0,focused,0.5,500,40,,,,neal,7,,vary-stream,
1.6976008353308107,4.804460928607511,10.595799248609621,11.733820763260507,,,,0.38667449999870174,,,,olad,0,focused,0.5,500,40,,,,neal,8,,vary-stream,
1.727159291393949,3.37018218075874,13.483394508979693,14.645763952806401,,,,0.3704759913054421,,,,olad,0,focused,0.5,500,40,,,,neal,9,,vary-stream,
1.9382973539463946,3.77393657551615,16.92191179092074,18.290763565768046,,,,0.37058488478183077,,,,olad,0,focused,0.6,500,40,,,,neal,0,,vary-stream,
1.9282057767727478,4.626001719961582,15.194341600868036,16.241728160752157,,,,0.3700901413021316,,,,olad,0,focused,0.6,500,40,,,,neal,1,,vary-stream,
2.034932742651873,6.958054313332673,18.44449029512703,19.485459869125346,,,,0.37254141956825904,,,,olad,0,focused,0.6,500,40,,,,neal,2,,vary-stream,
1.915126833287179,4.767942968134665,18.851338615208267,20.054959435875,,,,0.37646314347353915,,,,olad,0,focused,0.6,500,40,,,,neal,3,,vary-stream,
1.8781962692759737,6.657969881026026,20.627193637553724,21.642448566694057,,,,0.37077656086931593,,,,olad,0,focused,0.6,500,40,,,,neal,4,,vary-stream,
2.0063377923067445,4.454697462976277,28.367522799774623,29.51844960060026,,,,0.37094308260313247,,,,olad,0,focused,0.6,500,40,,,,neal,5,,vary-stream,
1.9603746242146278,4.776438856711291,18.570451365809127,19.967449474695314,,,,0.3723484391309245,,,,olad,0,focused,0.6,500,40,,,,neal,6,,vary-stream,
1.9000496308385273,4.020407580407092,12.621491848710217,13.922197295162883,,,,0.3688240239131593,,,,olad,0,focused,0.6,500,40,,,,neal,7,,vary-stream,
1.889103509024994,5.949562276920021,18.617633816516644,19.692421278357298,,,,0.38276055869494524,,,,olad,0,focused,0.6,500,40,,,,neal,8,,vary-stream,
1.9129755098718553,4.134351638337459,32.31433748200539,33.47315208390437,,,,0.37883768043526367,,,,olad,0,focused,0.6,500,40,,,,neal,9,,vary-stream,
2.1559405654063406,4.669037474307239,28.032266072973602,29.402508218994296,,,,0.38174985434718267,,,,olad,0,focused,0.7,500,40,,,,neal,0,,vary-stream,
2.1240207860803166,5.613278055416678,23.194515689762333,24.18096709101091,,,,0.392196167392641,,,,olad,0,focused,0.7,500,40,,,,neal,1,,vary-stream,
2.2100766745241844,8.207339090625254,24.768106929237018,25.704262425889173,,,,0.3967208304343133,,,,olad,0,focused,0.7,500,40,,,,neal,2,,vary-stream,
2.130079995706378,5.8983127523775485,26.688379850339455,27.87277733253274,,,,0.401260647824687,,,,olad,0,focused,0.7,500,40,,,,neal,3,,vary-stream,
2.0351596678616515,7.817301346689358,33.14189061863764,34.15993896361898,,,,0.4549271826086308,,,,olad,0,focused,0.7,500,40,,,,neal,4,,vary-stream,
2.199695316395313,5.354700283336545,25.938992664013227,27.0578348932661,,,,0.3912422260802249,,,,olad,0,focused,0.7,500,40,,,,neal,5,,vary-stream,
2.1051015719927113,5.507724258557231,21.62900573544951,22.99114746246341,,,,0.3810466978235206,,,,olad,0,focused,0.7,500,40,,,,neal,6,,vary-stream,
2.099600970304633,4.909233875208869,23.10128598479018,24.401416006972738,,,,0.3755222652177073,,,,olad,0,focused,0.7,500,40,,,,neal,7,,vary-stream,
2.103857959682244,7.379149960290048,23.585649472328846,24.67244807585793,,,,0.37314248913152487,,,,olad,0,focused,0.7,500,40,,,,neal,8,,vary-stream,
2.0970745264832615,4.968397346342776,31.05586828820595,32.19120503977035,,,,0.37507856738913053,,,,olad,0,focused,0.7,500,40,,,,neal,9,,vary-stream,
2.3260200553188195,5.434764142236173,32.500709888820175,33.88733611311079,,,,0.37434093260937673,,,,olad,0,focused,0.8,500,40,,,,neal,0,,vary-stream,
2.318410773427518,6.687746505897976,31.153527217706465,32.10080670724146,,,,0.3765833826037124,,,,olad,0,focused,0.8,500,40,,,,neal,1,,vary-stream,
2.385436800709295,9.561444858968295,39.43758169062007,40.3159131839561,,,,0.38923671304276114,,,,olad,0,focused,0.8,500,40,,,,neal,2,,vary-stream,
2.285102042912647,6.7880833520892185,26.99162932377919,28.174226523625563,,,,0.38159211521617736,,,,olad,0,focused,0.8,500,40,,,,neal,3,,vary-stream,
2.2137468638045523,9.249447612295189,34.25168632076126,35.161390128859885,,,,0.38054254131091747,,,,olad,0,focused,0.8,500,40,,,,neal,4,,vary-stream,
2.3811664240700345,6.274651464258129,38.34761455680143,39.445499756797894,,,,0.3741537782606547,,,,olad,0,focused,0.8,500,40,,,,neal,5,,vary-stream,
2.2782125099225543,6.45081434224542,47.292047545650966,48.669660999433304,,,,0.3763861630432075,,,,olad,0,focused,0.8,500,40,,,,neal,6,,vary-stream,
2.2991965426428176,5.8869776659141975,40.73737116986291,42.02464868263084,,,,0.378329547825358,,,,olad,0,focused,0.8,500,40,,,,neal,7,,vary-stream,
2.2407760364640072,8.370866352409147,21.671474060722826,22.723939867270712,,,,0.3829919934777654,,,,olad,0,focused,0.8,500,40,,,,neal,8,,vary-stream,
2.2651095645571564,5.796515737560203,29.171025021553962,30.2798857628711,,,,0.3806084543453914,,,,olad,0,focused,0.8,500,40,,,,neal,9,,vary-stream,
0.29936111126502146,0.09002114986996686,-0.9865415105066996,0.3029224330501085,,,,0.3808714782597077,,,,olad,0,uniform,0.1,500,40,,,,neal,0,,vary-stream,
0.3850255281831502,0.18444975437483968,-0.8313299082198321,0.44514149265102493,,,,0.38374732391631644,,,,olad,0,uniform,0.1,500,40,,,,neal,1,,vary-stream,
0.3652855564311738,0.22420882133255676,-0.8881533579998057,0.44052234348987396,,,,0.38064134565185825,,,,olad,0,uniform,0.1,500,40,,,,neal,2,,vary-stream,
0.33610798784392515,0.146856656755994,-0.9818550378728103,0.285598929453941,,,,0.3845972021736088,,,,olad,0,uniform,0.1,500,40,,,,neal,3,,vary-stream,
0.29687261931659603,0.16634132924562373,-1.0789759995251125,0.31780198878328014,,,,0.38363662825640465,,,,olad,0,uniform,0.1,500,40,,,,neal,4,,vary-stream,
0.3494153577439878,0.1351120508011035,-0.8450818308124018,0.4674260047850061,,,,0.38643121304472594,,,,olad,0,uniform,0.1,500,40,,,,neal,5,,vary-stream,
0.29751472571704113,0.11001274747148576,-1.001779995886765,0.2708952856972645,,,,0.3845080043506839,,,,olad,0,uniform,0.1,500,40,,,,neal,6,,vary-stream,
0.3299739093195091,0.12125492764384994,-0.9583277431736326,0.31116880664281404,,,,0.39347158913385455,,,,olad,0,uniform,0.1,500,40,,,,neal,7,,vary-stream,
0.3110062660128116,0.1612544779364742,-0.9855999208096194,0.29260541873221124,,,,0.38149700434903777,,,,olad,0,uniform,0.1,500,40,,,,neal,8,,vary-stream,
0.39606563359282504,0.177224154279018,-0.8088421571705255,0.44121463734043587,,,,0.37642188260930276,,,,olad,0,uniform,0.1,500,40,,,,neal,9,,vary-stream,
0.4956572831585781,0.24678387288516598,-0.5813389917001178,0.708124951856691,,,,0.3764212956530568,,,,olad,0,uniform,0.2,500,40,,,,neal,0,,vary-stream,
0.49022715846483156,0.299015544110298,-0.584573243888033,0.6918981569828242,,,,0.394503358691746,,,,olad,0,uniform,0.2,500,40,,,,neal,1,,vary-stream,
0.5779897692257496,0.5613425941665872,-0.526050515897169,0.8026251855925116,,,,0.38883320869543875,,,,olad,0,uniform,0.2,500,40,,,,neal,2,,vary-stream,
0.4526585872580935,0.26636520735727975,-0.6242029747471467,0.6432509925796038,,,,0.38360373695784644,,,,olad,0,uniform,0.2,500,40,,,,neal,3,,vary-stream,
0.4854101520196707,0.4447107104841988,-0.6854010381880801,0.7113769501203124,,,,0.42640708478480205,,,,olad,0,uniform,0.2,500,40,,,,neal,4,,vary-stream,
0.5778114586442541,0.3694727450951005,-0.4593267965159647,0.8531810390814442,,,,0.38489313695248234,,,,olad,0,uniform,0.2,500,40,,,,neal,5,,vary-stream,
0.4214641135611537,0.22077367223255856,-0.6186889102719194,0.65398637131211,,,,0.37496328260876116,,,,olad,0,uniform,0.2,500,40,,,,neal,6,,vary-stream,
0.5799122448052025,0.374511148704745,-0.3730413084931743,0.8964552413232726,,,,0.3741029065207366,,,,olad,0,uniform,0.2,500,40,,,,neal,7,,vary-stream,
0.4276068799383639,0.30483362712666934,-0.6598092379912737,0.6183961015505566,,,,0.37054953477902175,,,,olad,0,uniform,0.2,500,40,,,,neal,8,,vary-stream,
0.4801721358317488,0.2604848686574889,-0.6747970132967426,0.5752597812142187,,,,0.37088258043735073,,,,olad,0,uniform,0.2,500,40,,,,neal,9,,vary-stream,
0.5768689568534878,0.3342782570414313,-0.4219960423527727,0.8674679012040365,,,,0.37105219130551076,,,,olad,0,uniform,0.3,500,40,,,,neal,0,,vary-stream,
0.6289278350074555,0.4921535961471018,-0.3112942693958324,0.9651771314750238,,,,0.37092262609012716,,,,olad,0,uniform,0.3,500,40,,,,neal,1,,vary-stream,
0.6096304378735424,0.6244835171439826,-0.4452337596524765,0.8834419418372036,,,,0.36770675217311416,,,,olad,0,uniform,0.3,500,40,,,,neal,2,,vary-stream,
0.5670168539114439,0.41795344113702554,-0.41083941569319493,0.8566145516335556,,,,0.37134673478684144,,,,olad,0,uniform,0.3,500,40,,,,neal,3,,vary-stream,
0.6265062352091384,0.7408165470331738,-0.5093312668096569,0.887446721498736,,,,0.3706611021698336,,,,olad,0,uniform,0.3,500,40,,,,neal,4,,vary-stream,
0.6584301545859677,0.4797660712871585,-0.3549916180675573,0.9575162175298501,,,,0.36850173696027766,,,,olad,0,uniform,0.3,500,40,,,,neal,5,,vary-stream,
0.6158588406328208,0.4713987628856036,-0.4385459490326701,0.83412933255136,,,,0.36780490652587183,,,,olad,0,uniform,0.3,500,40,,,,neal,6,,vary-stream,
0.6557697814668434,0.4788979664023999,-0.30946065271536205,0.9600358971010844,,,,0.3673604913036916,,,,olad,0,uniform,0.3,500,40,,,,neal,7,,vary-stream,
0.6310341540008266,0.6638641806270199,-0.36988203661567753,0.9083233029261545,,,,0.5050576891295825,,,,olad,0,uniform,0.3,500,40,,,,neal,8,,vary-stream,
0.6441715067831113,0.4688043292348974,-0.35479105619902274,0.8952657383119379,,,,0.5325030586944827,,,,olad,0,uniform,0.3,500,40,,,,neal,9,,vary-stream,
0.8057594830213359,0.6521757439829583,-0.10200867607107991,1.1874552674857297,,,,0.5330603891232623,,,,olad,0,uniform,0.4,500,40,,,,neal,0,,vary-stream,
0.651043633275498,0.5273746169906997,-0.2675993507589073,1.0088720501119486,,,,0.5349294891303821,,,,olad,0,uniform,0.4,500,40,,,,neal,1,,vary-stream,
0.7227525070356257,0.8777420579027763,-0.2593598386387732,1.0693158628509056,,,,0.5340082217393818,,,,olad,0,uniform,0.4,500,40,,,,neal,2,,vary-stream,
0.6858898119538034,0.6115678876427518,-0.22700996393143733,1.0404440033953128,,,,0.5333321521744516,,,,olad,0,uniform,0.4,500,40,,,,neal,3,,vary-stream,
0.6438621300935535,0.782430268948533,-0.3594598520168771,1.0373181362915151,,,,0.5360061065205272,,,,olad,0,uniform,0.4,500,40,,,,neal,4,,vary-stream,
0.7780269904891775,0.6698837359174002,-0.1795666543712491,1.132941181226159,,,,0.5326645608716796,,,,olad,0,uniform,0.4,500,40,,,,neal,5,,vary-stream,
0.598647197657296,0.4454182281529956,-0.29602730481097655,0.9766479767730523,,,,0.5325677978243735,,,,olad,0,uniform,0.4,500,40,,,,neal,6,,vary-stream,
0.7168922580903819,0.5723319271661107,-0.20150761270449982,1.0679889371119462,,,,0.5320866652175976,,,,olad,0,uniform,0.4,500,40,,,,neal,7,,vary-stream,
0.6810759202507758,0.7733294639123635,-0.2619700492982984,1.0162352902435319,,,,0.485087784782872,,,,olad,0,uniform,0.4,500,40,,,,neal,8,,vary-stream,
0.6578762543801336,0.48896414449802333,-0.19526554541393779,1.054791249097022,,,,0.38713513043583825,,,,olad,0,uniform,0.4,500,40,,,,neal,9,,vary-stream,
0.8844357663570512,0.7857536108302287,-0.05597452292027259,1.2334894206365365,,,,0.4138048195628748,,,,olad,0,uniform,0.5,500,40,,,,neal,0,,vary-stream,
0.7918754155620824,0.7802122249750392,-0.10380192707111467,1.172669473799743,,,,0.3733142282647389,,,,olad,0,uniform,0.5,500,40,,,,neal,1,,vary-stream,
0.7723275190884359,1.0022838075958889,-0.18335665635036164,1.1453190451393183,,,,0.3670192043421633,,,,olad,0,uniform,0.5,500,40,,,,neal,2,,vary-stream,
0.9386131076824269,1.1452734658739208,0.058739843378967406,1.3261938107057174,,,,0.3685102347805261,,,,olad,0,uniform,0.5,500,40,,,,neal,3,,vary-stream,
0.7656605143102446,1.1064514967713037,-0.24206107285912729,1.154716915449265,,,,0.37208752390775457,,,,olad,0,uniform,0.5,500,40,,,,neal,4,,vary-stream,
0.8009819679099204,0.7099954823204361,-0.15602220934557662,1.1564856262518313,,,,0.376885926087435,,,,olad,0,uniform,0.5,500,40,,,,neal,5,,vary-stream,
0.820804214487567,0.8373465468506401,-0.09261086363295372,1.1800644179510758,,,,0.3787449391339855,,,,olad,0,uniform,0.5,500,40,,,,neal,6,,vary-stream,
0.8026317591350451,0.7174189981888257,-0.11330272298306514,1.156193826833383,,,,0.3773493434773232,,,,olad,0,uniform,0.5,500,40,,,,neal,7,,vary-stream,
0.7301240506243979,0.8887238076811521,-0.15083345999359163,1.1273718795482388,,,,0.39309710869217623,,,,olad,0,uniform,0.5,500,40,,,,neal,8,,vary-stream,
0.7798574021982096,0.6870984817800206,-0.09166171419433809,1.1583950803166227,,,,0.37751977826068783,,,,olad,0,uniform,0.5,500,40,,,,neal,9,,vary-stream,
0.9631640300484658,0.9318677926511284,0.08232823587535747,1.3717921794321657,,,,0.37303524782739417,,,,olad,0,uniform,0.6,500,40,,,,neal,0,,vary-stream,
0.8954152666688002,0.9975806581595762,-0.005326760363293885,1.2711446405075617,,,,0.370770447823262,,,,olad,0,uniform,0.6,500,40,,,,neal,1,,vary-stream,
0.9163967126805809,1.4110900844506886,-0.0301470450119755,1.2985286564777039,,,,0.3694185478272392,,,,olad,0,uniform,0.6,500,40,,,,neal,2,,vary-stream,
0.8299409034034084,0.8954272516928701,-0.05270306271694227,1.2147509046098077,,,,0.3705952304343278,,,,olad,0,uniform,0.6,500,40,,,,neal,3,,vary-stream,
0.8289340056737337,1.296879996267482,-0.15574301655817638,1.2410349717502152,,,,0.3703483152212752,,,,olad,0,uniform,0.6,500,40,,,,neal,4,,vary-stream,
0.8184351960335937,0.7412738881499817,-0.10678559553778526,1.2057222400596235,,,,0.3722496543480741,,,,olad,0,uniform,0.6,500,40,,,,neal,5,,vary-stream,
0.8540809901460984,0.9066176913786536,0.010618832240309678,1.2832941138243397,,,,0.3717969130498798,,,,olad,0,uniform,0.6,500,40,,,,neal,6,,vary-stream,
0.7289636847546742,0.5917686847177068,-0.10160206090367306,1.167894488912775,,,,0.3678045369546769,,,,olad,0,uniform,0.6,500,40,,,,neal,7,,vary-stream,
0.8565687173870039,1.2232012733229873,-0.049983616160685,1.2282217233811452,,,,0.36937402608442504,,,,olad,0,uniform,0.6,500,40,,,,neal,8,,vary-stream,
0.8538382459515889,0.8236444948077537,0.07839086071779311,1.3284476552287532,,,,0.3672843369555346,,,,olad,0,uniform,0.6,500,40,,,,neal,9,,vary-stream,
0.983660405595964,0.9719505555698158,0.1365239591681528,1.4259879027249616,,,,0.37069092609074333,,,,olad,0,uniform,0.7,500,40,,,,neal,0,,vary-stream,
0.9366326092952365,1.0915347800040902,0.05817702164180175,1.3346484225126587,,,,0.3723013934770437,,,,olad,0,uniform,0.7,500,40,,,,neal,1,,vary-stream,
0.9206192407776095,1.4241239480255001,0.06952956965224871,1.3982052711419282,,,,0.36714326956628257,,,,olad,0,uniform,0.7,500,40,,,,neal,2,,vary-stream,
0.8777924097681871,1.0016583407050552,0.019256291188847193,1.2867102585155976,,,,0.36966798478438845,,,,olad,0,uniform,0.7,500,40,,,,neal,3,,vary-stream,
0.8421880397791102,1.3386838318847296,-0.1392824857499639,1.257495502558427,,,,0.36895245869780646,,,,olad,0,uniform,0.7,500,40,,,,neal,4,,vary-stream,
0.8813413221254494,0.8596038905890381,-0.020591212855334683,1.2919166227420746,,,,0.36981594130338635,,,,olad,0,uniform,0.7,500,40,,,,neal,5,,vary-stream,
0.9046278948356772,1.017105561572691,0.061848849835223825,1.3345241314192542,,,,0.37707927391317714,,,,olad,0,uniform,0.7,500,40,,,,neal,6,,vary-stream,
0.8612642127107019,0.8260626691187603,0.01065310211973637,1.2801496519361817,,,,0.3688446304374299,,,,olad,0,uniform,0.7,500,40,,,,neal,7,,vary-stream,
0.7278516760825905,0.8832004430563083,-0.11367037022254356,1.1645349693192861,,,,0.3713975391292479,,,,olad,0,uniform,0.7,500,40,,,,neal,8,,vary-stream,
1.060600228569218,1.2708433603171545,0.21921770558373901,1.4692745000946996,,,,0.3815257195642714,,,,olad,0,uniform,0.7,500,40,,,,neal,9,,vary-stream,
1.018692346936865,1.0424131428048888,0.17432642546476906,1.4637903690215779,,,,0.379442204346402,,,,olad,0,uniform,0.8,500,40,,,,neal,0,,vary-stream,
1.2270563896138216,1.8733894629178194,0.38239653991560313,1.6588679407864586,,,,0.3730502913047372,,,,olad,0,uniform,0.8,500,40,,,,neal,1,,vary-stream,
1.1086784765430833,2.065375056227179,0.1986912341466457,1.5273669356363242,,,,0.4175973478318749,,,,olad,0,uniform,0.8,500,40,,,,neal,2,,vary-stream,
1.0156995391795407,1.3411164208847215,0.1597916107638177,1.4272455780905686,,,,0.3760784412999941,,,,olad,0,uniform,0.8,500,40,,,,neal,3,,vary-stream,
0.8651605543093182,1.4127109112493652,-0.08643589766930398,1.310342090639088,,,,0.3696960065217749,,,,olad,0,uniform,0.8,500,40,,,,neal,4,,vary-stream,
1.1245371527226558,1.3994510866590313,0.18705401314677747,1.499561848744184,,,,0.36993178913215397,,,,olad,0,uniform,0.8,500,40,,,,neal,5,,vary-stream,
0.8242418591142934,0.8443750868841582,0.04891966518676768,1.321594946770798,,,,0.370650967393569,,,,olad,0,uniform,0.8,500,40,,,,neal,6,,vary-stream,
0.972195031944785,1.0525603051646026,0.17329946329277224,1.44279601310922,,,,0.3720833043426746,,,,olad,0,uniform,0.8,500,40,,,,neal,7,,vary-stream,
0.8689955191550599,1.2589502823130025,0.05039472947962175,1.3286000690214526,,,,0.40634015869094897,,,,olad,0,uniform,0.8,500,40,,,,neal,8,,vary-stream,
0.9098200775478694,0.935189504948399,0.05156949885656701,1.301626293367528,,,,0.3770574499946594,,,,olad,0,uniform,0.8,500,40,,,,neal,9,,vary-stream,
