series,family,split,method,config,seed,warmup,n,sliding_window,n_anom_eval,elapsed_s,AUC_PR,AUC_ROC,PointF1_opt,VUS_PR,VUS_ROC,precision,recall,F1,tp,fp,fn
003_NAB_id_3_WebService_tr_1362_1st_1462.csv,NAB,tuning,spot,q0.0001_d200,0,500,15852,21,1523,0.9,0.0936085230640181,0.4462199559985257,0.1948176698713782,0.0903444921525346,0.385692676782937,0.0785066666666666,0.4832567301378857,0.1350706551660855,736.0,8639.0,787.0
004_NAB_id_4_Facility_tr_1007_1st_1437.csv,NAB,tuning,spot,q0.0001_d200,0,500,4031,50,402,0.1,0.2206475463461701,0.7824659063264694,0.4515730742753978,0.2241743168686791,0.7879839394902669,1.0,0.0099502487562189,0.0197044334975369,4.0,0.0,398.0
007_NAB_id_7_Traffic_tr_624_1st_2087.csv,NAB,tuning,spot,q0.0001_d200,0,500,2499,5,248,0.0,0.2366996913570343,0.6152221771890717,0.2576921407026614,0.236237129943912,0.620635181558973,1.0,0.0403225806451612,0.0775193798449612,10.0,0.0,238.0
012_NAB_id_12_Synthetic_tr_1007_1st_2787.csv,NAB,tuning,spot,q0.0001_d200,0,500,4031,288,513,0.2,0.0952364109258967,0.2273054331580368,0.2537069835821982,0.1168612223777589,0.3205606522976066,0.0,0.0,0.0,0.0,1.0,513.0
021_NAB_id_21_WebService_tr_500_1st_565.csv,NAB,tuning,spot,q0.0001_d200,0,500,1623,24,160,0.1,0.1532436508605444,0.4970404984423675,0.254167757503054,0.1619560487356429,0.5424837369547488,0.4,0.025,0.0470588235294117,4.0,6.0,156.0
560_YAHOO_id_10_Synthetic_tr_500_1st_893.csv,YAHOO,tuning,spot,q0.0001_d200,0,500,1421,158,1,0.1,0.0011111111111111,0.0228260869565217,0.0022197336541588,0.0404373133696641,0.817232439579322,0.0,0.0,0.0,0.0,3.0,1.0
568_YAHOO_id_18_WebService_tr_500_1st_333.csv,YAHOO,tuning,spot,q0.0001_d200,0,500,1680,24,1,0.1,0.015625,0.9465648854961832,0.0307689278136338,0.0284655639616799,0.9590606265352428,0.0,0.0,0.0,0.0,0.0,1.0
573_YAHOO_id_23_Synthetic_tr_500_1st_623.csv,YAHOO,tuning,spot,q0.0001_d200,0,500,1421,35,9,0.0,1.0,1.0,0.999995000025,1.0,1.0,1.0,1.0,1.0,9.0,0.0,0.0
583_YAHOO_id_33_WebService_tr_500_1st_1616.csv,YAHOO,tuning,spot,q0.0001_d200,0,500,1680,24,1,0.1,1.0,1.0,0.999995000025,1.0,1.0,0.0,0.0,0.0,0.0,0.0,1.0
643_YAHOO_id_93_WebService_tr_500_1st_1038.csv,YAHOO,tuning,spot,q0.0001_d200,0,500,1680,24,1,0.0,0.0058479532163742,0.8558100084817641,0.0116277913748648,0.0058479532163742,0.8575063613231549,0.0,0.0,0.0,0.0,0.0,1.0
001_NAB_id_1_Facility_tr_1007_1st_2014.csv,NAB,eva,spot,q0.01_d50,0,500,4031,6,343,0.1,0.1536124505830172,0.527762637587747,0.1815663789190433,0.1494586070419382,0.5325966408576928,0.1304347826086956,0.0962099125364431,0.110738255033557,33.0,220.0,310.0
002_NAB_id_2_WebService_tr_1500_1st_4106.csv,NAB,eva,spot,q0.01_d50,0,500,6000,5,637,0.0,0.1682504146779775,0.5085262406580817,0.2083037555105077,0.1625425038560096,0.5096958410087825,0.575,0.0361067503924646,0.0679468242245199,23.0,17.0,614.0
003_NAB_id_3_WebService_tr_1362_1st_1462.csv,NAB,tuning,spot,q0.01_d50,0,500,15852,21,1523,0.1,0.1046402938031371,0.4417495146491237,0.1870504638579358,0.1030495329812745,0.4479964435286944,0.1044615384615384,0.891661195009849,0.1870137024030847,1358.0,11642.0,165.0
004_NAB_id_4_Facility_tr_1007_1st_1437.csv,NAB,tuning,spot,q0.01_d50,0,500,4031,50,402,0.0,0.1846217304648318,0.593958141539029,0.2298068899176882,0.1873621866953924,0.6116668162348289,0.2060301507537688,0.1019900497512437,0.1364392678868552,41.0,158.0,361.0
005_NAB_id_5_Traffic_tr_594_1st_1645.csv,NAB,eva,spot,q0.01_d50,0,500,2379,22,238,0.0,0.1430524016186231,0.4944374459107226,0.2281857640178773,0.144681542443004,0.5051041404852679,0.25,0.0504201680672268,0.0839160839160839,12.0,36.0,226.0
006_NAB_id_6_Traffic_tr_2579_1st_5839.csv,NAB,eva,spot,q0.01_d50,0,500,10319,125,1030,0.1,0.1101562883265669,0.524059918234068,0.2003337591424232,0.1300731770238505,0.5973676380722404,0.0777537796976241,0.0699029126213592,0.0736196319018404,72.0,854.0,958.0
007_NAB_id_7_Traffic_tr_624_1st_2087.csv,NAB,tuning,spot,q0.01_d50,0,500,2499,5,248,0.0,0.2881811180863461,0.5906578729205431,0.2863692398790413,0.2845570469168321,0.5947963405701845,0.8064516129032258,0.1008064516129032,0.1792114695340501,25.0,6.0,223.0
008_NAB_id_8_Synthetic_tr_1007_1st_2734.csv,NAB,eva,spot,q0.01_d50,0,500,4031,71,402,0.0,0.2103896739525733,0.5627777539277088,0.3732081024342543,0.2314131675917711,0.5907175160846401,0.1151862464183381,1.0,0.2065775950668036,402.0,3088.0,0.0
009_NAB_id_9_Traffic_tr_500_1st_438.csv,NAB,eva,spot,q0.01_d50,0,500,2161,128,154,0.0,0.4201171266313168,0.7709024552090247,0.4462103973456776,0.4892014827307207,0.8350261372720726,0.0,0.0,0.0,0.0,0.0,154.0
010_NAB_id_10_WebService_tr_500_1st_271.csv,NAB,eva,spot,q0.01_d50,0,500,1000,142,48,0.0,0.5126483553893328,0.736910029498525,0.5277733333707598,0.5411091944813085,0.812230200070359,1.0,0.0416666666666666,0.0799999999999999,2.0,0.0,46.0
011_NAB_id_11_Facility_tr_1007_1st_1526.csv,NAB,eva,spot,q0.01_d50,0,500,4031,204,474,0.1,0.432109762840607,0.6479401912191567,0.4451683705179979,0.4525993739641087,0.6995616102083244,0.3009009009009009,0.3523206751054852,0.3245869776482021,167.0,388.0,307.0
012_NAB_id_12_Synthetic_tr_1007_1st_2787.csv,NAB,tuning,spot,q0.01_d50,0,500,4031,288,513,0.0,0.1525902151519268,0.579139199888389,0.339890890337406,0.1591904820446927,0.5959018746994534,0.2000855066267635,0.912280701754386,0.3281907433380084,468.0,1871.0,45.0
013_NAB_id_13_Traffic_tr_623_1st_2084.csv,NAB,eva,spot,q0.01_d50,0,500,2494,247,248,0.0,0.2705910932278884,0.5898770923400953,0.2586419395497779,0.3835229949781989,0.7588606921654121,0.5555555555555556,0.1209677419354838,0.1986754966887417,30.0,24.0,218.0
014_NAB_id_14_WebService_tr_500_1st_1045.csv,NAB,eva,spot,q0.01_d50,0,500,1537,23,152,0.0,0.129698089624823,0.443421052631579,0.2568004701941938,0.1364635654994027,0.4651663681860528,0.0909090909090909,0.006578947368421,0.0122699386503067,1.0,10.0,151.0
015_NAB_id_15_Synthetic_tr_1007_1st_2787.csv,NAB,eva,spot,q0.01_d50,0,500,4031,288,513,0.0,0.3463116743431233,0.4731558666196453,0.3994897523698935,0.3876100097881638,0.552191713613616,0.1066252587991718,0.4015594541910331,0.1685071574642126,206.0,1726.0,307.0
001_NAB_id_1_Facility_tr_1007_1st_2014.csv,NAB,eva,guardgp,default,0,500,4031,6,343,5.6,0.1537994196036507,0.5202508678682084,0.1830957362575798,0.1497273828427363,0.5254717390801428,1.0,0.0349854227405247,0.0676056338028169,12.0,0.0,331.0
016_NAB_id_16_Environment_tr_1816_1st_3540.csv,NAB,eva,spot,q0.01_d50,0,500,7266,23,724,0.1,0.1703835137671693,0.5904760141257971,0.2617583504557647,0.1759606262113566,0.6019344926359839,0.2623574144486692,0.1906077348066298,0.2208,138.0,388.0,586.0
017_NAB_id_17_Synthetic_tr_1007_1st_1805.csv,NAB,eva,spot,q0.01_d50,0,500,4031,100,402,0.0,0.1153572693555534,0.4972715521147857,0.2044222684591153,0.1274537766681162,0.501723790259158,0.1621621621621621,0.0298507462686567,0.0504201680672268,12.0,62.0,390.0
018_NAB_id_18_Facility_tr_500_1st_669.csv,NAB,eva,spot,q0.01_d50,0,500,1881,5,188,0.1,0.1359365811984412,0.3647094754864368,0.2396409754991257,0.1340985107882792,0.3694005138481207,0.1568627450980392,0.0425531914893617,0.0669456066945606,8.0,43.0,180.0
019_NAB_id_19_Facility_tr_1007_1st_1171.csv,NAB,eva,spot,q0.01_d50,0,500,4031,8,400,0.1,0.1885430000577331,0.608068109230278,0.2548980990802486,0.1825331894440728,0.611761317498302,0.3529411764705882,0.045,0.0798226164079822,18.0,33.0,382.0
020_NAB_id_20_Synthetic_tr_1007_1st_2679.csv,NAB,eva,spot,q0.01_d50,0,500,4031,288,621,0.0,0.121098563541005,0.2393263276723608,0.2991304040716358,0.1768396657076212,0.3799044045488965,0.0627044711014176,0.1851851851851851,0.0936863543788187,115.0,1719.0,506.0
021_NAB_id_21_WebService_tr_500_1st_565.csv,NAB,tuning,spot,q0.01_d50,0,500,1623,24,160,0.1,0.1372133727661772,0.4472352024922119,0.2496077998443726,0.1436026512621876,0.4926907274610791,0.1020408163265306,0.03125,0.0478468899521531,5.0,44.0,155.0
022_NAB_id_22_Facility_tr_1007_1st_2980.csv,NAB,eva,spot,q0.01_d50,0,500,4031,4,520,0.0,0.4225991185927374,0.8213655698336868,0.5720063002491661,0.4218619000555729,0.8235752089243235,0.4187192118226601,0.8173076923076923,0.5537459283387622,425.0,590.0,95.0
023_NAB_id_23_Facility_tr_4512_1st_16551.csv,NAB,eva,spot,q0.01_d50,0,500,18049,12,1498,0.2,0.3765514574415939,0.7482823649816478,0.3978100782253857,0.3730475340388808,0.7485394295327588,0.2887989203778677,0.5714285714285714,0.3836844464365755,856.0,2108.0,642.0
024_NAB_id_24_Synthetic_tr_1007_1st_2787.csv,NAB,eva,spot,q0.01_d50,0,500,4031,288,513,0.0,0.2695276895563137,0.6987690491230654,0.452731973453558,0.3068871862054456,0.7569177825507852,0.1644204851752021,0.8323586744639376,0.2745980707395498,427.0,2170.0,86.0
025_NAB_id_25_WebService_tr_3958_1st_4614.csv,NAB,eva,spot,q0.01_d50,0,500,15832,16,1580,0.1,0.1231477950589995,0.5770349629236898,0.2150300765155476,0.1224246004129377,0.5810006866190992,0.1247040252565114,1.0,0.2217543859649123,1580.0,11090.0,0.0
026_NAB_id_26_Traffic_tr_624_1st_2261.csv,NAB,eva,spot,q0.01_d50,0,500,2499,8,238,0.1,0.1640469432605459,0.5670765750934105,0.2299968200995203,0.158632338948272,0.5693631358535041,0.2203389830508474,0.0546218487394958,0.0875420875420875,13.0,46.0,225.0
027_NAB_id_27_Facility_tr_757_1st_2582.csv,NAB,eva,spot,q0.01_d50,0,500,3031,5,200,0.0,0.1304754794284829,0.556962676962677,0.1944394720064478,0.128942064258463,0.5606709121803077,0.25,0.09,0.1323529411764706,18.0,54.0,182.0
028_NAB_id_28_Facility_tr_1007_1st_3447.csv,NAB,eva,spot,q0.01_d50,0,500,4031,289,430,0.2,0.1320274317565611,0.4762214739431391,0.2182721671692721,0.1696343516273426,0.558928187512242,0.35,0.0162790697674418,0.0311111111111111,7.0,13.0,423.0
551_YAHOO_id_1_Synthetic_tr_500_1st_893.csv,YAHOO,eva,spot,q0.01_d50,0,500,1421,105,1,0.0,0.0016920473773265,0.3586956521739131,0.0033783446519984,0.0243876573352808,0.8477946874765946,0.0,0.0,0.0,0.0,175.0,1.0
552_YAHOO_id_2_Synthetic_tr_500_1st_893.csv,YAHOO,eva,spot,q0.01_d50,0,500,1421,100,1,0.0,1.0,1.0,0.999995000025,1.0,1.0,0.0112359550561797,1.0,0.0222222222222222,1.0,88.0,0.0
555_YAHOO_id_5_WebService_tr_500_1st_730.csv,YAHOO,eva,spot,q0.01_d50,0,500,1680,24,4,0.0,0.2573086011610602,0.7576530612244898,0.3999968000255998,0.2005765640506205,0.947318954778368,0.0138888888888888,0.25,0.0263157894736842,1.0,71.0,3.0
558_YAHOO_id_8_WebService_tr_500_1st_1125.csv,YAHOO,eva,spot,q0.01_d50,0,500,1427,24,80,0.0,0.0589620850288651,0.2801726682408501,0.1588863228637408,0.0747905012102988,0.3781123845336662,0.027027027027027,0.0125,0.017094017094017,1.0,36.0,79.0
560_YAHOO_id_10_Synthetic_tr_500_1st_893.csv,YAHOO,tuning,spot,q0.01_d50,0,500,1421,158,1,0.0,0.001466275659824,0.2597826086956522,0.0029282284472649,0.1878740354759282,0.9769654876619296,0.0,0.0,0.0,0.0,246.0,1.0
562_YAHOO_id_12_Synthetic_tr_500_1st_893.csv,YAHOO,eva,spot,q0.01_d50,0,500,1421,126,1,0.0,1.0,1.0,0.999995000025,1.0,1.0,0.0181818181818181,1.0,0.0357142857142857,1.0,54.0,0.0
568_YAHOO_id_18_WebService_tr_500_1st_333.csv,YAHOO,tuning,spot,q0.01_d50,0,500,1680,24,1,0.0,0.0185185185185185,0.9550466497031382,0.0363632793423482,0.0362807680355515,0.9703929758933864,0.0,0.0,0.0,0.0,37.0,1.0
570_YAHOO_id_20_Synthetic_tr_500_1st_658.csv,YAHOO,eva,spot,q0.01_d50,0,500,1421,135,4,0.0,0.003371364978752,0.2178298800436205,0.010113679399928,0.0684902209664264,0.8397923824228761,0.0,0.0,0.0,0.0,220.0,4.0
571_YAHOO_id_21_Synthetic_tr_500_1st_623.csv,YAHOO,eva,spot,q0.01_d50,0,500,1421,35,9,0.0,1.0,1.0,0.999995000025,1.0,1.0,0.0989010989010989,1.0,0.1799999999999999,9.0,82.0,0.0
573_YAHOO_id_23_Synthetic_tr_500_1st_623.csv,YAHOO,tuning,spot,q0.01_d50,0,500,1421,35,9,0.1,1.0,1.0,0.999995000025,1.0,1.0,0.0409090909090909,1.0,0.0786026200873362,9.0,211.0,0.0
579_YAHOO_id_29_WebService_tr_500_1st_1342.csv,YAHOO,eva,spot,q0.01_d50,0,500,1680,24,1,0.0,1.0,1.0,0.999995000025,1.0,1.0,0.0126582278481012,1.0,0.0249999999999999,1.0,78.0,0.0
583_YAHOO_id_33_WebService_tr_500_1st_1616.csv,YAHOO,tuning,spot,q0.01_d50,0,500,1680,24,1,0.0,1.0,1.0,0.999995000025,1.0,1.0,0.0126582278481012,1.0,0.0249999999999999,1.0,78.0,0.0
603_YAHOO_id_53_Synthetic_tr_500_1st_893.csv,YAHOO,eva,spot,q0.01_d50,0,500,1421,4,1,0.0,1.0,1.0,0.999995000025,1.0,1.0,0.0227272727272727,1.0,0.0444444444444444,1.0,43.0,0.0
643_YAHOO_id_93_WebService_tr_500_1st_1038.csv,YAHOO,tuning,spot,q0.01_d50,0,500,1680,24,1,0.0,0.003875968992248,0.7820186598812553,0.0077219308008437,0.003831417624521,0.7811704834605598,0.0,0.0,0.0,0.0,8.0,1.0
644_YAHOO_id_94_WebService_tr_500_1st_1078.csv,YAHOO,eva,spot,q0.01_d50,0,500,1435,24,75,0.0,0.0593779009713288,0.3711472868217054,0.1499479371780575,0.0698500775421249,0.4179077919818691,0.0,0.0,0.0,0.0,7.0,75.0
645_YAHOO_id_95_WebService_tr_500_1st_1047.csv,YAHOO,eva,spot,q0.01_d50,0,500,1680,24,1,0.0,1.0,1.0,0.999995000025,1.0,1.0,0.0181818181818181,1.0,0.0357142857142857,1.0,54.0,0.0
002_NAB_id_2_WebService_tr_1500_1st_4106.csv,NAB,eva,guardgp,default,0,500,6000,5,637,6.7,0.1658747340485929,0.5378175186935211,0.2110840486795562,0.1600571946499325,0.5390682981896403,0.2547169811320754,0.0423861852433281,0.0726783310901749,27.0,79.0,610.0
649_YAHOO_id_99_WebService_tr_500_1st_1386.csv,YAHOO,eva,spot,q0.01_d50,0,500,1680,168,1,0.0,1.0,1.0,0.999995000025,1.0,1.0,0.0129870129870129,1.0,0.0256410256410256,1.0,76.0,0.0
657_YAHOO_id_107_WebService_tr_500_1st_1260.csv,YAHOO,eva,spot,q0.01_d50,0,500,1440,4,1,0.0,1.0,1.0,0.999995000025,1.0,1.0,0.1666666666666666,1.0,0.2857142857142857,1.0,5.0,0.0
658_YAHOO_id_108_Synthetic_tr_500_1st_893.csv,YAHOO,eva,spot,q0.01_d50,0,500,1421,125,1,0.0,1.0,1.0,0.999995000025,1.0,1.0,0.0030211480362537,1.0,0.0060240963855421,1.0,330.0,0.0
672_YAHOO_id_122_WebService_tr_500_1st_857.csv,YAHOO,eva,spot,q0.01_d50,0,500,1680,24,1,0.0,0.25,0.9974554707379136,0.3999968000255998,0.2,0.997879558948262,0.0,0.0,0.0,0.0,0.0,1.0
680_YAHOO_id_130_Synthetic_tr_500_1st_893.csv,YAHOO,eva,spot,q0.01_d50,0,500,1421,118,1,0.0,1.0,1.0,0.999995000025,1.0,1.0,0.0135135135135135,1.0,0.0266666666666666,1.0,73.0,0.0
689_YAHOO_id_139_WebService_tr_500_1st_1073.csv,YAHOO,eva,spot,q0.01_d50,0,500,1680,24,1,0.0,1.0,1.0,0.999995000025,1.0,1.0,0.03125,1.0,0.0606060606060606,1.0,31.0,0.0
693_YAHOO_id_143_WebService_tr_500_1st_1003.csv,YAHOO,eva,spot,q0.01_d50,0,500,1427,24,2,0.0,0.8333333333333333,0.9994594594594596,0.7999952000287999,0.625,0.9991891891891892,0.0344827586206896,1.0,0.0666666666666666,2.0,56.0,0.0
701_YAHOO_id_151_Synthetic_tr_500_1st_893.csv,YAHOO,eva,spot,q0.01_d50,0,500,1421,156,1,0.0,1.0,1.0,0.999995000025,1.0,1.0,0.0175438596491228,1.0,0.0344827586206896,1.0,56.0,0.0
723_YAHOO_id_173_WebService_tr_500_1st_1214.csv,YAHOO,eva,spot,q0.01_d50,0,500,1420,48,2,0.1,1.0,1.0,0.999995000025,0.7854317413685555,0.9995324804753712,0.0202020202020202,1.0,0.0396039603960396,2.0,97.0,0.0
724_YAHOO_id_174_WebService_tr_500_1st_1030.csv,YAHOO,eva,spot,q0.01_d50,0,500,1680,24,5,0.0,0.5627501064282673,0.9283404255319148,0.6666617284316411,0.348773419999352,0.9759481888042651,0.048780487804878,0.8,0.0919540229885057,4.0,78.0,1.0
734_YAHOO_id_184_WebService_tr_500_1st_768.csv,YAHOO,eva,spot,q0.01_d50,0,500,1424,23,227,0.0,0.9582358272530348,0.9746553827290022,0.9248776507354308,0.9689774141774452,0.9856046845939612,0.7517985611510791,0.920704845814978,0.8277227722772278,209.0,69.0,18.0
741_YAHOO_id_191_WebService_tr_500_1st_1114.csv,YAHOO,eva,spot,q0.01_d50,0,500,1680,24,2,0.0,0.6,0.9966044142614602,0.6666622222518517,0.4000000000000001,0.9961799660441424,0.0363636363636363,1.0,0.0701754385964912,2.0,53.0,0.0
755_YAHOO_id_205_Synthetic_tr_500_1st_893.csv,YAHOO,eva,spot,q0.01_d50,0,500,1421,125,1,0.0,1.0,1.0,0.999995000025,1.0,1.0,0.0043859649122807,1.0,0.0087336244541484,1.0,227.0,0.0
762_YAHOO_id_212_WebService_tr_500_1st_1055.csv,YAHOO,eva,spot,q0.01_d50,0,500,1680,24,2,0.0,0.0061223748274107,0.7741935483870969,0.0141841175046336,0.0074206194842694,0.7263830886668131,0.0,0.0,0.0,0.0,59.0,2.0
780_YAHOO_id_230_Synthetic_tr_500_1st_893.csv,YAHOO,eva,spot,q0.01_d50,0,500,1421,154,1,0.0,0.5,0.9989130434782608,0.6666622222518517,0.25,0.9978260869565194,0.037037037037037,1.0,0.0714285714285714,1.0,26.0,0.0
788_YAHOO_id_238_WebService_tr_500_1st_973.csv,YAHOO,eva,spot,q0.01_d50,0,500,1680,24,1,0.0,0.3333333333333333,0.998303647158609,0.4999962500281247,0.2,0.997879558948262,0.0,0.0,0.0,0.0,0.0,1.0
797_YAHOO_id_247_Synthetic_tr_500_1st_893.csv,YAHOO,eva,spot,q0.01_d50,0,500,1421,158,1,0.0,0.0011160714285714,0.0271739130434782,0.0022296321321026,0.0199725041567431,0.9158359640597822,0.0,0.0,0.0,0.0,72.0,1.0
806_YAHOO_id_256_Synthetic_tr_500_1st_893.csv,YAHOO,eva,spot,q0.01_d50,0,500,1421,118,1,0.0,0.0012004801920768,0.0956521739130434,0.00239805758295,0.1249859163257994,0.8444652285665739,0.0,0.0,0.0,0.0,100.0,1.0
807_YAHOO_id_257_WebService_tr_500_1st_1210.csv,YAHOO,eva,spot,q0.01_d50,0,500,1424,24,17,0.0,0.3382480285543565,0.9160775666385628,0.3912996881462257,0.7377269014935969,0.9811780495201542,0.04,1.0,0.0769230769230769,17.0,408.0,0.0
001_NAB_id_1_Facility_tr_1007_1st_2014.csv,NAB,eva,spot,q0.01_d200,0,500,4031,6,343,0.1,0.1503838072806405,0.5205782617761211,0.1819744485326969,0.1464069901002844,0.5253900966901444,0.1351351351351351,0.1020408163265306,0.1162790697674418,35.0,224.0,308.0
002_NAB_id_2_WebService_tr_1500_1st_4106.csv,NAB,eva,spot,q0.01_d200,0,500,6000,5,637,0.1,0.1837916506311998,0.5858032863408733,0.2417042014026207,0.1777254573506556,0.5867321325009348,0.5681818181818182,0.0392464678178963,0.0734214390602055,25.0,19.0,612.0
003_NAB_id_3_WebService_tr_1362_1st_1462.csv,NAB,tuning,spot,q0.01_d200,0,500,15852,21,1523,0.4,0.1120470424798045,0.543273442094788,0.2083658528066155,0.1075492147378005,0.5491933270364427,0.0739962161025856,0.2311227839789888,0.1121019108280254,352.0,4405.0,1171.0
004_NAB_id_4_Facility_tr_1007_1st_1437.csv,NAB,tuning,spot,q0.01_d200,0,500,4031,50,402,0.1,0.2674754935003582,0.8095365295605704,0.4528479870417759,0.2707866082415398,0.8157869132375231,0.4285714285714285,0.0149253731343283,0.0288461538461538,6.0,8.0,396.0
005_NAB_id_5_Traffic_tr_594_1st_1645.csv,NAB,eva,spot,q0.01_d200,0,500,2379,22,238,0.0,0.1326678354489148,0.511442602635204,0.2304417752714054,0.1343807153091187,0.5206774586404318,0.2075471698113207,0.0462184873949579,0.0756013745704467,11.0,42.0,227.0
006_NAB_id_6_Traffic_tr_2579_1st_5839.csv,NAB,eva,spot,q0.01_d200,0,500,10319,125,1030,0.2,0.1359649080809295,0.5562211480148951,0.206498988792209,0.1564078300714453,0.6291211331794315,0.1172161172161172,0.1864077669902912,0.1439280359820089,192.0,1446.0,838.0
007_NAB_id_7_Traffic_tr_624_1st_2087.csv,NAB,tuning,spot,q0.01_d200,0,500,2499,5,248,0.0,0.2972688535222057,0.6451267478491554,0.2992651180957836,0.2946537007316561,0.650136654206222,0.7931034482758621,0.0927419354838709,0.1660649819494584,23.0,6.0,225.0
008_NAB_id_8_Synthetic_tr_1007_1st_2734.csv,NAB,eva,spot,q0.01_d200,0,500,4031,71,402,0.1,0.1481823556665997,0.4533476751747812,0.2984080798900759,0.1651150927295381,0.4770910051794384,0.3933054393305439,0.2338308457711442,0.2932917316692668,94.0,145.0,308.0
009_NAB_id_9_Traffic_tr_500_1st_438.csv,NAB,eva,spot,q0.01_d200,0,500,2161,128,154,0.0,0.181413845464778,0.6356031161936935,0.2596636196396707,0.2319837528003372,0.7058502089026555,0.0,0.0,0.0,0.0,0.0,154.0
010_NAB_id_10_WebService_tr_500_1st_271.csv,NAB,eva,spot,q0.01_d200,0,500,1000,142,48,0.0,0.2285183267633989,0.5810748525073746,0.2622917280729853,0.257697640946279,0.6668079635189895,1.0,0.0416666666666666,0.0799999999999999,2.0,0.0,46.0
011_NAB_id_11_Facility_tr_1007_1st_1526.csv,NAB,eva,spot,q0.01_d200,0,500,4031,204,474,0.1,0.4216186554806263,0.6107032486829012,0.4451683705179979,0.442389547867098,0.6665001954431464,0.3010948905109489,0.3481012658227848,0.3228962818003914,165.0,383.0,309.0
012_NAB_id_12_Synthetic_tr_1007_1st_2787.csv,NAB,tuning,spot,q0.01_d200,0,500,4031,288,513,0.1,0.0863512584629797,0.1766909911550838,0.2537069835821982,0.1217936216517551,0.3018844510838877,0.0421052631578947,0.0077972709551656,0.0131578947368421,4.0,91.0,509.0
013_NAB_id_13_Traffic_tr_623_1st_2084.csv,NAB,eva,spot,q0.01_d200,0,500,2494,247,248,0.0,0.2496994421786878,0.5660842293906809,0.2363378790001901,0.3536526229670239,0.7371682322034386,0.6136363636363636,0.1088709677419354,0.184931506849315,27.0,17.0,221.0
014_NAB_id_14_WebService_tr_500_1st_1045.csv,NAB,eva,spot,q0.01_d200,0,500,1537,23,152,0.0,0.1303095045184126,0.4450639310139756,0.2561056017750814,0.1382457836130337,0.4699253556993985,0.1,0.006578947368421,0.0123456790123456,1.0,9.0,151.0
015_NAB_id_15_Synthetic_tr_1007_1st_2787.csv,NAB,eva,spot,q0.01_d200,0,500,4031,288,513,0.1,0.0897539432159543,0.2189197498569337,0.2537069835821982,0.1216253286900613,0.3347495202600942,0.04,0.0077972709551656,0.0130505709624796,4.0,96.0,509.0
016_NAB_id_16_Environment_tr_1816_1st_3540.csv,NAB,eva,spot,q0.01_d200,0,500,7266,23,724,0.1,0.1863236591210822,0.578876730291276,0.2161043461832659,0.1834381003731408,0.5909494457325913,0.2311557788944723,0.1270718232044199,0.1639928698752228,92.0,306.0,632.0
017_NAB_id_17_Synthetic_tr_1007_1st_1805.csv,NAB,eva,spot,q0.01_d200,0,500,4031,100,402,0.1,0.1155675681550978,0.4740320449526099,0.2044222684591153,0.127693413868306,0.4785299061635265,0.1621621621621621,0.0298507462686567,0.0504201680672268,12.0,62.0,390.0
018_NAB_id_18_Facility_tr_500_1st_669.csv,NAB,eva,spot,q0.01_d200,0,500,1881,5,188,0.2,0.1549159524966706,0.4639474951400902,0.2577085157811956,0.1627133040977356,0.4686555322838103,0.6111111111111112,0.0585106382978723,0.1067961165048543,11.0,7.0,177.0
019_NAB_id_19_Facility_tr_1007_1st_1171.csv,NAB,eva,spot,q0.01_d200,0,500,4031,8,400,0.1,0.2240458109688819,0.6685843181092302,0.2985510178953531,0.2192480976406411,0.6735944962545718,0.375,0.0525,0.0921052631578947,21.0,35.0,379.0
020_NAB_id_20_Synthetic_tr_1007_1st_2679.csv,NAB,eva,spot,q0.01_d200,0,500,4031,288,621,0.1,0.1349371310980082,0.3403755167089994,0.2991304040716358,0.15311397864849,0.3939570769533934,0.1766423357664233,0.1948470209339774,0.1852986217457886,121.0,564.0,500.0
021_NAB_id_21_WebService_tr_500_1st_565.csv,NAB,tuning,spot,q0.01_d200,0,500,1623,24,160,0.0,0.1426172331004098,0.4775765835929387,0.2510164770196044,0.1515694560809914,0.5244419830699782,0.1296296296296296,0.04375,0.0654205607476635,7.0,47.0,153.0
022_NAB_id_22_Facility_tr_1007_1st_2980.csv,NAB,eva,spot,q0.01_d200,0,500,4031,4,520,0.1,0.4228679253728352,0.8200824540786348,0.5720063002491661,0.4221419945927362,0.8223092349093072,0.4172380019588638,0.8192307692307692,0.5528877352368593,426.0,595.0,94.0
023_NAB_id_23_Facility_tr_4512_1st_16551.csv,NAB,eva,spot,q0.01_d200,0,500,18049,12,1498,0.3,0.3861337524430602,0.7794377717420914,0.4667301751132865,0.3832006034237725,0.7797165499204741,0.3139498917414166,0.677570093457944,0.4290847600930036,1015.0,2218.0,483.0
024_NAB_id_24_Synthetic_tr_1007_1st_2787.csv,NAB,eva,spot,q0.01_d200,0,500,4031,288,513,0.1,0.3118179487552344,0.39911990048016,0.3504794245024956,0.3657939219204742,0.5159132207851581,0.4567901234567901,0.2163742690058479,0.2936507936507936,111.0,132.0,402.0
025_NAB_id_25_WebService_tr_3958_1st_4614.csv,NAB,eva,spot,q0.01_d200,0,500,15832,16,1580,0.2,0.0989194915609799,0.4678724521542551,0.1869940295616704,0.0977070478842988,0.4709172382154679,0.1148409893992932,0.7816455696202531,0.2002594454353818,1235.0,9519.0,345.0
026_NAB_id_26_Traffic_tr_624_1st_2261.csv,NAB,eva,spot,q0.01_d200,0,500,2499,8,238,0.1,0.1612133985816111,0.5539573580709967,0.2238557247993371,0.1556257270783148,0.5563241045709139,0.2264150943396226,0.0504201680672268,0.0824742268041237,12.0,41.0,226.0
027_NAB_id_27_Facility_tr_757_1st_2582.csv,NAB,eva,spot,q0.01_d200,0,500,3031,5,200,0.1,0.0926849856085116,0.4752423852423852,0.1482565962009736,0.0877506644688661,0.4784005376800704,0.0552763819095477,0.055,0.0551378446115288,11.0,188.0,189.0
028_NAB_id_28_Facility_tr_1007_1st_3447.csv,NAB,eva,spot,q0.01_d200,0,500,4031,289,430,0.2,0.161165433784993,0.5034317511980382,0.2265124245622141,0.2166855155226245,0.583613263938193,0.3684210526315789,0.0162790697674418,0.0311804008908685,7.0,12.0,423.0
551_YAHOO_id_1_Synthetic_tr_500_1st_893.csv,YAHOO,eva,spot,q0.01_d200,0,500,1421,105,1,0.0,1.0,1.0,0.999995000025,1.0,1.0,0.0238095238095238,1.0,0.0465116279069767,1.0,41.0,0.0
552_YAHOO_id_2_Synthetic_tr_500_1st_893.csv,YAHOO,eva,spot,q0.01_d200,0,500,1421,100,1,0.0,1.0,1.0,0.999995000025,1.0,1.0,0.024390243902439,1.0,0.0476190476190476,1.0,40.0,0.0
555_YAHOO_id_5_WebService_tr_500_1st_730.csv,YAHOO,eva,spot,q0.01_d200,0,500,1680,24,4,0.0,0.2561430149746863,0.7157738095238095,0.3999968000255998,0.2109596481835948,0.938182782813454,0.0232558139534883,0.25,0.0425531914893617,1.0,42.0,3.0
558_YAHOO_id_8_WebService_tr_500_1st_1125.csv,YAHOO,eva,spot,q0.01_d200,0,500,1427,24,80,0.0,0.1107879468905474,0.6556080283353011,0.2659734388310167,0.1255703703658534,0.6814642691471636,0.0,0.0,0.0,0.0,129.0,80.0
560_YAHOO_id_10_Synthetic_tr_500_1st_893.csv,YAHOO,tuning,spot,q0.01_d200,0,500,1421,158,1,0.0,0.0011223344556677,0.0326086956521739,0.0022421300702029,0.0061579078894178,0.7375430853141401,0.0,0.0,0.0,0.0,152.0,1.0
562_YAHOO_id_12_Synthetic_tr_500_1st_893.csv,YAHOO,eva,spot,q0.01_d200,0,500,1421,126,1,0.0,1.0,1.0,0.999995000025,1.0,1.0,0.027027027027027,1.0,0.0526315789473684,1.0,36.0,0.0
568_YAHOO_id_18_WebService_tr_500_1st_333.csv,YAHOO,tuning,spot,q0.01_d200,0,500,1680,24,1,0.0,0.0222222222222222,0.9626802374893978,0.0434778355429131,0.0386199717261263,0.9739016479389072,0.0,0.0,0.0,0.0,43.0,1.0
570_YAHOO_id_20_Synthetic_tr_500_1st_658.csv,YAHOO,eva,spot,q0.01_d200,0,500,1421,135,4,0.0,0.0044010527537787,0.4078516902944384,0.0125390603485225,0.0211503780329347,0.732229444848911,0.0,0.0,0.0,0.0,130.0,4.0
003_NAB_id_3_WebService_tr_1362_1st_1462.csv,NAB,tuning,guardgp,default,0,500,15852,21,1523,14.3,0.1293589741176238,0.4940488046307285,0.2078985082894215,0.1274593392311965,0.4997169767582328,0.1076854334226988,0.1582403151674327,0.1281574049454932,241.0,1997.0,1282.0
571_YAHOO_id_21_Synthetic_tr_500_1st_623.csv,YAHOO,eva,spot,q0.01_d200,0,500,1421,35,9,0.0,1.0,1.0,0.999995000025,1.0,1.0,0.5294117647058824,1.0,0.6923076923076924,9.0,8.0,0.0
573_YAHOO_id_23_Synthetic_tr_500_1st_623.csv,YAHOO,tuning,spot,q0.01_d200,0,500,1421,35,9,0.0,1.0,1.0,0.999995000025,1.0,1.0,0.45,1.0,0.6206896551724138,9.0,11.0,0.0
579_YAHOO_id_29_WebService_tr_500_1st_1342.csv,YAHOO,eva,spot,q0.01_d200,0,500,1680,24,1,0.0,1.0,1.0,0.999995000025,1.0,1.0,0.024390243902439,1.0,0.0476190476190476,1.0,40.0,0.0
583_YAHOO_id_33_WebService_tr_500_1st_1616.csv,YAHOO,tuning,spot,q0.01_d200,0,500,1680,24,1,0.0,1.0,1.0,0.999995000025,1.0,1.0,0.0303030303030303,1.0,0.0588235294117647,1.0,32.0,0.0
603_YAHOO_id_53_Synthetic_tr_500_1st_893.csv,YAHOO,eva,spot,q0.01_d200,0,500,1421,4,1,0.0,1.0,1.0,0.999995000025,1.0,1.0,0.0555555555555555,1.0,0.1052631578947368,1.0,17.0,0.0
643_YAHOO_id_93_WebService_tr_500_1st_1038.csv,YAHOO,tuning,spot,q0.01_d200,0,500,1680,24,1,0.0,0.0061728395061728,0.8634435962680238,0.0122698167048891,0.0060240963855421,0.8617472434266324,0.0,0.0,0.0,0.0,7.0,1.0
644_YAHOO_id_94_WebService_tr_500_1st_1078.csv,YAHOO,eva,spot,q0.01_d200,0,500,1435,24,75,0.0,0.1422965597573197,0.7634496124031008,0.3379600935814607,0.1484553786493171,0.7635012698009891,0.0,0.0,0.0,0.0,12.0,75.0
645_YAHOO_id_95_WebService_tr_500_1st_1047.csv,YAHOO,eva,spot,q0.01_d200,0,500,1680,24,1,0.0,1.0,1.0,0.999995000025,1.0,1.0,0.0217391304347826,1.0,0.0425531914893616,1.0,45.0,0.0
649_YAHOO_id_99_WebService_tr_500_1st_1386.csv,YAHOO,eva,spot,q0.01_d200,0,500,1680,168,1,0.0,1.0,1.0,0.999995000025,1.0,1.0,0.0263157894736842,1.0,0.0512820512820512,1.0,37.0,0.0
657_YAHOO_id_107_WebService_tr_500_1st_1260.csv,YAHOO,eva,spot,q0.01_d200,0,500,1440,4,1,0.0,1.0,1.0,0.999995000025,1.0,1.0,0.1428571428571428,1.0,0.25,1.0,6.0,0.0
658_YAHOO_id_108_Synthetic_tr_500_1st_893.csv,YAHOO,eva,spot,q0.01_d200,0,500,1421,125,1,0.0,1.0,1.0,0.999995000025,1.0,1.0,0.0017574692442882,1.0,0.0035087719298245,1.0,568.0,0.0
672_YAHOO_id_122_WebService_tr_500_1st_857.csv,YAHOO,eva,spot,q0.01_d200,0,500,1680,24,1,0.0,0.5,0.9991518235793044,0.6666622222518517,0.2,0.997879558948262,0.0,0.0,0.0,0.0,0.0,1.0
680_YAHOO_id_130_Synthetic_tr_500_1st_893.csv,YAHOO,eva,spot,q0.01_d200,0,500,1421,118,1,0.1,1.0,1.0,0.999995000025,1.0,1.0,0.0476190476190476,1.0,0.0909090909090909,1.0,20.0,0.0
689_YAHOO_id_139_WebService_tr_500_1st_1073.csv,YAHOO,eva,spot,q0.01_d200,0,500,1680,24,1,0.0,1.0,1.0,0.999995000025,1.0,1.0,0.0149253731343283,1.0,0.0294117647058823,1.0,66.0,0.0
693_YAHOO_id_143_WebService_tr_500_1st_1003.csv,YAHOO,eva,spot,q0.01_d200,0,500,1427,24,2,0.0,0.8333333333333333,0.9994594594594596,0.7999952000287999,0.625,0.9991891891891892,0.0298507462686567,1.0,0.0579710144927536,2.0,65.0,0.0
701_YAHOO_id_151_Synthetic_tr_500_1st_893.csv,YAHOO,eva,spot,q0.01_d200,0,500,1421,156,1,0.0,1.0,1.0,0.999995000025,1.0,1.0,0.0434782608695652,1.0,0.0833333333333333,1.0,22.0,0.0
723_YAHOO_id_173_WebService_tr_500_1st_1214.csv,YAHOO,eva,spot,q0.01_d200,0,500,1420,48,2,0.1,1.0,1.0,0.999995000025,0.7448979591836735,0.999444222133298,0.024390243902439,1.0,0.0476190476190476,2.0,80.0,0.0
724_YAHOO_id_174_WebService_tr_500_1st_1030.csv,YAHOO,eva,spot,q0.01_d200,0,500,1680,24,5,0.0,0.61077568857455,0.926127659574468,0.7499953125292966,0.354918669348304,0.9755428941636866,0.0428571428571428,0.6,0.08,3.0,67.0,2.0
734_YAHOO_id_184_WebService_tr_500_1st_768.csv,YAHOO,eva,spot,q0.01_d200,0,500,1424,23,227,0.0,0.9736357969448016,0.9849512384732556,0.9433056619677256,0.9795343095429386,0.9904041299552496,0.9587155963302753,0.920704845814978,0.9393258426966292,209.0,9.0,18.0
741_YAHOO_id_191_WebService_tr_500_1st_1114.csv,YAHOO,eva,spot,q0.01_d200,0,500,1680,24,2,0.1,0.625,0.997453310696095,0.6666622222518517,0.4000000000000001,0.9961799660441424,0.0714285714285714,1.0,0.1333333333333333,2.0,26.0,0.0
755_YAHOO_id_205_Synthetic_tr_500_1st_893.csv,YAHOO,eva,spot,q0.01_d200,0,500,1421,125,1,0.0,1.0,1.0,0.999995000025,1.0,1.0,0.0204081632653061,1.0,0.0399999999999999,1.0,48.0,0.0
762_YAHOO_id_212_WebService_tr_500_1st_1055.csv,YAHOO,eva,spot,q0.01_d200,0,500,1680,24,2,0.1,0.0041923237878878,0.5980475382003396,0.0114940256353552,0.0062490678380447,0.6661840298992239,0.0,0.0,0.0,0.0,52.0,2.0
780_YAHOO_id_230_Synthetic_tr_500_1st_893.csv,YAHOO,eva,spot,q0.01_d200,0,500,1421,154,1,0.0,0.5,0.9989130434782608,0.6666622222518517,0.3431128121085602,0.9980283111965632,0.05,1.0,0.0952380952380952,1.0,19.0,0.0
788_YAHOO_id_238_WebService_tr_500_1st_973.csv,YAHOO,eva,spot,q0.01_d200,0,500,1680,24,1,0.0,0.0142857142857142,0.9414758269720102,0.028168736364571,0.0138888888888888,0.94147582697201,0.0,0.0,0.0,0.0,1.0,1.0
797_YAHOO_id_247_Synthetic_tr_500_1st_893.csv,YAHOO,eva,spot,q0.01_d200,0,500,1421,158,1,0.0,0.0011223344556677,0.0326086956521739,0.0022421300702029,0.087105802395862,0.9215554660996562,0.0,0.0,0.0,0.0,21.0,1.0
806_YAHOO_id_256_Synthetic_tr_500_1st_893.csv,YAHOO,eva,spot,q0.01_d200,0,500,1421,118,1,0.0,0.0013774104683195,0.2119565217391305,0.0027510041646626,0.0248445355395338,0.8168371297948457,0.0,0.0,0.0,0.0,26.0,1.0
004_NAB_id_4_Facility_tr_1007_1st_1437.csv,NAB,tuning,guardgp,default,0,500,4031,50,402,4.2,0.1896490025064143,0.7012460866011903,0.3291439410276354,0.1919392050002035,0.7125971874233459,1.0,0.0149253731343283,0.0294117647058823,6.0,0.0,396.0
807_YAHOO_id_257_WebService_tr_500_1st_1210.csv,YAHOO,eva,spot,q0.01_d200,0,500,1424,24,17,0.1,0.3917805739052448,0.9687398663985992,0.3846108580414399,0.7280591670144949,0.9905342277314768,0.0375275938189845,1.0,0.0723404255319148,17.0,436.0,0.0
001_NAB_id_1_Facility_tr_1007_1st_2014.csv,NAB,eva,spot,q0.001_d50,0,500,4031,6,343,0.4,0.1528948946508871,0.5239290195375516,0.1837267626689719,0.147833874182116,0.5284343106239261,0.2533333333333333,0.0553935860058309,0.0909090909090909,19.0,56.0,324.0
002_NAB_id_2_WebService_tr_1500_1st_4106.csv,NAB,eva,spot,q0.001_d50,0,500,6000,5,637,0.1,0.2050284789669208,0.5474222907024529,0.2132051548912419,0.1980663568802531,0.5483950174103521,0.8636363636363636,0.0298273155416012,0.0576631259484066,19.0,3.0,618.0
003_NAB_id_3_WebService_tr_1362_1st_1462.csv,NAB,tuning,spot,q0.001_d50,0,500,15852,21,1523,0.2,0.1100529127581336,0.3857470339220248,0.2058035760999903,0.0914199658557484,0.3557463784498527,0.1022958646352594,0.9566644780039396,0.1848281111252061,1457.0,12786.0,66.0
004_NAB_id_4_Facility_tr_1007_1st_1437.csv,NAB,tuning,spot,q0.001_d50,0,500,4031,50,402,0.1,0.2569450633020496,0.7173369331037367,0.3381410443724486,0.2638783195669642,0.7335029169443558,1.0,0.0149253731343283,0.0294117647058823,6.0,0.0,396.0
005_NAB_id_5_Traffic_tr_594_1st_1645.csv,NAB,eva,spot,q0.001_d50,0,500,2379,22,238,0.1,0.1558460012559117,0.5164418601078457,0.2312833375849769,0.1540254121779476,0.5265519736642227,0.6666666666666666,0.0084033613445378,0.0165975103734439,2.0,1.0,236.0
006_NAB_id_6_Traffic_tr_2579_1st_5839.csv,NAB,eva,spot,q0.001_d50,0,500,10319,125,1030,0.4,0.1067871721905922,0.5130231191460641,0.1994732803762266,0.1287390233676718,0.5903398239853146,0.1079691516709511,0.0407766990291262,0.0591966173361522,42.0,347.0,988.0
007_NAB_id_7_Traffic_tr_624_1st_2087.csv,NAB,tuning,spot,q0.001_d50,0,500,2499,5,248,0.0,0.2401024304096032,0.5528499843407454,0.2431143608430154,0.2359396115385459,0.5572489194371554,1.0,0.0443548387096774,0.0849420849420849,11.0,0.0,237.0
008_NAB_id_8_Synthetic_tr_1007_1st_2734.csv,NAB,eva,spot,q0.001_d50,0,500,4031,71,402,0.5,0.1236346773892233,0.5371822574567241,0.2931205726544804,0.1346874637121095,0.5690017539716022,0.1522157996146435,0.3930348258706467,0.2194444444444444,158.0,880.0,244.0
005_NAB_id_5_Traffic_tr_594_1st_1645.csv,NAB,eva,guardgp,default,0,500,2379,22,238,3.4,0.1557781336564008,0.5273608529334951,0.2278193358150342,0.1632149800346676,0.5460434503839438,0.0,0.0,0.0,0.0,6.0,238.0
009_NAB_id_9_Traffic_tr_500_1st_438.csv,NAB,eva,spot,q0.001_d50,0,500,2161,128,154,0.0,0.424056103076123,0.7491942364205137,0.4273459274343368,0.4948859343879368,0.8104005747585192,0.0,0.0,0.0,0.0,0.0,154.0
010_NAB_id_10_WebService_tr_500_1st_271.csv,NAB,eva,spot,q0.001_d50,0,500,1000,142,48,0.0,0.4244010567544481,0.6535766961651918,0.4444408163561477,0.4550167722400072,0.7380267061277647,1.0,0.0208333333333333,0.0408163265306122,1.0,0.0,47.0
011_NAB_id_11_Facility_tr_1007_1st_1526.csv,NAB,eva,spot,q0.001_d50,0,500,4031,204,474,0.4,0.4546692049497098,0.6607067683079162,0.4458981744961522,0.4803772811084523,0.7142780142534476,0.7236180904522613,0.3037974683544304,0.4279346210995542,144.0,55.0,330.0
012_NAB_id_12_Synthetic_tr_1007_1st_2787.csv,NAB,tuning,spot,q0.001_d50,0,500,4031,288,513,0.3,0.1066461584080592,0.3389778289328357,0.2539108193168864,0.1420071524388119,0.4503201990621587,0.1153846153846153,0.0058479532163742,0.0111317254174397,3.0,23.0,510.0
013_NAB_id_13_Traffic_tr_623_1st_2084.csv,NAB,eva,spot,q0.001_d50,0,500,2494,247,248,0.1,0.2711449684629958,0.6200578280308908,0.2768037080030722,0.3935744209456688,0.7861813744404794,1.0,0.0725806451612903,0.1353383458646616,18.0,0.0,230.0
014_NAB_id_14_WebService_tr_500_1st_1045.csv,NAB,eva,spot,q0.001_d50,0,500,1537,23,152,0.0,0.1275113907020291,0.4327014570324115,0.2568004701941938,0.1339946583073271,0.4544778003208622,0.1666666666666666,0.006578947368421,0.0126582278481012,1.0,5.0,151.0
015_NAB_id_15_Synthetic_tr_1007_1st_2787.csv,NAB,eva,spot,q0.001_d50,0,500,4031,288,513,0.2,0.1244929931781739,0.4370644230781652,0.2549439164112967,0.1689637182762771,0.5377196213716139,0.0,0.0,0.0,0.0,14.0,513.0
016_NAB_id_16_Environment_tr_1816_1st_3540.csv,NAB,eva,spot,q0.001_d50,0,500,7266,23,724,0.2,0.1564707700733822,0.5967068000972932,0.2292482012546252,0.1617669860689713,0.6074318664962653,0.2409638554216867,0.0552486187845303,0.0898876404494382,40.0,126.0,684.0
003_NAB_id_3_WebService_tr_1362_1st_1462.csv,NAB,tuning,rrcf,sh4_ts256,0,500,15852,21,1523,36.0,0.1088337363216306,0.5000314079194582,0.1811209464592343,0.1061505391667927,0.5070074549364147,,,,,,
017_NAB_id_17_Synthetic_tr_1007_1st_1805.csv,NAB,eva,spot,q0.001_d50,0,500,4031,100,402,0.2,0.2362767702410592,0.5261702831321182,0.2290040612992422,0.2432049224960379,0.5570546936458594,0.0,0.0,0.0,0.0,0.0,402.0
018_NAB_id_18_Facility_tr_500_1st_669.csv,NAB,eva,spot,q0.001_d50,0,500,1881,5,188,0.1,0.1175891561995182,0.3637419521677872,0.2396409754991257,0.1203454572818365,0.3703278688657597,0.0,0.0,0.0,0.0,5.0,188.0
019_NAB_id_19_Facility_tr_1007_1st_1171.csv,NAB,eva,spot,q0.001_d50,0,500,4031,8,400,0.1,0.1859540665977187,0.6035168476525071,0.2464752805302279,0.1796685540609372,0.6073797571937095,0.875,0.0175,0.034313725490196,7.0,1.0,393.0
020_NAB_id_20_Synthetic_tr_1007_1st_2679.csv,NAB,eva,spot,q0.001_d50,0,500,4031,288,621,0.1,0.1493698976755338,0.3544050998555704,0.2991304040716358,0.2296072885751706,0.4820528457789373,0.1572327044025157,0.1610305958132045,0.1591089896579156,100.0,536.0,521.0
021_NAB_id_21_WebService_tr_500_1st_565.csv,NAB,tuning,spot,q0.001_d50,0,500,1623,24,160,0.2,0.1411055524754048,0.4552310488058151,0.2507815057040723,0.1475903060796112,0.4997036204139808,0.25,0.025,0.0454545454545454,4.0,12.0,156.0
022_NAB_id_22_Facility_tr_1007_1st_2980.csv,NAB,eva,spot,q0.001_d50,0,500,4031,4,520,0.2,0.4235167836248769,0.8247608129167412,0.5720063002491661,0.422737633660969,0.8269273761561591,0.4380853277835588,0.8096153846153846,0.5685347738014855,421.0,540.0,99.0
023_NAB_id_23_Facility_tr_4512_1st_16551.csv,NAB,eva,spot,q0.001_d50,0,500,18049,12,1498,2.0,0.3547252831318202,0.7540786839412656,0.3183079134059018,0.3517071138454062,0.7547726931412946,0.2478632478632478,0.3097463284379172,0.2753709198813057,464.0,1408.0,1034.0
024_NAB_id_24_Synthetic_tr_1007_1st_2787.csv,NAB,eva,spot,q0.001_d50,0,500,4031,288,513,0.2,0.3526767760618782,0.5329510913724929,0.3478232136343221,0.3918106260410834,0.6281985787137241,0.9310344827586208,0.2105263157894736,0.3434022257551669,108.0,8.0,405.0
025_NAB_id_25_WebService_tr_3958_1st_4614.csv,NAB,eva,spot,q0.001_d50,0,500,15832,16,1580,0.1,0.1078903607890316,0.4982653386204814,0.187187516086892,0.1064318611819573,0.5011636118593352,0.25,0.0037974683544303,0.0074812967581047,6.0,18.0,1574.0
026_NAB_id_26_Traffic_tr_624_1st_2261.csv,NAB,eva,spot,q0.001_d50,0,500,2499,8,238,0.1,0.1626023266837155,0.5678901884433502,0.2268826117500132,0.1567661205044009,0.5700061929959058,0.3333333333333333,0.0126050420168067,0.0242914979757085,3.0,6.0,235.0
027_NAB_id_27_Facility_tr_757_1st_2582.csv,NAB,eva,spot,q0.001_d50,0,500,3031,5,200,0.1,0.1346543442895147,0.5503946803946804,0.1972643611839951,0.1337543928599642,0.5537476548414916,0.4166666666666667,0.05,0.0892857142857142,10.0,14.0,190.0
028_NAB_id_28_Facility_tr_1007_1st_3447.csv,NAB,eva,spot,q0.001_d50,0,500,4031,289,430,0.2,0.1544323283599238,0.5257771311579911,0.2280750023810878,0.2083255450188554,0.6195451809643304,0.2142857142857142,0.0069767441860465,0.0135135135135135,3.0,11.0,427.0
551_YAHOO_id_1_Synthetic_tr_500_1st_893.csv,YAHOO,eva,spot,q0.001_d50,0,500,1421,105,1,0.1,0.0017482517482517,0.3793478260869565,0.0034903665534089,0.0235803731521319,0.8644139778196561,0.0,0.0,0.0,0.0,19.0,1.0
552_YAHOO_id_2_Synthetic_tr_500_1st_893.csv,YAHOO,eva,spot,q0.001_d50,0,500,1421,100,1,0.1,1.0,1.0,0.999995000025,1.0,1.0,0.0625,1.0,0.1176470588235294,1.0,15.0,0.0
555_YAHOO_id_5_WebService_tr_500_1st_730.csv,YAHOO,eva,spot,q0.001_d50,0,500,1680,24,4,0.1,0.1372160088330094,0.8329081632653061,0.3333288889481474,0.114796502836404,0.9480832105545388,0.125,0.25,0.1666666666666666,1.0,7.0,3.0
558_YAHOO_id_8_WebService_tr_500_1st_1125.csv,YAHOO,eva,spot,q0.001_d50,0,500,1427,24,80,0.0,0.0629019266907322,0.2906951003541912,0.1588863228637408,0.0784342239364892,0.3890132083898697,0.0909090909090909,0.0125,0.0219780219780219,1.0,10.0,79.0
560_YAHOO_id_10_Synthetic_tr_500_1st_893.csv,YAHOO,tuning,spot,q0.001_d50,0,500,1421,158,1,0.1,0.0011074197120708,0.0195652173913043,0.0022123672813312,0.1042856964983576,0.969834703411398,0.0,0.0,0.0,0.0,0.0,1.0
562_YAHOO_id_12_Synthetic_tr_500_1st_893.csv,YAHOO,eva,spot,q0.001_d50,0,500,1421,126,1,0.1,1.0,1.0,0.999995000025,1.0,1.0,0.1111111111111111,1.0,0.1999999999999999,1.0,8.0,0.0
568_YAHOO_id_18_WebService_tr_500_1st_333.csv,YAHOO,tuning,spot,q0.001_d50,0,500,1680,24,1,0.1,0.0169491525423728,0.9508057675996608,0.0333330055587786,0.0388237317393043,0.9740421088828594,0.0,0.0,0.0,0.0,0.0,1.0
006_NAB_id_6_Traffic_tr_2579_1st_5839.csv,NAB,eva,guardgp,default,0,500,10319,125,1030,11.2,0.1351867759069884,0.5228724785063412,0.1915664918069201,0.1604836946199903,0.6016098618025079,0.1,0.0019417475728155,0.0038095238095238,2.0,18.0,1028.0
570_YAHOO_id_20_Synthetic_tr_500_1st_658.csv,YAHOO,eva,spot,q0.001_d50,0,500,1421,135,4,0.1,0.0576953131494505,0.5474372955288986,0.1818152066602546,0.6747674415418959,0.9788917565690028,0.0666666666666666,0.5,0.1176470588235294,2.0,28.0,2.0
571_YAHOO_id_21_Synthetic_tr_500_1st_623.csv,YAHOO,eva,spot,q0.001_d50,0,500,1421,35,9,0.1,1.0,1.0,0.999995000025,1.0,1.0,0.6428571428571429,1.0,0.782608695652174,9.0,5.0,0.0
573_YAHOO_id_23_Synthetic_tr_500_1st_623.csv,YAHOO,tuning,spot,q0.001_d50,0,500,1421,35,9,0.1,1.0,1.0,0.999995000025,1.0,1.0,0.6428571428571429,1.0,0.782608695652174,9.0,5.0,0.0
579_YAHOO_id_29_WebService_tr_500_1st_1342.csv,YAHOO,eva,spot,q0.001_d50,0,500,1680,24,1,0.1,1.0,1.0,0.999995000025,1.0,1.0,0.5,1.0,0.6666666666666666,1.0,1.0,0.0
583_YAHOO_id_33_WebService_tr_500_1st_1616.csv,YAHOO,tuning,spot,q0.001_d50,0,500,1680,24,1,0.1,1.0,1.0,0.999995000025,1.0,1.0,1.0,1.0,1.0,1.0,0.0,0.0
603_YAHOO_id_53_Synthetic_tr_500_1st_893.csv,YAHOO,eva,spot,q0.001_d50,0,500,1421,4,1,0.1,1.0,1.0,0.999995000025,1.0,1.0,0.5,1.0,0.6666666666666666,1.0,1.0,0.0
643_YAHOO_id_93_WebService_tr_500_1st_1038.csv,YAHOO,tuning,spot,q0.001_d50,0,500,1680,24,1,0.0,0.0041493775933609,0.7964376590330788,0.0082643805076156,0.0041322314049586,0.7972858354537743,0.0,0.0,0.0,0.0,0.0,1.0
644_YAHOO_id_94_WebService_tr_500_1st_1078.csv,YAHOO,eva,spot,q0.001_d50,0,500,1435,24,75,0.0,0.0608628329830617,0.3871395348837209,0.1505140371056714,0.0708074762726721,0.4298170981088137,0.0,0.0,0.0,0.0,3.0,75.0
645_YAHOO_id_95_WebService_tr_500_1st_1047.csv,YAHOO,eva,spot,q0.001_d50,0,500,1680,24,1,0.1,1.0,1.0,0.999995000025,1.0,1.0,1.0,1.0,1.0,1.0,0.0,0.0
649_YAHOO_id_99_WebService_tr_500_1st_1386.csv,YAHOO,eva,spot,q0.001_d50,0,500,1680,168,1,0.0,0.0344827586206896,0.976251060220526,0.0666660222284517,0.2459872631388609,0.9857643124735832,0.0,0.0,0.0,0.0,0.0,1.0
657_YAHOO_id_107_WebService_tr_500_1st_1260.csv,YAHOO,eva,spot,q0.001_d50,0,500,1440,4,1,0.0,1.0,1.0,0.999995000025,1.0,1.0,1.0,1.0,1.0,1.0,0.0,0.0
658_YAHOO_id_108_Synthetic_tr_500_1st_893.csv,YAHOO,eva,spot,q0.001_d50,0,500,1421,125,1,0.0,1.0,1.0,0.999995000025,1.0,1.0,0.032258064516129,1.0,0.0625,1.0,30.0,0.0
672_YAHOO_id_122_WebService_tr_500_1st_857.csv,YAHOO,eva,spot,q0.001_d50,0,500,1680,24,1,0.0,0.25,0.9974554707379136,0.3999968000255998,0.2,0.997879558948262,0.0,0.0,0.0,0.0,0.0,1.0
680_YAHOO_id_130_Synthetic_tr_500_1st_893.csv,YAHOO,eva,spot,q0.001_d50,0,500,1421,118,1,0.1,0.015625,0.9315217391304348,0.0307689278136338,0.6686334573689086,0.9925991399383068,0.0,0.0,0.0,0.0,9.0,1.0
689_YAHOO_id_139_WebService_tr_500_1st_1073.csv,YAHOO,eva,spot,q0.001_d50,0,500,1680,24,1,0.1,1.0,1.0,0.999995000025,1.0,1.0,0.5,1.0,0.6666666666666666,1.0,1.0,0.0
693_YAHOO_id_143_WebService_tr_500_1st_1003.csv,YAHOO,eva,spot,q0.001_d50,0,500,1427,24,2,0.0,1.0,1.0,0.999995000025,0.625,0.9991891891891892,0.2857142857142857,1.0,0.4444444444444445,2.0,5.0,0.0
701_YAHOO_id_151_Synthetic_tr_500_1st_893.csv,YAHOO,eva,spot,q0.001_d50,0,500,1421,156,1,0.1,1.0,1.0,0.999995000025,1.0,1.0,1.0,1.0,1.0,1.0,0.0,0.0
723_YAHOO_id_173_WebService_tr_500_1st_1214.csv,YAHOO,eva,spot,q0.001_d50,0,500,1420,48,2,0.2,1.0,1.0,0.999995000025,0.7448979591836735,0.999444222133298,0.0408163265306122,1.0,0.0784313725490195,2.0,47.0,0.0
724_YAHOO_id_174_WebService_tr_500_1st_1030.csv,YAHOO,eva,spot,q0.001_d50,0,500,1680,24,5,0.1,0.6778293135435992,0.9662978723404256,0.7499953125292966,0.3770303735218669,0.9834679736537496,0.3,0.6,0.4,3.0,7.0,2.0
734_YAHOO_id_184_WebService_tr_500_1st_768.csv,YAHOO,eva,spot,q0.001_d50,0,500,1424,23,227,0.1,0.9582027990188964,0.9729868094223828,0.919426308398209,0.972500675633734,0.9872013054652043,0.908256880733945,0.8722466960352423,0.8898876404494381,198.0,20.0,29.0
741_YAHOO_id_191_WebService_tr_500_1st_1114.csv,YAHOO,eva,spot,q0.001_d50,0,500,1680,24,2,0.1,0.75,0.999151103565365,0.6666622222518517,0.5500000000000003,0.9990449915110357,0.3333333333333333,0.5,0.4,1.0,2.0,1.0
755_YAHOO_id_205_Synthetic_tr_500_1st_893.csv,YAHOO,eva,spot,q0.001_d50,0,500,1421,125,1,0.1,1.0,1.0,0.999995000025,1.0,1.0,0.0625,1.0,0.1176470588235294,1.0,15.0,0.0
762_YAHOO_id_212_WebService_tr_500_1st_1055.csv,YAHOO,eva,spot,q0.001_d50,0,500,1680,24,2,0.1,0.0074054621848739,0.8094227504244482,0.0175435149344433,0.0069923720010345,0.7623280739355519,0.0,0.0,0.0,0.0,1.0,2.0
007_NAB_id_7_Traffic_tr_624_1st_2087.csv,NAB,tuning,guardgp,default,0,500,2499,5,248,3.9,0.2574976680435814,0.6068536872938965,0.2788558984259294,0.2540892092211911,0.6103871449966488,0.8,0.032258064516129,0.0620155038759689,8.0,2.0,240.0
780_YAHOO_id_230_Synthetic_tr_500_1st_893.csv,YAHOO,eva,spot,q0.001_d50,0,500,1421,154,1,0.1,1.0,1.0,0.999995000025,1.0,1.0,1.0,1.0,1.0,1.0,0.0,0.0
788_YAHOO_id_238_WebService_tr_500_1st_973.csv,YAHOO,eva,spot,q0.001_d50,0,500,1680,24,1,0.0,0.25,0.9974554707379136,0.3999968000255998,0.2,0.997879558948262,0.0,0.0,0.0,0.0,0.0,1.0
797_YAHOO_id_247_Synthetic_tr_500_1st_893.csv,YAHOO,eva,spot,q0.001_d50,0,500,1421,158,1,0.1,0.0011210762331838,0.0315217391304347,0.0022396192862216,0.0769290220119208,0.965400399259957,0.0,0.0,0.0,0.0,0.0,1.0
806_YAHOO_id_256_Synthetic_tr_500_1st_893.csv,YAHOO,eva,spot,q0.001_d50,0,500,1421,118,1,0.1,0.0012406947890818,0.125,0.0024782899937827,0.2376919422544264,0.9651851965700357,0.0,0.0,0.0,0.0,1.0,1.0
807_YAHOO_id_257_WebService_tr_500_1st_1210.csv,YAHOO,eva,spot,q0.001_d50,0,500,1424,24,17,0.1,0.2804607761587374,0.8754783059861211,0.3846108580414399,0.5599711662055532,0.959582149239281,0.0481927710843373,0.9411764705882352,0.0916905444126074,16.0,316.0,1.0
001_NAB_id_1_Facility_tr_1007_1st_2014.csv,NAB,eva,spot,q0.001_d200,0,500,4031,6,343,0.4,0.1516017332758672,0.5226112133327968,0.1859483300008942,0.1473694195608319,0.5275762878738258,0.2658227848101265,0.0612244897959183,0.0995260663507108,21.0,58.0,322.0
002_NAB_id_2_WebService_tr_1500_1st_4106.csv,NAB,eva,spot,q0.001_d200,0,500,6000,5,637,0.1,0.240842929040156,0.6475847967431645,0.2944739466112108,0.2331808885287281,0.6483674973753605,1.0,0.0251177394034536,0.0490045941807044,16.0,0.0,621.0
003_NAB_id_3_WebService_tr_1362_1st_1462.csv,NAB,tuning,spot,q0.001_d200,0,500,15852,21,1523,0.6,0.0975772071730566,0.4606095548351174,0.1890292884329964,0.0942714710235071,0.4567812602267234,0.0876387294297742,0.4510833880499015,0.1467635120700705,687.0,7152.0,836.0
004_NAB_id_4_Facility_tr_1007_1st_1437.csv,NAB,tuning,spot,q0.001_d200,0,500,4031,50,402,0.1,0.2815642704500104,0.7797231483998989,0.4421134188483138,0.288683947390311,0.7857117699216696,0.8571428571428571,0.0149253731343283,0.0293398533007334,6.0,1.0,396.0
005_NAB_id_5_Traffic_tr_594_1st_1645.csv,NAB,eva,spot,q0.001_d200,0,500,2379,22,238,0.1,0.1319612284922932,0.5049211640780626,0.2273389120328772,0.1330184351137582,0.5134389849649074,0.6666666666666666,0.0084033613445378,0.0165975103734439,2.0,1.0,236.0
006_NAB_id_6_Traffic_tr_2579_1st_5839.csv,NAB,eva,spot,q0.001_d200,0,500,10319,125,1030,0.2,0.1323441573423097,0.5553647708355656,0.2055333516178076,0.1521588211549258,0.6283433349242916,0.117014122394082,0.1689320388349514,0.1382598331346841,174.0,1313.0,856.0
007_NAB_id_7_Traffic_tr_624_1st_2087.csv,NAB,tuning,spot,q0.001_d200,0,500,2499,5,248,0.0,0.242324418538887,0.6159763545255246,0.2579664098280443,0.2419692225207505,0.6212150194887985,1.0,0.0524193548387096,0.0996168582375478,13.0,0.0,235.0
008_NAB_id_8_Synthetic_tr_1007_1st_2734.csv,NAB,eva,spot,q0.001_d200,0,500,4031,71,402,0.3,0.1459996096471524,0.5606833203747958,0.3756937159513321,0.1587600927400884,0.5895290902969244,0.0998086734693877,0.7786069651741293,0.1769361221028829,313.0,2823.0,89.0
009_NAB_id_9_Traffic_tr_500_1st_438.csv,NAB,eva,spot,q0.001_d200,0,500,2161,128,154,0.0,0.133816166803487,0.6006105705840279,0.2189299507443752,0.1887096662353466,0.6662802857483568,0.0,0.0,0.0,0.0,0.0,154.0
010_NAB_id_10_WebService_tr_500_1st_271.csv,NAB,eva,spot,q0.001_d200,0,500,1000,142,48,0.0,0.0938040121045321,0.448377581120944,0.1806433099045104,0.1199124696111312,0.5561683451432015,0.0,0.0,0.0,0.0,0.0,48.0
008_NAB_id_8_Synthetic_tr_1007_1st_2734.csv,NAB,eva,guardgp,default,0,500,4031,71,402,5.0,0.2567711876231623,0.5266270119520646,0.3387347452138702,0.2826781150931434,0.5563142572311017,0.5081081081081081,0.2338308457711442,0.3202725724020442,94.0,91.0,308.0
011_NAB_id_11_Facility_tr_1007_1st_1526.csv,NAB,eva,spot,q0.001_d200,0,500,4031,204,474,0.4,0.4336806723230639,0.6213263051252642,0.4451683705179979,0.4566643685641561,0.678343988423354,0.6682027649769585,0.3059071729957806,0.4196816208393632,145.0,72.0,329.0
012_NAB_id_12_Synthetic_tr_1007_1st_2787.csv,NAB,tuning,spot,q0.001_d200,0,500,4031,288,513,0.2,0.0957879270614972,0.2268287610270798,0.2537069835821982,0.1186732752706725,0.3217214766501933,0.0,0.0,0.0,0.0,1.0,513.0
013_NAB_id_13_Traffic_tr_623_1st_2084.csv,NAB,eva,spot,q0.001_d200,0,500,2494,247,248,0.1,0.2366138696741281,0.573274627720504,0.2485304596971651,0.3563439224277345,0.7507417256962292,1.0,0.064516129032258,0.1212121212121212,16.0,0.0,232.0
014_NAB_id_14_WebService_tr_500_1st_1045.csv,NAB,eva,spot,q0.001_d200,0,500,1537,23,152,0.0,0.127935805883014,0.4264644662503717,0.2561056017750814,0.1356283029553348,0.4518928907537758,0.3333333333333333,0.006578947368421,0.0129032258064516,1.0,2.0,151.0
015_NAB_id_15_Synthetic_tr_1007_1st_2787.csv,NAB,eva,spot,q0.001_d200,0,500,4031,288,513,0.3,0.0957474428798202,0.2391595844039079,0.2537069835821982,0.1200968195235244,0.3359091905657024,0.0,0.0,0.0,0.0,8.0,513.0
016_NAB_id_16_Environment_tr_1816_1st_3540.csv,NAB,eva,spot,q0.001_d200,0,500,7266,23,724,0.3,0.1674359078691142,0.5798238298759513,0.2161843214344437,0.1660743019601611,0.5914983627046136,0.3381294964028777,0.0649171270718232,0.1089223638470451,47.0,92.0,677.0
017_NAB_id_17_Synthetic_tr_1007_1st_1805.csv,NAB,eva,spot,q0.001_d200,0,500,4031,100,402,0.1,0.4361623156044956,0.7420785971071457,0.609715346222232,0.4521830100072414,0.751295004018686,0.0,0.0,0.0,0.0,0.0,402.0
009_NAB_id_9_Traffic_tr_500_1st_438.csv,NAB,eva,guardgp,default,0,500,2161,128,154,3.3,0.0770392259232428,0.349679849016279,0.1696954167267923,0.0846704823688361,0.3969070231349133,0.2702702702702703,0.0649350649350649,0.1047120418848167,10.0,27.0,144.0
018_NAB_id_18_Facility_tr_500_1st_669.csv,NAB,eva,spot,q0.001_d200,0,500,1881,5,188,0.2,0.1239180384695787,0.4737341941467068,0.2612902927438761,0.1258534904604781,0.4746958832409824,0.0,0.0,0.0,0.0,6.0,188.0
019_NAB_id_19_Facility_tr_1007_1st_1171.csv,NAB,eva,spot,q0.001_d200,0,500,4031,8,400,0.1,0.2454016108320583,0.6735659533695306,0.3010335365438963,0.2406141953924793,0.6783995538777289,0.9166666666666666,0.0275,0.0533980582524271,11.0,1.0,389.0
020_NAB_id_20_Synthetic_tr_1007_1st_2679.csv,NAB,eva,spot,q0.001_d200,0,500,4031,288,621,0.2,0.1381227771699631,0.2720033644880499,0.2991304040716358,0.1676963071545579,0.3537606108305178,0.2692307692307692,0.0225442834138486,0.0416047548291233,14.0,38.0,607.0
021_NAB_id_21_WebService_tr_500_1st_565.csv,NAB,tuning,spot,q0.001_d200,0,500,1623,24,160,0.1,0.1508548634103172,0.4883696780893042,0.254572161768803,0.1595179300667803,0.5335380943210187,0.2666666666666666,0.025,0.0457142857142857,4.0,11.0,156.0
022_NAB_id_22_Facility_tr_1007_1st_2980.csv,NAB,eva,spot,q0.001_d200,0,500,4031,4,520,0.2,0.4215799313254886,0.817522609406535,0.5720063002491661,0.4208215747740406,0.819699280889072,0.4408376963350785,0.8096153846153846,0.5708474576271186,421.0,534.0,99.0
004_NAB_id_4_Facility_tr_1007_1st_1437.csv,NAB,tuning,rrcf,sh4_ts256,0,500,4031,50,402,22.4,0.1517019790791718,0.5367330811586046,0.2201622319855626,0.1546933139132469,0.5559388086875063,,,,,,
010_NAB_id_10_WebService_tr_500_1st_271.csv,NAB,eva,guardgp,default,0,500,1000,142,48,2.2,0.2871287835523534,0.6280881268436578,0.2833285334146496,0.3643208771806858,0.7660622627997054,1.0,0.0208333333333333,0.0408163265306122,1.0,0.0,47.0
023_NAB_id_23_Facility_tr_4512_1st_16551.csv,NAB,eva,spot,q0.001_d200,0,500,18049,12,1498,1.7,0.4572988049810593,0.7892455864355599,0.436094653976849,0.4552185768223735,0.7899233847609779,0.4515845070422535,0.342456608811749,0.3895216400911162,513.0,623.0,985.0
024_NAB_id_24_Synthetic_tr_1007_1st_2787.csv,NAB,eva,spot,q0.001_d200,0,500,4031,288,513,0.2,0.3224434629269269,0.4218218951398819,0.3508742178010721,0.3666405816003156,0.5218192926933365,0.6748466257668712,0.2144249512670565,0.3254437869822485,110.0,53.0,403.0
025_NAB_id_25_WebService_tr_3958_1st_4614.csv,NAB,eva,spot,q0.001_d200,0,500,15832,16,1580,0.2,0.1058752375452212,0.5105570605150183,0.1882556694170481,0.1045146425583452,0.5130310819199126,0.238095238095238,0.0031645569620253,0.0062460961898813,5.0,16.0,1575.0
026_NAB_id_26_Traffic_tr_624_1st_2261.csv,NAB,eva,spot,q0.001_d200,0,500,2499,8,238,0.1,0.1578077492442596,0.5541303403814677,0.2301886446261727,0.1534214865021291,0.5565892373231658,0.4285714285714285,0.0126050420168067,0.0244897959183673,3.0,4.0,235.0
027_NAB_id_27_Facility_tr_757_1st_2582.csv,NAB,eva,spot,q0.001_d200,0,500,3031,5,200,0.2,0.088247688308573,0.4831188331188332,0.1470574289947948,0.0859625246096153,0.4866845920956946,0.125,0.02,0.0344827586206896,4.0,28.0,196.0
028_NAB_id_28_Facility_tr_1007_1st_3447.csv,NAB,eva,spot,q0.001_d200,0,500,4031,289,430,0.2,0.2126926310410868,0.539432891115394,0.263561447103368,0.288944296086087,0.618870847578495,0.2941176470588235,0.0116279069767441,0.0223713646532438,5.0,12.0,425.0
551_YAHOO_id_1_Synthetic_tr_500_1st_893.csv,YAHOO,eva,spot,q0.001_d200,0,500,1421,105,1,0.0,1.0,1.0,0.999995000025,1.0,1.0,0.0588235294117647,1.0,0.1111111111111111,1.0,16.0,0.0
552_YAHOO_id_2_Synthetic_tr_500_1st_893.csv,YAHOO,eva,spot,q0.001_d200,0,500,1421,100,1,0.1,1.0,1.0,0.999995000025,1.0,1.0,0.0769230769230769,1.0,0.1428571428571428,1.0,12.0,0.0
555_YAHOO_id_5_WebService_tr_500_1st_730.csv,YAHOO,eva,spot,q0.001_d200,0,500,1680,24,4,0.1,0.2569175109007856,0.74468537414966,0.3999968000255998,0.2097166373213447,0.944166572228454,0.1666666666666666,0.25,0.2,1.0,5.0,3.0
558_YAHOO_id_8_WebService_tr_500_1st_1125.csv,YAHOO,eva,spot,q0.001_d200,0,500,1427,24,80,0.1,0.1265942232864855,0.7042798110979929,0.2784785379329101,0.1400127221858693,0.7244645226648206,0.0,0.0,0.0,0.0,27.0,80.0
560_YAHOO_id_10_Synthetic_tr_500_1st_893.csv,YAHOO,tuning,spot,q0.001_d200,0,500,1421,158,1,0.1,0.0011098779134295,0.0217391304347825,0.0022172727520759,0.0404580213351984,0.8281918984142599,0.0,0.0,0.0,0.0,4.0,1.0
562_YAHOO_id_12_Synthetic_tr_500_1st_893.csv,YAHOO,eva,spot,q0.001_d200,0,500,1421,126,1,0.0,1.0,1.0,0.999995000025,1.0,1.0,0.1111111111111111,1.0,0.1999999999999999,1.0,8.0,0.0
568_YAHOO_id_18_WebService_tr_500_1st_333.csv,YAHOO,tuning,spot,q0.001_d200,0,500,1680,24,1,0.1,0.0196078431372549,0.9575911789652248,0.0384611612463031,0.0306861867487744,0.9687804799501936,0.0,0.0,0.0,0.0,0.0,1.0
570_YAHOO_id_20_Synthetic_tr_500_1st_658.csv,YAHOO,eva,spot,q0.001_d200,0,500,1421,135,4,0.0,0.0044045232522086,0.4081243184296619,0.012598300007444,0.080645333849249,0.795109927443706,0.0,0.0,0.0,0.0,1.0,4.0
571_YAHOO_id_21_Synthetic_tr_500_1st_623.csv,YAHOO,eva,spot,q0.001_d200,0,500,1421,35,9,0.0,1.0,1.0,0.999995000025,1.0,1.0,0.9,1.0,0.9473684210526316,9.0,1.0,0.0
573_YAHOO_id_23_Synthetic_tr_500_1st_623.csv,YAHOO,tuning,spot,q0.001_d200,0,500,1421,35,9,0.0,1.0,1.0,0.999995000025,1.0,1.0,0.9,1.0,0.9473684210526316,9.0,1.0,0.0
011_NAB_id_11_Facility_tr_1007_1st_1526.csv,NAB,eva,guardgp,default,0,500,4031,204,474,5.1,0.4792413344642404,0.6664782632099808,0.4693211839321012,0.5099031467128573,0.726347354408818,0.9782608695652174,0.2848101265822785,0.4411764705882353,135.0,3.0,339.0
579_YAHOO_id_29_WebService_tr_500_1st_1342.csv,YAHOO,eva,spot,q0.001_d200,0,500,1680,24,1,0.1,1.0,1.0,0.999995000025,1.0,1.0,0.0909090909090909,1.0,0.1666666666666666,1.0,10.0,0.0
583_YAHOO_id_33_WebService_tr_500_1st_1616.csv,YAHOO,tuning,spot,q0.001_d200,0,500,1680,24,1,0.1,1.0,1.0,0.999995000025,1.0,1.0,1.0,1.0,1.0,1.0,0.0,0.0
603_YAHOO_id_53_Synthetic_tr_500_1st_893.csv,YAHOO,eva,spot,q0.001_d200,0,500,1421,4,1,0.0,1.0,1.0,0.999995000025,1.0,1.0,0.1428571428571428,1.0,0.25,1.0,6.0,0.0
643_YAHOO_id_93_WebService_tr_500_1st_1038.csv,YAHOO,tuning,spot,q0.001_d200,0,500,1680,24,1,0.0,0.0060240963855421,0.8600508905852418,0.0119759288620244,0.0060240963855421,0.8617472434266324,0.0,0.0,0.0,0.0,0.0,1.0
644_YAHOO_id_94_WebService_tr_500_1st_1078.csv,YAHOO,eva,spot,q0.001_d200,0,500,1435,24,75,0.0,0.1517008945740017,0.7805271317829456,0.3509585827957866,0.1584799934529489,0.7805357255562426,0.0,0.0,0.0,0.0,6.0,75.0
645_YAHOO_id_95_WebService_tr_500_1st_1047.csv,YAHOO,eva,spot,q0.001_d200,0,500,1680,24,1,0.1,1.0,1.0,0.999995000025,1.0,1.0,0.3333333333333333,1.0,0.5,1.0,2.0,0.0
649_YAHOO_id_99_WebService_tr_500_1st_1386.csv,YAHOO,eva,spot,q0.001_d200,0,500,1680,168,1,0.0,1.0,1.0,0.999995000025,1.0,1.0,0.0,0.0,0.0,0.0,0.0,1.0
657_YAHOO_id_107_WebService_tr_500_1st_1260.csv,YAHOO,eva,spot,q0.001_d200,0,500,1440,4,1,0.0,1.0,1.0,0.999995000025,1.0,1.0,1.0,1.0,1.0,1.0,0.0,0.0
658_YAHOO_id_108_Synthetic_tr_500_1st_893.csv,YAHOO,eva,spot,q0.001_d200,0,500,1421,125,1,0.0,1.0,1.0,0.999995000025,1.0,1.0,0.0052356020942408,1.0,0.0104166666666666,1.0,190.0,0.0
672_YAHOO_id_122_WebService_tr_500_1st_857.csv,YAHOO,eva,spot,q0.001_d200,0,500,1680,24,1,0.0,0.5,0.9991518235793044,0.6666622222518517,0.2,0.997879558948262,0.0,0.0,0.0,0.0,0.0,1.0
680_YAHOO_id_130_Synthetic_tr_500_1st_893.csv,YAHOO,eva,spot,q0.001_d200,0,500,1421,118,1,0.1,1.0,1.0,0.999995000025,1.0,1.0,1.0,1.0,1.0,1.0,0.0,0.0
689_YAHOO_id_139_WebService_tr_500_1st_1073.csv,YAHOO,eva,spot,q0.001_d200,0,500,1680,24,1,0.1,1.0,1.0,0.999995000025,1.0,1.0,0.1666666666666666,1.0,0.2857142857142857,1.0,5.0,0.0
693_YAHOO_id_143_WebService_tr_500_1st_1003.csv,YAHOO,eva,spot,q0.001_d200,0,500,1427,24,2,0.1,1.0,1.0,0.999995000025,0.625,0.9991891891891892,0.4,1.0,0.5714285714285715,2.0,3.0,0.0
701_YAHOO_id_151_Synthetic_tr_500_1st_893.csv,YAHOO,eva,spot,q0.001_d200,0,500,1421,156,1,0.0,1.0,1.0,0.999995000025,1.0,1.0,0.5,1.0,0.6666666666666666,1.0,1.0,0.0
723_YAHOO_id_173_WebService_tr_500_1st_1214.csv,YAHOO,eva,spot,q0.001_d200,0,500,1420,48,2,0.1,1.0,1.0,0.999995000025,0.7448979591836735,0.999444222133298,0.0588235294117647,1.0,0.1111111111111111,2.0,32.0,0.0
724_YAHOO_id_174_WebService_tr_500_1st_1030.csv,YAHOO,eva,spot,q0.001_d200,0,500,1680,24,5,0.1,0.6220880681818182,0.9504680851063828,0.7499953125292966,0.3442314805486204,0.978563551242976,0.75,0.6,0.6666666666666665,3.0,1.0,2.0
734_YAHOO_id_184_WebService_tr_500_1st_768.csv,YAHOO,eva,spot,q0.001_d200,0,500,1424,23,227,0.1,0.956172525360274,0.9742698411695182,0.924523326944713,0.9647991681206216,0.9825674077607868,0.9949238578680204,0.8634361233480177,0.9245283018867924,196.0,1.0,31.0
741_YAHOO_id_191_WebService_tr_500_1st_1114.csv,YAHOO,eva,spot,q0.001_d200,0,500,1680,24,2,0.0,0.625,0.997453310696095,0.6666622222518517,0.4000000000000001,0.9961799660441424,1.0,0.5,0.6666666666666666,1.0,0.0,1.0
755_YAHOO_id_205_Synthetic_tr_500_1st_893.csv,YAHOO,eva,spot,q0.001_d200,0,500,1421,125,1,0.1,1.0,1.0,0.999995000025,1.0,1.0,0.1,1.0,0.1818181818181818,1.0,9.0,0.0
762_YAHOO_id_212_WebService_tr_500_1st_1055.csv,YAHOO,eva,spot,q0.001_d200,0,500,1680,24,2,0.1,0.0052664576802507,0.7062818336162988,0.0136051737754833,0.0071335858559455,0.646270623305477,0.0,0.0,0.0,0.0,11.0,2.0
780_YAHOO_id_230_Synthetic_tr_500_1st_893.csv,YAHOO,eva,spot,q0.001_d200,0,500,1421,154,1,0.0,0.5,0.9989130434782608,0.6666622222518517,0.2771909160339872,0.9978851247948822,0.5,1.0,0.6666666666666666,1.0,1.0,0.0
788_YAHOO_id_238_WebService_tr_500_1st_973.csv,YAHOO,eva,spot,q0.001_d200,0,500,1680,24,1,0.0,0.015625,0.9465648854961832,0.0307689278136338,0.0149253731343283,0.9457167090754872,0.0,0.0,0.0,0.0,0.0,1.0
797_YAHOO_id_247_Synthetic_tr_500_1st_893.csv,YAHOO,eva,spot,q0.001_d200,0,500,1421,158,1,0.0,0.0011074197120708,0.0195652173913043,0.0022123672813312,0.11375897709286,0.9564370506023038,0.0,0.0,0.0,0.0,1.0,1.0
806_YAHOO_id_256_Synthetic_tr_500_1st_893.csv,YAHOO,eva,spot,q0.001_d200,0,500,1421,118,1,0.1,0.0013071895424836,0.1695652173913043,0.0026109399821268,0.029106868713117,0.8449911354743905,0.0,0.0,0.0,0.0,0.0,1.0
807_YAHOO_id_257_WebService_tr_500_1st_1210.csv,YAHOO,eva,spot,q0.001_d200,0,500,1424,24,17,0.1,0.388970505823108,0.9682858810558402,0.3846108580414399,0.7269498595183228,0.9904194026953156,0.0413625304136253,1.0,0.0794392523364486,17.0,394.0,0.0
007_NAB_id_7_Traffic_tr_624_1st_2087.csv,NAB,tuning,rrcf,sh4_ts256,0,500,2499,5,248,10.5,0.2135406226024837,0.5775040990401797,0.241549909678563,0.204622537761125,0.5807634165340345,,,,,,
001_NAB_id_1_Facility_tr_1007_1st_2014.csv,NAB,eva,spot,q0.0001_d50,0,500,4031,6,343,0.5,0.1533338866034693,0.5241713641900567,0.1851481464459531,0.1483175456009867,0.5286315103834863,0.5483870967741935,0.0495626822157434,0.0909090909090909,17.0,14.0,326.0
002_NAB_id_2_WebService_tr_1500_1st_4106.csv,NAB,eva,spot,q0.0001_d50,0,500,6000,5,637,0.1,0.3504984377363871,0.6108968144748527,0.3433337363557743,0.3482776742181769,0.6117410227688618,1.0,0.1271585557299843,0.2256267409470752,81.0,0.0,556.0
003_NAB_id_3_WebService_tr_1362_1st_1462.csv,NAB,tuning,spot,q0.0001_d50,0,500,15852,21,1523,0.2,0.0850484764483705,0.3841295854197363,0.1869320211798877,0.084881245040531,0.3253516340586047,0.1029329608938547,0.9678266579120156,0.1860758694691661,1474.0,12846.0,49.0
004_NAB_id_4_Facility_tr_1007_1st_1437.csv,NAB,tuning,spot,q0.0001_d50,0,500,4031,50,402,0.1,0.2408269381103711,0.7422602551321373,0.3836339119530195,0.2446649962275136,0.7568364294378762,1.0,0.0099502487562189,0.0197044334975369,4.0,0.0,398.0
005_NAB_id_5_Traffic_tr_594_1st_1645.csv,NAB,eva,spot,q0.0001_d50,0,500,2379,22,238,0.1,0.1546438569887858,0.5108332181135709,0.2306878596273437,0.154824341166553,0.5209236800409132,0.0,0.0,0.0,0.0,0.0,238.0
012_NAB_id_12_Synthetic_tr_1007_1st_2787.csv,NAB,tuning,guardgp,default,0,500,4031,288,513,5.6,0.119163607566948,0.3991063366390351,0.2542182340557089,0.1622019333146039,0.5209588063790199,0.0217391304347826,0.0019493177387914,0.0035778175313059,1.0,45.0,512.0
006_NAB_id_6_Traffic_tr_2579_1st_5839.csv,NAB,eva,spot,q0.0001_d50,0,500,10319,125,1030,0.4,0.1001081943556458,0.5028099444694217,0.1959033621882041,0.1233072906051906,0.5779777906051247,0.0763888888888889,0.0106796116504854,0.0187393526405451,11.0,133.0,1019.0
007_NAB_id_7_Traffic_tr_624_1st_2087.csv,NAB,tuning,spot,q0.0001_d50,0,500,2499,5,248,0.1,0.2389258727788427,0.5584781046775116,0.2280952191394571,0.2359927626069656,0.5631059184284036,1.0,0.0241935483870967,0.0472440944881889,6.0,0.0,242.0
008_NAB_id_8_Synthetic_tr_1007_1st_2734.csv,NAB,eva,spot,q0.0001_d50,0,500,4031,71,402,0.5,0.2822036208371372,0.5858236780304296,0.2933607924208951,0.3050130980283568,0.6194830883687334,0.1432777232580961,0.36318407960199,0.2054890921885996,146.0,873.0,256.0
009_NAB_id_9_Traffic_tr_500_1st_438.csv,NAB,eva,spot,q0.0001_d50,0,500,2161,128,154,0.0,0.4072022464764961,0.7342639112712105,0.4131415345668127,0.4760235966056625,0.7933319220407445,0.0,0.0,0.0,0.0,0.0,154.0
010_NAB_id_10_WebService_tr_500_1st_271.csv,NAB,eva,spot,q0.0001_d50,0,500,1000,142,48,0.0,0.4034045459016683,0.6199760324483775,0.4411723183781799,0.4333593992464046,0.7094852070829265,0.0,0.0,0.0,0.0,0.0,48.0
011_NAB_id_11_Facility_tr_1007_1st_1526.csv,NAB,eva,spot,q0.0001_d50,0,500,4031,204,474,0.5,0.4680308025207594,0.6754160403804508,0.4499961580406142,0.4956798798309166,0.7297014985371624,0.9714285714285714,0.2869198312236287,0.4429967426710097,136.0,4.0,338.0
012_NAB_id_12_Synthetic_tr_1007_1st_2787.csv,NAB,tuning,spot,q0.0001_d50,0,500,4031,288,513,0.3,0.1044665711567431,0.3313433240711675,0.2538477514718497,0.1386655690369439,0.4426691151809681,0.0,0.0,0.0,0.0,13.0,513.0
013_NAB_id_13_Traffic_tr_623_1st_2084.csv,NAB,eva,guardgp,default,0,500,2494,247,248,3.9,0.2738759921684026,0.5962453349591693,0.2681000545464774,0.4098398374708136,0.7734548685409167,0.9090909090909092,0.0806451612903225,0.1481481481481481,20.0,2.0,228.0
013_NAB_id_13_Traffic_tr_623_1st_2084.csv,NAB,eva,spot,q0.0001_d50,0,500,2494,247,248,0.1,0.4703252708120704,0.756883244651369,0.5057422248063913,0.5873331188706645,0.8791975920299738,0.0,0.0,0.0,0.0,0.0,248.0
014_NAB_id_14_WebService_tr_500_1st_1045.csv,NAB,eva,spot,q0.0001_d50,0,500,1537,23,152,0.0,0.1292763393222662,0.4376895628902765,0.2568470510614274,0.1360300233140795,0.4600204340567262,0.5,0.006578947368421,0.0129870129870129,1.0,1.0,151.0
015_NAB_id_15_Synthetic_tr_1007_1st_2787.csv,NAB,eva,spot,q0.0001_d50,0,500,4031,288,513,0.2,0.1312213599532946,0.449118802454926,0.2550716759937004,0.1741717968533972,0.5488497514052689,0.0,0.0,0.0,0.0,0.0,513.0
016_NAB_id_16_Environment_tr_1816_1st_3540.csv,NAB,eva,spot,q0.0001_d50,0,500,7266,23,724,0.4,0.1555820609866835,0.597971199760059,0.2330143703965278,0.160479674279118,0.6084078352162736,0.1627906976744186,0.0193370165745856,0.0345679012345679,14.0,72.0,710.0
017_NAB_id_17_Synthetic_tr_1007_1st_1805.csv,NAB,eva,spot,q0.0001_d50,0,500,4031,100,402,0.1,0.2200322121914988,0.5196886294001389,0.2133314275725803,0.221751131755623,0.5506904824297324,0.0,0.0,0.0,0.0,0.0,402.0
018_NAB_id_18_Facility_tr_500_1st_669.csv,NAB,eva,spot,q0.0001_d50,0,500,1881,5,188,0.1,0.11581100683803,0.3567396693477912,0.2396409754991257,0.1181543685349271,0.363743883059248,0.0,0.0,0.0,0.0,3.0,188.0
019_NAB_id_19_Facility_tr_1007_1st_1171.csv,NAB,eva,spot,q0.0001_d50,0,500,4031,8,400,0.1,0.1838273440754047,0.6008603481315874,0.2474309147601155,0.1792810207696178,0.6046265814581037,1.0,0.01,0.0198019801980198,4.0,0.0,396.0
020_NAB_id_20_Synthetic_tr_1007_1st_2679.csv,NAB,eva,spot,q0.0001_d50,0,500,4031,288,621,0.2,0.1424172180448834,0.3480020585354516,0.2991304040716358,0.2270236914846702,0.4801238194457471,0.0607734806629834,0.0354267310789049,0.0447609359104781,22.0,340.0,599.0
014_NAB_id_14_WebService_tr_500_1st_1045.csv,NAB,eva,guardgp,default,0,500,1537,23,152,3.1,0.1380772297200306,0.4533526613143027,0.2565378480709109,0.1468648416808319,0.4783178438102782,0.1428571428571428,0.006578947368421,0.0125786163522012,1.0,6.0,151.0
021_NAB_id_21_WebService_tr_500_1st_565.csv,NAB,tuning,spot,q0.0001_d50,0,500,1623,24,160,0.2,0.1435437893996486,0.4607930944963655,0.2499978125191404,0.1520859833927604,0.5044621277878873,0.6666666666666666,0.0125,0.0245398773006135,2.0,1.0,158.0
022_NAB_id_22_Facility_tr_1007_1st_2980.csv,NAB,eva,spot,q0.0001_d50,0,500,4031,4,520,0.3,0.4231720652887694,0.8239439363359988,0.5720063002491661,0.4224315992903332,0.8261863312637443,0.4422268907563025,0.8096153846153846,0.5720108695652174,421.0,531.0,99.0
023_NAB_id_23_Facility_tr_4512_1st_16551.csv,NAB,eva,spot,q0.0001_d50,0,500,18049,12,1498,3.4,0.0941426079719461,0.503543112204348,0.1690752177096319,0.0947027357023335,0.5043448623755407,0.0720221606648199,0.0173564753004005,0.0279720279720279,26.0,335.0,1472.0
024_NAB_id_24_Synthetic_tr_1007_1st_2787.csv,NAB,eva,spot,q0.0001_d50,0,500,4031,288,513,0.3,0.3546655261906387,0.5346407584383239,0.3478232136343221,0.3936790347183298,0.6291810260106384,0.9908256880733946,0.2105263157894736,0.3472668810289389,108.0,1.0,405.0
025_NAB_id_25_WebService_tr_3958_1st_4614.csv,NAB,eva,spot,q0.0001_d50,0,500,15832,16,1580,0.2,0.1134400526229426,0.4994619424746504,0.1868654956778776,0.1124754125586391,0.5023476825540776,0.75,0.0018987341772151,0.0037878787878787,3.0,1.0,1577.0
026_NAB_id_26_Traffic_tr_624_1st_2261.csv,NAB,eva,spot,q0.0001_d50,0,500,2499,8,238,0.1,0.1482450451353005,0.5486772221665498,0.224163947206339,0.1430527648263053,0.5508777268637884,1.0,0.0126050420168067,0.0248962655601659,3.0,0.0,235.0
027_NAB_id_27_Facility_tr_757_1st_2582.csv,NAB,eva,spot,q0.0001_d50,0,500,3031,5,200,0.1,0.1280174216450164,0.5417428142428142,0.1937457032202914,0.1280535797702904,0.5449095581105416,0.4,0.03,0.055813953488372,6.0,9.0,194.0
028_NAB_id_28_Facility_tr_1007_1st_3447.csv,NAB,eva,spot,q0.0001_d50,0,500,4031,289,430,0.2,0.1481261556134523,0.5490483189968727,0.250341970493431,0.1973737003195272,0.6436716558181892,0.2307692307692307,0.0069767441860465,0.0135440180586907,3.0,10.0,427.0
551_YAHOO_id_1_Synthetic_tr_500_1st_893.csv,YAHOO,eva,spot,q0.0001_d50,0,500,1421,105,1,0.1,0.0017241379310344,0.3706521739130435,0.003442306427922,0.0156804834712642,0.8420023771301336,0.0,0.0,0.0,0.0,0.0,1.0
015_NAB_id_15_Synthetic_tr_1007_1st_2787.csv,NAB,eva,guardgp,default,0,500,4031,288,513,5.8,0.1326018651151176,0.4641423712436234,0.2537069835821982,0.1899512866757596,0.5810934957111985,0.0212765957446808,0.0019493177387914,0.0035714285714285,1.0,46.0,512.0
552_YAHOO_id_2_Synthetic_tr_500_1st_893.csv,YAHOO,eva,spot,q0.0001_d50,0,500,1421,100,1,0.1,1.0,1.0,0.999995000025,1.0,1.0,0.5,1.0,0.6666666666666666,1.0,1.0,0.0
555_YAHOO_id_5_WebService_tr_500_1st_730.csv,YAHOO,eva,spot,q0.0001_d50,0,500,1680,24,4,0.1,0.2616174912011244,0.8288690476190477,0.3999968000255998,0.1802897681775386,0.9489169832448608,0.5,0.25,0.3333333333333333,1.0,1.0,3.0
558_YAHOO_id_8_WebService_tr_500_1st_1125.csv,YAHOO,eva,spot,q0.0001_d50,0,500,1427,24,80,0.1,0.0698946176914991,0.2993211334120425,0.1588863228637408,0.0809667194550037,0.393766830103779,0.5,0.0125,0.024390243902439,1.0,1.0,79.0
560_YAHOO_id_10_Synthetic_tr_500_1st_893.csv,YAHOO,tuning,spot,q0.0001_d50,0,500,1421,158,1,0.1,0.0011086474501108,0.0206521739130435,0.002214817300496,0.0799434307561984,0.9678458221925296,0.0,0.0,0.0,0.0,0.0,1.0
562_YAHOO_id_12_Synthetic_tr_500_1st_893.csv,YAHOO,eva,spot,q0.0001_d50,0,500,1421,126,1,0.1,1.0,1.0,0.999995000025,1.0,1.0,1.0,1.0,1.0,1.0,0.0,0.0
568_YAHOO_id_18_WebService_tr_500_1st_333.csv,YAHOO,tuning,spot,q0.0001_d50,0,500,1680,24,1,0.1,0.025,0.9669211195928752,0.0487800119023229,0.0460620187530797,0.9770248399748332,0.0,0.0,0.0,0.0,0.0,1.0
570_YAHOO_id_20_Synthetic_tr_500_1st_658.csv,YAHOO,eva,spot,q0.0001_d50,0,500,1421,135,4,0.1,0.0497576774612283,0.5455288985823337,0.1599973120451576,0.6805032936526606,0.9785080416081366,0.0666666666666666,0.5,0.1176470588235294,2.0,28.0,2.0
571_YAHOO_id_21_Synthetic_tr_500_1st_623.csv,YAHOO,eva,spot,q0.0001_d50,0,500,1421,35,9,0.1,1.0,1.0,0.999995000025,1.0,1.0,0.9,1.0,0.9473684210526316,9.0,1.0,0.0
573_YAHOO_id_23_Synthetic_tr_500_1st_623.csv,YAHOO,tuning,spot,q0.0001_d50,0,500,1421,35,9,0.1,1.0,1.0,0.999995000025,1.0,1.0,0.8181818181818182,1.0,0.9,9.0,2.0,0.0
012_NAB_id_12_Synthetic_tr_1007_1st_2787.csv,NAB,tuning,rrcf,sh4_ts256,0,500,4031,288,513,16.8,0.1446532169860439,0.489871040165763,0.2551562819659515,0.1805441114067055,0.5814159747694434,,,,,,
579_YAHOO_id_29_WebService_tr_500_1st_1342.csv,YAHOO,eva,spot,q0.0001_d50,0,500,1680,24,1,0.1,1.0,1.0,0.999995000025,1.0,1.0,1.0,1.0,1.0,1.0,0.0,0.0
583_YAHOO_id_33_WebService_tr_500_1st_1616.csv,YAHOO,tuning,spot,q0.0001_d50,0,500,1680,24,1,0.1,1.0,1.0,0.999995000025,1.0,1.0,1.0,1.0,1.0,1.0,0.0,0.0
603_YAHOO_id_53_Synthetic_tr_500_1st_893.csv,YAHOO,eva,spot,q0.0001_d50,0,500,1421,4,1,0.1,1.0,1.0,0.999995000025,1.0,1.0,1.0,1.0,1.0,1.0,0.0,0.0
643_YAHOO_id_93_WebService_tr_500_1st_1038.csv,YAHOO,tuning,spot,q0.0001_d50,0,500,1680,24,1,0.0,0.0042553191489361,0.8015267175572519,0.0084744918853562,0.0042194092827004,0.8011026293469038,0.0,0.0,0.0,0.0,0.0,1.0
644_YAHOO_id_94_WebService_tr_500_1st_1078.csv,YAHOO,eva,spot,q0.0001_d50,0,500,1435,24,75,0.0,0.0613079414751493,0.3912325581395349,0.1501000143106905,0.0714887265780402,0.4338731361468466,0.0,0.0,0.0,0.0,0.0,75.0
645_YAHOO_id_95_WebService_tr_500_1st_1047.csv,YAHOO,eva,spot,q0.0001_d50,0,500,1680,24,1,0.1,1.0,1.0,0.999995000025,1.0,1.0,1.0,1.0,1.0,1.0,0.0,0.0
649_YAHOO_id_99_WebService_tr_500_1st_1386.csv,YAHOO,eva,spot,q0.0001_d50,0,500,1680,168,1,0.0,0.0181818181818181,0.9541984732824428,0.0357139349524245,0.1298179446054826,0.9726759290588802,0.0,0.0,0.0,0.0,0.0,1.0
657_YAHOO_id_107_WebService_tr_500_1st_1260.csv,YAHOO,eva,spot,q0.0001_d50,0,500,1440,4,1,0.0,1.0,1.0,0.999995000025,1.0,1.0,1.0,1.0,1.0,1.0,0.0,0.0
658_YAHOO_id_108_Synthetic_tr_500_1st_893.csv,YAHOO,eva,spot,q0.0001_d50,0,500,1421,125,1,0.0,1.0,1.0,0.999995000025,1.0,1.0,0.032258064516129,1.0,0.0625,1.0,30.0,0.0
672_YAHOO_id_122_WebService_tr_500_1st_857.csv,YAHOO,eva,spot,q0.0001_d50,0,500,1680,24,1,0.0,0.25,0.9974554707379136,0.3999968000255998,0.2,0.997879558948262,0.0,0.0,0.0,0.0,0.0,1.0
680_YAHOO_id_130_Synthetic_tr_500_1st_893.csv,YAHOO,eva,spot,q0.0001_d50,0,500,1421,118,1,0.1,0.0142857142857142,0.925,0.028168736364571,0.764142460382692,0.993202980730848,0.0,0.0,0.0,0.0,0.0,1.0
689_YAHOO_id_139_WebService_tr_500_1st_1073.csv,YAHOO,eva,spot,q0.0001_d50,0,500,1680,24,1,0.1,1.0,1.0,0.999995000025,1.0,1.0,1.0,1.0,1.0,1.0,0.0,0.0
693_YAHOO_id_143_WebService_tr_500_1st_1003.csv,YAHOO,eva,spot,q0.0001_d50,0,500,1427,24,2,0.0,0.2563291139240506,0.9151351351351352,0.4999950000499994,0.1192434159287517,0.948674446392031,0.25,0.5,0.3333333333333333,1.0,3.0,1.0
701_YAHOO_id_151_Synthetic_tr_500_1st_893.csv,YAHOO,eva,spot,q0.0001_d50,0,500,1421,156,1,0.1,1.0,1.0,0.999995000025,1.0,1.0,1.0,1.0,1.0,1.0,0.0,0.0
723_YAHOO_id_173_WebService_tr_500_1st_1214.csv,YAHOO,eva,spot,q0.0001_d50,0,500,1420,48,2,0.2,1.0,1.0,0.999995000025,0.7448979591836735,0.999444222133298,0.0476190476190476,1.0,0.0909090909090909,2.0,40.0,0.0
724_YAHOO_id_174_WebService_tr_500_1st_1030.csv,YAHOO,eva,spot,q0.0001_d50,0,500,1680,24,5,0.1,0.6240160642570282,0.9523404255319148,0.7499953125292966,0.2978622570885908,0.9690726367504544,1.0,0.6,0.7499999999999999,3.0,0.0,2.0
734_YAHOO_id_184_WebService_tr_500_1st_768.csv,YAHOO,eva,spot,q0.0001_d50,0,500,1424,23,227,0.1,0.922726293886665,0.9536275668535384,0.8592183529599674,0.9409415735895066,0.9707858432789994,0.9940828402366864,0.7400881057268722,0.8484848484848485,168.0,1.0,59.0
741_YAHOO_id_191_WebService_tr_500_1st_1114.csv,YAHOO,eva,spot,q0.0001_d50,0,500,1680,24,2,0.1,0.7,0.9987266553480476,0.6666622222518517,0.5500000000000003,0.9990449915110357,1.0,0.5,0.6666666666666666,1.0,0.0,1.0
755_YAHOO_id_205_Synthetic_tr_500_1st_893.csv,YAHOO,eva,spot,q0.0001_d50,0,500,1421,125,1,0.1,1.0,1.0,0.999995000025,1.0,1.0,0.3333333333333333,1.0,0.5,1.0,2.0,0.0
762_YAHOO_id_212_WebService_tr_500_1st_1055.csv,YAHOO,eva,spot,q0.0001_d50,0,500,1680,24,2,0.1,0.0078014184397163,0.817062818336163,0.0186912219479804,0.0083804607560566,0.770462712479793,0.0,0.0,0.0,0.0,0.0,2.0
780_YAHOO_id_230_Synthetic_tr_500_1st_893.csv,YAHOO,eva,spot,q0.0001_d50,0,500,1421,154,1,0.1,0.3333333333333333,0.9978260869565218,0.4999962500281247,0.4720389896919111,0.9983082428785968,0.0,0.0,0.0,0.0,0.0,1.0
788_YAHOO_id_238_WebService_tr_500_1st_973.csv,YAHOO,eva,spot,q0.0001_d50,0,500,1680,24,1,0.0,0.25,0.9974554707379136,0.3999968000255998,0.2,0.997879558948262,0.0,0.0,0.0,0.0,0.0,1.0
797_YAHOO_id_247_Synthetic_tr_500_1st_893.csv,YAHOO,eva,spot,q0.0001_d50,0,500,1421,158,1,0.1,0.0011210762331838,0.0315217391304347,0.0022396192862216,0.0869177319414481,0.965759840284302,0.0,0.0,0.0,0.0,0.0,1.0
806_YAHOO_id_256_Synthetic_tr_500_1st_893.csv,YAHOO,eva,spot,q0.0001_d50,0,500,1421,118,1,0.1,0.0012422360248447,0.1260869565217391,0.0024813647953019,0.4143497043574235,0.9675280775090092,0.0,0.0,0.0,0.0,0.0,1.0
807_YAHOO_id_257_WebService_tr_500_1st_1210.csv,YAHOO,eva,spot,q0.0001_d50,0,500,1424,24,17,0.2,0.028297267167783,0.5997146377845515,0.0833320170346809,0.2026348865678187,0.7946287928981071,0.0387596899224806,0.5882352941176471,0.0727272727272727,10.0,248.0,7.0
001_NAB_id_1_Facility_tr_1007_1st_2014.csv,NAB,eva,spot,q0.0001_d200,0,500,4031,6,343,0.5,0.1537923781659103,0.5271462591130734,0.1877946656058238,0.1496379965011109,0.5320426188708085,0.4864864864864865,0.0524781341107871,0.0947368421052631,18.0,19.0,325.0
002_NAB_id_2_WebService_tr_1500_1st_4106.csv,NAB,eva,spot,q0.0001_d200,0,500,6000,5,637,0.1,0.2918041077184849,0.6901709670723506,0.3391507761938218,0.2827090226206142,0.6909019144754468,1.0,0.0172684458398744,0.0339506172839506,11.0,0.0,626.0
005_NAB_id_5_Traffic_tr_594_1st_1645.csv,NAB,eva,spot,q0.0001_d200,0,500,2379,22,238,0.1,0.1312895138939571,0.5093071963703214,0.227089543935196,0.1324398879621129,0.5178918434327124,1.0,0.0042016806722689,0.00836820083682,1.0,0.0,237.0
016_NAB_id_16_Environment_tr_1816_1st_3540.csv,NAB,eva,guardgp,default,0,500,7266,23,724,8.3,0.1177607417686891,0.5190078291736848,0.193659734854338,0.1208254686981157,0.5275150756516942,0.0,0.0,0.0,0.0,6.0,724.0
006_NAB_id_6_Traffic_tr_2579_1st_5839.csv,NAB,eva,spot,q0.0001_d200,0,500,10319,125,1030,0.4,0.1260862752544328,0.5512947009003973,0.2041978870348532,0.1494882077327121,0.6231884834829957,0.12112036336109,0.1553398058252427,0.1361122926414291,160.0,1161.0,870.0
021_NAB_id_21_WebService_tr_500_1st_565.csv,NAB,tuning,rrcf,sh4_ts256,0,500,1623,24,160,7.0,0.2165364240714087,0.5319184839044653,0.2602268567999924,0.2425408325194081,0.5749848669669787,,,,,,
008_NAB_id_8_Synthetic_tr_1007_1st_2734.csv,NAB,eva,spot,q0.0001_d200,0,500,4031,71,402,0.4,0.1460140960289196,0.5612072268888857,0.3736771982107124,0.1587888121945021,0.5899500126030339,0.1016894087069525,0.7786069651741293,0.1798850574712643,313.0,2765.0,89.0
009_NAB_id_9_Traffic_tr_500_1st_438.csv,NAB,eva,spot,q0.0001_d200,0,500,2161,128,154,0.0,0.1248874301707666,0.5819013435138186,0.2114753867966393,0.176307302012988,0.645219286387495,0.0,0.0,0.0,0.0,0.0,154.0
010_NAB_id_10_WebService_tr_500_1st_271.csv,NAB,eva,spot,q0.0001_d200,0,500,1000,142,48,0.0,0.0787516328753588,0.4099373156342182,0.1782161014968525,0.1097413415660946,0.5281939666752623,0.0,0.0,0.0,0.0,0.0,48.0
011_NAB_id_11_Facility_tr_1007_1st_1526.csv,NAB,eva,spot,q0.0001_d200,0,500,4031,204,474,0.7,0.4482894545035339,0.6306332978610343,0.4476614427699569,0.4757077261908606,0.6901840748672193,0.8860759493670886,0.2953586497890295,0.4430379746835442,140.0,18.0,334.0
013_NAB_id_13_Traffic_tr_623_1st_2084.csv,NAB,eva,spot,q0.0001_d200,0,500,2494,247,248,0.1,0.2210455599867406,0.6204966190001109,0.2952971542622023,0.4100778343945426,0.8072697274248859,0.0,0.0,0.0,0.0,0.0,248.0
014_NAB_id_14_WebService_tr_500_1st_1045.csv,NAB,eva,spot,q0.0001_d200,0,500,1537,23,152,0.0,0.1294448146995211,0.4286277133511746,0.2556748096318117,0.1388895808047099,0.4550205246663086,0.0,0.0,0.0,0.0,0.0,152.0
015_NAB_id_15_Synthetic_tr_1007_1st_2787.csv,NAB,eva,spot,q0.0001_d200,0,500,4031,288,513,0.2,0.1011958072798404,0.2506339480982849,0.2537069835821982,0.1278247077973136,0.3507014377675164,0.0,0.0,0.0,0.0,2.0,513.0
016_NAB_id_16_Environment_tr_1816_1st_3540.csv,NAB,eva,spot,q0.0001_d200,0,500,7266,23,724,0.4,0.1653471863301372,0.582396749457298,0.2148514064640061,0.1625480617700288,0.5939022951594191,0.3968253968253968,0.0345303867403314,0.0635324015247776,25.0,38.0,699.0
017_NAB_id_17_Synthetic_tr_1007_1st_1805.csv,NAB,eva,spot,q0.0001_d200,0,500,4031,100,402,0.1,0.560923547239254,0.7512743886829834,0.6418875331285757,0.5761053136751109,0.7603716288568567,0.0,0.0,0.0,0.0,0.0,402.0
017_NAB_id_17_Synthetic_tr_1007_1st_1805.csv,NAB,eva,guardgp,default,0,500,4031,100,402,5.3,0.0830696103288176,0.1916893639822618,0.2092008626861245,0.0865875169996757,0.2217278408568231,0.1621621621621621,0.0298507462686567,0.0504201680672268,12.0,62.0,390.0
018_NAB_id_18_Facility_tr_500_1st_669.csv,NAB,eva,spot,q0.0001_d200,0,500,1881,5,188,0.2,0.1251044328744144,0.4840693049883183,0.2672329370508154,0.127570877555857,0.4877468265362389,0.0,0.0,0.0,0.0,3.0,188.0
019_NAB_id_19_Facility_tr_1007_1st_1171.csv,NAB,eva,spot,q0.0001_d200,0,500,4031,8,400,0.2,0.2410958073890944,0.6728848610667517,0.3007733499155389,0.2362480261688609,0.6776371728907932,0.875,0.0175,0.034313725490196,7.0,1.0,393.0
560_YAHOO_id_10_Synthetic_tr_500_1st_893.csv,YAHOO,tuning,rrcf,sh4_ts256,0,500,1421,158,1,5.0,0.5,0.9989130434782608,0.6666622222518517,0.8641693133033486,0.9997110217556366,,,,,,
020_NAB_id_20_Synthetic_tr_1007_1st_2679.csv,NAB,eva,spot,q0.0001_d200,0,500,4031,288,621,0.5,0.1424461889018402,0.2837342497136311,0.2991304040716358,0.1713976585836242,0.3657103513135804,0.4375,0.0112721417069243,0.0219780219780219,7.0,9.0,614.0
022_NAB_id_22_Facility_tr_1007_1st_2980.csv,NAB,eva,spot,q0.0001_d200,0,500,4031,4,520,0.3,0.4213462054070128,0.8169931405359835,0.5720063002491661,0.4205799285005812,0.8191688611061732,0.4417628541448058,0.8096153846153846,0.5716225390359809,421.0,532.0,99.0
018_NAB_id_18_Facility_tr_500_1st_669.csv,NAB,eva,guardgp,default,0,500,1881,5,188,3.5,0.1740401253331024,0.4088655454691373,0.263487551078656,0.1760700376225648,0.414943678956091,0.0285714285714285,0.0053191489361702,0.0089686098654708,1.0,34.0,187.0
023_NAB_id_23_Facility_tr_4512_1st_16551.csv,NAB,eva,spot,q0.0001_d200,0,500,18049,12,1498,4.4,0.4343086615973156,0.6548495412528107,0.4253978084720787,0.430249095014604,0.6555797247293976,0.9975124378109452,0.2676902536715621,0.4221052631578948,401.0,1.0,1097.0
024_NAB_id_24_Synthetic_tr_1007_1st_2787.csv,NAB,eva,spot,q0.0001_d200,0,500,4031,288,513,0.3,0.3625812705125498,0.4532215414465771,0.3630735961961649,0.3935639555368914,0.5420956446096092,0.9732142857142856,0.2124756335282651,0.3488,109.0,3.0,404.0
568_YAHOO_id_18_WebService_tr_500_1st_333.csv,YAHOO,tuning,rrcf,sh4_ts256,0,500,1680,24,1,6.9,0.04,0.979643765903308,0.0769223372852184,0.1532519636687399,0.9919504066224084,,,,,,
025_NAB_id_25_WebService_tr_3958_1st_4614.csv,NAB,eva,spot,q0.0001_d200,0,500,15832,16,1580,0.3,0.1105218360877864,0.5265172706754737,0.1905097853283933,0.1091388230779921,0.5290812243173851,0.6,0.0018987341772151,0.0037854889589905,3.0,2.0,1577.0
026_NAB_id_26_Traffic_tr_624_1st_2261.csv,NAB,eva,spot,q0.0001_d200,0,500,2499,8,238,0.2,0.1551818497064045,0.5513518865808675,0.2288609799319348,0.1508809035799604,0.5538397551417877,0.75,0.0126050420168067,0.024793388429752,3.0,1.0,235.0
027_NAB_id_27_Facility_tr_757_1st_2582.csv,NAB,eva,spot,q0.0001_d200,0,500,3031,5,200,0.2,0.0785111930663964,0.4687215787215787,0.1499597167193356,0.0796666999659353,0.4722442669952374,0.1,0.005,0.0095238095238095,1.0,9.0,199.0
019_NAB_id_19_Facility_tr_1007_1st_1171.csv,NAB,eva,guardgp,default,0,500,4031,8,400,5.2,0.1551716783269457,0.5639715745768125,0.2251053616300985,0.1500316999958608,0.5680200277388358,0.75,0.0075,0.0148514851485148,3.0,1.0,397.0
028_NAB_id_28_Facility_tr_1007_1st_3447.csv,NAB,eva,spot,q0.0001_d200,0,500,4031,289,430,0.2,0.2356628069625735,0.531902312082374,0.3161356956900422,0.3186496989428364,0.6074645035868469,0.2142857142857142,0.0069767441860465,0.0135135135135135,3.0,11.0,427.0
551_YAHOO_id_1_Synthetic_tr_500_1st_893.csv,YAHOO,eva,spot,q0.0001_d200,0,500,1421,105,1,0.1,1.0,1.0,0.999995000025,1.0,1.0,0.1428571428571428,1.0,0.25,1.0,6.0,0.0
552_YAHOO_id_2_Synthetic_tr_500_1st_893.csv,YAHOO,eva,spot,q0.0001_d200,0,500,1421,100,1,0.1,1.0,1.0,0.999995000025,1.0,1.0,0.125,1.0,0.2222222222222222,1.0,7.0,0.0
555_YAHOO_id_5_WebService_tr_500_1st_730.csv,YAHOO,eva,spot,q0.0001_d200,0,500,1680,24,4,0.1,0.2590886677167275,0.7818877551020409,0.3999968000255998,0.1440548726255909,0.93064527640907,0.0,0.0,0.0,0.0,0.0,4.0
558_YAHOO_id_8_WebService_tr_500_1st_1125.csv,YAHOO,eva,spot,q0.0001_d200,0,500,1427,24,80,0.1,0.1421808857512614,0.7403630460448642,0.2937827515375741,0.155149817174152,0.7556054119662966,0.0,0.0,0.0,0.0,22.0,80.0
562_YAHOO_id_12_Synthetic_tr_500_1st_893.csv,YAHOO,eva,spot,q0.0001_d200,0,500,1421,126,1,0.0,1.0,1.0,0.999995000025,1.0,1.0,0.2,1.0,0.3333333333333333,1.0,4.0,0.0
570_YAHOO_id_20_Synthetic_tr_500_1st_658.csv,YAHOO,eva,spot,q0.0001_d200,0,500,1421,135,4,0.0,0.0044617590939097,0.4149400218102508,0.0128616085454327,0.0909707677136574,0.7882167131288401,0.0,0.0,0.0,0.0,0.0,4.0
571_YAHOO_id_21_Synthetic_tr_500_1st_623.csv,YAHOO,eva,spot,q0.0001_d200,0,500,1421,35,9,0.0,1.0,1.0,0.999995000025,1.0,1.0,0.9,1.0,0.9473684210526316,9.0,1.0,0.0
579_YAHOO_id_29_WebService_tr_500_1st_1342.csv,YAHOO,eva,spot,q0.0001_d200,0,500,1680,24,1,0.1,1.0,1.0,0.999995000025,1.0,1.0,0.2,1.0,0.3333333333333333,1.0,4.0,0.0
603_YAHOO_id_53_Synthetic_tr_500_1st_893.csv,YAHOO,eva,spot,q0.0001_d200,0,500,1421,4,1,0.1,1.0,1.0,0.999995000025,1.0,1.0,0.2,1.0,0.3333333333333333,1.0,4.0,0.0
644_YAHOO_id_94_WebService_tr_500_1st_1078.csv,YAHOO,eva,spot,q0.0001_d200,0,500,1435,24,75,0.1,0.1600638221015167,0.7946356589147286,0.3668311122448908,0.1673012285817242,0.7948625604322719,0.0,0.0,0.0,0.0,0.0,75.0
645_YAHOO_id_95_WebService_tr_500_1st_1047.csv,YAHOO,eva,spot,q0.0001_d200,0,500,1680,24,1,0.1,1.0,1.0,0.999995000025,1.0,1.0,1.0,1.0,1.0,1.0,0.0,0.0
649_YAHOO_id_99_WebService_tr_500_1st_1386.csv,YAHOO,eva,spot,q0.0001_d200,0,500,1680,168,1,0.0,0.1428571428571428,0.9949109414758268,0.2499978125191404,0.3368675909372507,0.9976829513747808,0.0,0.0,0.0,0.0,0.0,1.0
657_YAHOO_id_107_WebService_tr_500_1st_1260.csv,YAHOO,eva,spot,q0.0001_d200,0,500,1440,4,1,0.0,1.0,1.0,0.999995000025,1.0,1.0,1.0,1.0,1.0,1.0,0.0,0.0
658_YAHOO_id_108_Synthetic_tr_500_1st_893.csv,YAHOO,eva,spot,q0.0001_d200,0,500,1421,125,1,0.0,1.0,1.0,0.999995000025,1.0,1.0,0.0052356020942408,1.0,0.0104166666666666,1.0,190.0,0.0
672_YAHOO_id_122_WebService_tr_500_1st_857.csv,YAHOO,eva,spot,q0.0001_d200,0,500,1680,24,1,0.0,0.5,0.9991518235793044,0.6666622222518517,0.2,0.997879558948262,0.0,0.0,0.0,0.0,0.0,1.0
680_YAHOO_id_130_Synthetic_tr_500_1st_893.csv,YAHOO,eva,spot,q0.0001_d200,0,500,1421,118,1,0.1,1.0,1.0,0.999995000025,1.0,1.0,1.0,1.0,1.0,1.0,0.0,0.0
689_YAHOO_id_139_WebService_tr_500_1st_1073.csv,YAHOO,eva,spot,q0.0001_d200,0,500,1680,24,1,0.1,1.0,1.0,0.999995000025,1.0,1.0,0.3333333333333333,1.0,0.5,1.0,2.0,0.0
693_YAHOO_id_143_WebService_tr_500_1st_1003.csv,YAHOO,eva,spot,q0.0001_d200,0,500,1427,24,2,0.1,1.0,1.0,0.999995000025,0.625,0.9991891891891892,0.5,1.0,0.6666666666666666,2.0,2.0,0.0
701_YAHOO_id_151_Synthetic_tr_500_1st_893.csv,YAHOO,eva,spot,q0.0001_d200,0,500,1421,156,1,0.0,1.0,1.0,0.999995000025,1.0,1.0,0.5,1.0,0.6666666666666666,1.0,1.0,0.0
723_YAHOO_id_173_WebService_tr_500_1st_1214.csv,YAHOO,eva,spot,q0.0001_d200,0,500,1420,48,2,0.2,1.0,1.0,0.999995000025,0.7854317413685555,0.9995324804753712,0.0869565217391304,1.0,0.16,2.0,21.0,0.0
724_YAHOO_id_174_WebService_tr_500_1st_1030.csv,YAHOO,eva,spot,q0.0001_d200,0,500,1680,24,5,0.1,0.6158249158249157,0.9443404255319148,0.7499953125292966,0.3922326686070794,0.981538875552802,0.75,0.6,0.6666666666666665,3.0,1.0,2.0
734_YAHOO_id_184_WebService_tr_500_1st_768.csv,YAHOO,eva,spot,q0.0001_d200,0,500,1424,23,227,0.1,0.9630322842354504,0.9785360797375788,0.9302275737422296,0.9697724865417708,0.9853671539793578,0.9948717948717948,0.8546255506607929,0.919431279620853,194.0,1.0,33.0
741_YAHOO_id_191_WebService_tr_500_1st_1114.csv,YAHOO,eva,spot,q0.0001_d200,0,500,1680,24,2,0.0,0.625,0.997453310696095,0.6666622222518517,0.4000000000000001,0.9961799660441424,1.0,0.5,0.6666666666666666,1.0,0.0,1.0
755_YAHOO_id_205_Synthetic_tr_500_1st_893.csv,YAHOO,eva,spot,q0.0001_d200,0,500,1421,125,1,0.1,1.0,1.0,0.999995000025,1.0,1.0,0.1428571428571428,1.0,0.25,1.0,6.0,0.0
762_YAHOO_id_212_WebService_tr_500_1st_1055.csv,YAHOO,eva,spot,q0.0001_d200,0,500,1680,24,2,0.1,0.005464404894327,0.7292020373514431,0.0136051737754833,0.0064240098854142,0.6665281535430663,0.0,0.0,0.0,0.0,5.0,2.0
573_YAHOO_id_23_Synthetic_tr_500_1st_623.csv,YAHOO,tuning,rrcf,sh4_ts256,0,500,1421,35,9,6.7,0.6171766562375438,0.9951267056530214,0.6428527806418456,0.920447031882862,0.9991683562230256,,,,,,
780_YAHOO_id_230_Synthetic_tr_500_1st_893.csv,YAHOO,eva,spot,q0.0001_d200,0,500,1421,154,1,0.0,1.0,1.0,0.999995000025,1.0,1.0,0.0,0.0,0.0,0.0,0.0,1.0
788_YAHOO_id_238_WebService_tr_500_1st_973.csv,YAHOO,eva,spot,q0.0001_d200,0,500,1680,24,1,0.0,0.0222222222222222,0.9626802374893978,0.0434778355429131,0.0208333333333333,0.9618320610687018,0.0,0.0,0.0,0.0,0.0,1.0
020_NAB_id_20_Synthetic_tr_1007_1st_2679.csv,NAB,eva,guardgp,default,0,500,4031,288,621,5.3,0.1655284790555248,0.3727487535346492,0.2991986073950432,0.1867577891558893,0.4499058665895327,0.0403225806451612,0.0080515297906602,0.0134228187919463,5.0,119.0,616.0
797_YAHOO_id_247_Synthetic_tr_500_1st_893.csv,YAHOO,eva,spot,q0.0001_d200,0,500,1421,158,1,0.0,0.0011074197120708,0.0195652173913043,0.0022123672813312,0.1130888169560509,0.956405881916351,0.0,0.0,0.0,0.0,1.0,1.0
806_YAHOO_id_256_Synthetic_tr_500_1st_893.csv,YAHOO,eva,spot,q0.0001_d200,0,500,1421,118,1,0.1,0.0013071895424836,0.1695652173913043,0.0026109399821268,0.0350059260074493,0.8484636561660895,0.0,0.0,0.0,0.0,0.0,1.0
807_YAHOO_id_257_WebService_tr_500_1st_1210.csv,YAHOO,eva,spot,q0.0001_d200,0,500,1424,24,17,0.1,0.390342726422721,0.96828588105584,0.3846108580414399,0.7260484485617699,0.9903284017959896,0.047486033519553,1.0,0.0906666666666666,17.0,341.0,0.0
021_NAB_id_21_WebService_tr_500_1st_565.csv,NAB,tuning,guardgp,default,0,500,1623,24,160,3.0,0.1330985807004802,0.4947105399792315,0.2606977607798785,0.149495977665197,0.5424080385112414,0.5,0.0125,0.024390243902439,2.0,2.0,158.0
583_YAHOO_id_33_WebService_tr_500_1st_1616.csv,YAHOO,tuning,rrcf,sh4_ts256,0,500,1680,24,1,7.2,0.5,0.9991518235793044,0.6666622222518517,0.623749970507173,0.999204995869374,,,,,,
022_NAB_id_22_Facility_tr_1007_1st_2980.csv,NAB,eva,guardgp,default,0,500,4031,4,520,4.8,0.6049332325168748,0.8381364484071228,0.5893261466713593,0.6037698488808584,0.8402896651814029,0.4403765690376569,0.8096153846153846,0.5704607046070461,421.0,535.0,99.0
643_YAHOO_id_93_WebService_tr_500_1st_1038.csv,YAHOO,tuning,rrcf,sh4_ts256,0,500,1680,24,1,6.4,0.010204081632653,0.917726887192536,0.0202018202244058,0.01,0.9177268871925364,,,,,,
023_NAB_id_23_Facility_tr_4512_1st_16551.csv,NAB,eva,guardgp,default,0,500,18049,12,1498,18.8,0.0850600807613677,0.5073936140967222,0.1612961701539478,0.0849693519090186,0.5077084603786507,0.0818505338078291,0.0614152202937249,0.0701754385964912,92.0,1032.0,1406.0
024_NAB_id_24_Synthetic_tr_1007_1st_2787.csv,NAB,eva,guardgp,default,0,500,4031,288,513,5.4,0.2044665137414288,0.5330673528678482,0.2550016954460384,0.2476481156022672,0.6317764113155414,0.0847457627118644,0.0097465886939571,0.0174825174825174,5.0,54.0,508.0
025_NAB_id_25_WebService_tr_3958_1st_4614.csv,NAB,eva,guardgp,default,0,500,15832,16,1580,16.2,0.1102041269733434,0.5046218363635024,0.1869473675711333,0.1081557421285859,0.5066717922793249,0.28,0.0044303797468354,0.0087227414330218,7.0,18.0,1573.0
026_NAB_id_26_Traffic_tr_624_1st_2261.csv,NAB,eva,guardgp,default,0,500,2499,8,238,3.9,0.1675840794695267,0.5413248774808049,0.2167799216232701,0.1602291730197067,0.5434076376474262,0.5,0.0126050420168067,0.0245901639344262,3.0,3.0,235.0
027_NAB_id_27_Facility_tr_757_1st_2582.csv,NAB,eva,guardgp,default,0,500,3031,5,200,4.6,0.0939033327692412,0.5097061347061347,0.1508826912369378,0.0935316978273786,0.5126592656980925,0.1666666666666666,0.005,0.0097087378640776,1.0,5.0,199.0
003_NAB_id_3_WebService_tr_1362_1st_1462.csv,NAB,tuning,rrcf,sh8_ts256,0,500,15852,21,1523,46.9,0.1176023576472056,0.4980504299608856,0.1838638633934907,0.113966490371971,0.5050324338064752,,,,,,
028_NAB_id_28_Facility_tr_1007_1st_3447.csv,NAB,eva,guardgp,default,0,500,4031,289,430,5.4,0.1330750334978541,0.4582115296640994,0.2171149542214002,0.1755871267035547,0.5491746473326311,0.35,0.0162790697674418,0.0311111111111111,7.0,13.0,423.0
551_YAHOO_id_1_Synthetic_tr_500_1st_893.csv,YAHOO,eva,guardgp,default,0,500,1421,105,1,3.1,1.0,1.0,0.999995000025,1.0,1.0,0.3333333333333333,1.0,0.5,1.0,2.0,0.0
552_YAHOO_id_2_Synthetic_tr_500_1st_893.csv,YAHOO,eva,guardgp,default,0,500,1421,100,1,3.1,1.0,1.0,0.999995000025,1.0,1.0,1.0,1.0,1.0,1.0,0.0,0.0
555_YAHOO_id_5_WebService_tr_500_1st_730.csv,YAHOO,eva,guardgp,default,0,500,1680,24,4,3.2,0.0490385903231207,0.7865646258503401,0.1999952001151972,0.1505196951878938,0.945880458678031,0.0,0.0,0.0,0.0,0.0,4.0
558_YAHOO_id_8_WebService_tr_500_1st_1125.csv,YAHOO,eva,guardgp,default,0,500,1427,24,80,3.1,0.0686725193007426,0.2729043683589138,0.163439287794062,0.0896006311277121,0.4062419271169616,0.05,0.0125,0.02,1.0,19.0,79.0
560_YAHOO_id_10_Synthetic_tr_500_1st_893.csv,YAHOO,tuning,guardgp,default,0,500,1421,158,1,2.9,1.0,1.0,0.999995000025,1.0,1.0,1.0,1.0,1.0,1.0,0.0,0.0
562_YAHOO_id_12_Synthetic_tr_500_1st_893.csv,YAHOO,eva,guardgp,default,0,500,1421,126,1,3.0,1.0,1.0,0.999995000025,1.0,1.0,1.0,1.0,1.0,1.0,0.0,0.0
004_NAB_id_4_Facility_tr_1007_1st_1437.csv,NAB,tuning,rrcf,sh8_ts256,0,500,4031,50,402,23.8,0.1312115360229346,0.4428925999596139,0.2058123981412694,0.135030573849096,0.4616662788653806,,,,,,
568_YAHOO_id_18_WebService_tr_500_1st_333.csv,YAHOO,tuning,guardgp,default,0,500,1680,24,1,3.1,0.3333333333333333,0.998303647158609,0.4999962500281247,0.2553931319199322,0.9979968559195376,0.0,0.0,0.0,0.0,0.0,1.0
570_YAHOO_id_20_Synthetic_tr_500_1st_658.csv,YAHOO,eva,guardgp,default,0,500,1421,135,4,3.3,1.0,1.0,0.999995000025,1.0,1.0,0.6666666666666666,1.0,0.8,4.0,2.0,0.0
571_YAHOO_id_21_Synthetic_tr_500_1st_623.csv,YAHOO,eva,guardgp,default,0,500,1421,35,9,3.0,1.0,1.0,0.999995000025,0.9737519235279471,0.99982730283442,0.9,1.0,0.9473684210526316,9.0,1.0,0.0
573_YAHOO_id_23_Synthetic_tr_500_1st_623.csv,YAHOO,tuning,guardgp,default,0,500,1421,35,9,3.1,1.0,1.0,0.999995000025,0.9737519235279471,0.99982730283442,0.9,1.0,0.9473684210526316,9.0,1.0,0.0
007_NAB_id_7_Traffic_tr_624_1st_2087.csv,NAB,tuning,rrcf,sh8_ts256,0,500,2499,5,248,12.4,0.2345904374426256,0.6006291335826532,0.264442943028262,0.2256208207738262,0.6044277135909177,,,,,,
579_YAHOO_id_29_WebService_tr_500_1st_1342.csv,YAHOO,eva,guardgp,default,0,500,1680,24,1,3.3,0.1111111111111111,0.993214588634436,0.1999982000161998,0.1,0.994062765055131,0.0,0.0,0.0,0.0,0.0,1.0
583_YAHOO_id_33_WebService_tr_500_1st_1616.csv,YAHOO,tuning,guardgp,default,0,500,1680,24,1,3.2,0.0188679245283018,0.9558948261238338,0.0370366735289449,0.0188679245283018,0.9575911789652244,0.0,0.0,0.0,0.0,4.0,1.0
603_YAHOO_id_53_Synthetic_tr_500_1st_893.csv,YAHOO,eva,guardgp,default,0,500,1421,4,1,3.0,1.0,1.0,0.999995000025,1.0,1.0,1.0,1.0,1.0,1.0,0.0,0.0
643_YAHOO_id_93_WebService_tr_500_1st_1038.csv,YAHOO,tuning,guardgp,default,0,500,1680,24,1,2.9,0.0040816326530612,0.7930449533502969,0.0081300003312975,0.0040485829959514,0.7930449533502967,0.0,0.0,0.0,0.0,0.0,1.0
644_YAHOO_id_94_WebService_tr_500_1st_1078.csv,YAHOO,eva,guardgp,default,0,500,1435,24,75,3.0,0.0556798287441739,0.3137054263565891,0.1540069817341296,0.0734934863693877,0.4182303140417883,0.0,0.0,0.0,0.0,11.0,75.0
645_YAHOO_id_95_WebService_tr_500_1st_1047.csv,YAHOO,eva,guardgp,default,0,500,1680,24,1,3.1,1.0,1.0,0.999995000025,1.0,1.0,1.0,1.0,1.0,1.0,0.0,0.0
012_NAB_id_12_Synthetic_tr_1007_1st_2787.csv,NAB,tuning,rrcf,sh8_ts256,0,500,4031,288,513,20.0,0.1378991075787997,0.4523657276613225,0.2544709364004168,0.1742764873523647,0.5508459154056577,,,,,,
649_YAHOO_id_99_WebService_tr_500_1st_1386.csv,YAHOO,eva,guardgp,default,0,500,1680,168,1,3.3,1.0,1.0,0.999995000025,1.0,1.0,1.0,1.0,1.0,1.0,0.0,0.0
657_YAHOO_id_107_WebService_tr_500_1st_1260.csv,YAHOO,eva,guardgp,default,0,500,1440,4,1,2.9,1.0,1.0,0.999995000025,1.0,1.0,1.0,1.0,1.0,1.0,0.0,0.0
658_YAHOO_id_108_Synthetic_tr_500_1st_893.csv,YAHOO,eva,guardgp,default,0,500,1421,125,1,3.0,1.0,1.0,0.999995000025,1.0,1.0,0.0294117647058823,1.0,0.0571428571428571,1.0,33.0,0.0
021_NAB_id_21_WebService_tr_500_1st_565.csv,NAB,tuning,rrcf,sh8_ts256,0,500,1623,24,160,7.8,0.2290258296889546,0.5595664589823468,0.2755509729157192,0.2590549430189833,0.608203529008391,,,,,,
672_YAHOO_id_122_WebService_tr_500_1st_857.csv,YAHOO,eva,guardgp,default,0,500,1680,24,1,3.3,0.03125,0.9737065309584394,0.0606054729166262,0.046205895415786,0.9769457436716472,0.0,0.0,0.0,0.0,0.0,1.0
680_YAHOO_id_130_Synthetic_tr_500_1st_893.csv,YAHOO,eva,guardgp,default,0,500,1421,118,1,3.1,1.0,1.0,0.999995000025,1.0,1.0,1.0,1.0,1.0,1.0,0.0,0.0
560_YAHOO_id_10_Synthetic_tr_500_1st_893.csv,YAHOO,tuning,rrcf,sh8_ts256,0,500,1421,158,1,5.8,0.125,0.992391304347826,0.2222202469311383,0.9100457868567792,0.9996546311462182,,,,,,
689_YAHOO_id_139_WebService_tr_500_1st_1073.csv,YAHOO,eva,guardgp,default,0,500,1680,24,1,3.2,1.0,1.0,0.999995000025,1.0,1.0,1.0,1.0,1.0,1.0,0.0,0.0
693_YAHOO_id_143_WebService_tr_500_1st_1003.csv,YAHOO,eva,guardgp,default,0,500,1427,24,2,3.0,1.0,1.0,0.999995000025,0.625,0.9991891891891888,0.6666666666666666,1.0,0.8,2.0,1.0,0.0
568_YAHOO_id_18_WebService_tr_500_1st_333.csv,YAHOO,tuning,rrcf,sh8_ts256,0,500,1680,24,1,8.7,0.0769230769230769,0.989821882951654,0.1428558163388482,0.1928446349628975,0.9949255585657388,,,,,,
701_YAHOO_id_151_Synthetic_tr_500_1st_893.csv,YAHOO,eva,guardgp,default,0,500,1421,156,1,2.9,1.0,1.0,0.999995000025,1.0,1.0,1.0,1.0,1.0,1.0,0.0,0.0
723_YAHOO_id_173_WebService_tr_500_1st_1214.csv,YAHOO,eva,guardgp,default,0,500,1420,48,2,3.1,1.0,1.0,0.999995000025,0.7854317413685555,0.9995324804753712,0.3333333333333333,1.0,0.5,2.0,4.0,0.0
573_YAHOO_id_23_Synthetic_tr_500_1st_623.csv,YAHOO,tuning,rrcf,sh8_ts256,0,500,1421,35,9,6.7,0.3039048097871627,0.987938596491228,0.4999962500281247,0.793450173883876,0.9966074533057926,,,,,,
724_YAHOO_id_174_WebService_tr_500_1st_1030.csv,YAHOO,eva,guardgp,default,0,500,1680,24,5,3.3,0.7032051282051281,0.9952340425531916,0.7499953125292966,0.4907619575272343,0.9955670563731892,1.0,0.6,0.7499999999999999,3.0,0.0,2.0
734_YAHOO_id_184_WebService_tr_500_1st_768.csv,YAHOO,eva,guardgp,default,0,500,1424,23,227,2.9,0.9632066244747848,0.9796484619419916,0.9103398371524728,0.971260771303758,0.987082279390287,0.9759036144578314,0.7136563876651982,0.8244274809160306,162.0,4.0,65.0
741_YAHOO_id_191_WebService_tr_500_1st_1114.csv,YAHOO,eva,guardgp,default,0,500,1680,24,2,3.2,0.524390243902439,0.983446519524618,0.6666622222518517,0.2899772888161011,0.9767865439978584,1.0,0.5,0.6666666666666666,1.0,0.0,1.0
583_YAHOO_id_33_WebService_tr_500_1st_1616.csv,YAHOO,tuning,rrcf,sh8_ts256,0,500,1680,24,1,7.2,0.25,0.9974554707379136,0.3999968000255998,0.6161817738224358,0.999099498014446,,,,,,
755_YAHOO_id_205_Synthetic_tr_500_1st_893.csv,YAHOO,eva,guardgp,default,0,500,1421,125,1,2.9,1.0,1.0,0.999995000025,1.0,1.0,1.0,1.0,1.0,1.0,0.0,0.0
762_YAHOO_id_212_WebService_tr_500_1st_1055.csv,YAHOO,eva,guardgp,default,0,500,1680,24,2,3.4,0.0474269320423166,0.7814091680814941,0.1538435503399173,0.0291553046593687,0.7271008666517718,0.0,0.0,0.0,0.0,0.0,2.0
643_YAHOO_id_93_WebService_tr_500_1st_1038.csv,YAHOO,tuning,rrcf,sh8_ts256,0,500,1680,24,1,7.2,0.0049019607843137,0.8278201865988125,0.0097560004768733,0.0068813550032339,0.8511298513583947,,,,,,
780_YAHOO_id_230_Synthetic_tr_500_1st_893.csv,YAHOO,eva,guardgp,default,0,500,1421,154,1,2.9,1.0,1.0,0.999995000025,1.0,1.0,1.0,1.0,1.0,1.0,0.0,0.0
788_YAHOO_id_238_WebService_tr_500_1st_973.csv,YAHOO,eva,guardgp,default,0,500,1680,24,1,3.4,0.0083333333333333,0.899067005937235,0.016528761698231,0.0080645161290322,0.8973706530958442,0.0,0.0,0.0,0.0,0.0,1.0
797_YAHOO_id_247_Synthetic_tr_500_1st_893.csv,YAHOO,eva,guardgp,default,0,500,1421,158,1,3.2,0.5,0.9989130434782608,0.6666622222518517,0.25,0.9978260869565192,1.0,1.0,1.0,1.0,0.0,0.0
806_YAHOO_id_256_Synthetic_tr_500_1st_893.csv,YAHOO,eva,guardgp,default,0,500,1421,118,1,3.1,1.0,1.0,0.999995000025,1.0,1.0,1.0,1.0,1.0,1.0,0.0,0.0
807_YAHOO_id_257_WebService_tr_500_1st_1210.csv,YAHOO,eva,guardgp,default,0,500,1424,24,17,3.1,0.5914652042745752,0.985926454374473,0.6666617488857183,0.8836260780486799,0.9973889366293562,1.0,0.1176470588235294,0.2105263157894736,2.0,0.0,15.0
003_NAB_id_3_WebService_tr_1362_1st_1462.csv,NAB,tuning,rrcf,sh16_ts256,0,500,15852,21,1523,87.2,0.1394010135331098,0.4929952268033997,0.1926810965537997,0.1315774925161196,0.5007528222448633,,,,,,
004_NAB_id_4_Facility_tr_1007_1st_1437.csv,NAB,tuning,rrcf,sh16_ts256,0,500,4031,50,402,25.2,0.142031137806156,0.3766466485088142,0.2044222684591153,0.1392206705830842,0.3904699689594449,,,,,,
007_NAB_id_7_Traffic_tr_624_1st_2087.csv,NAB,tuning,rrcf,sh16_ts256,0,500,2499,5,248,11.9,0.2701746792855842,0.5794016322470109,0.265189055349348,0.261140746649692,0.5830200431345584,,,,,,
012_NAB_id_12_Synthetic_tr_1007_1st_2787.csv,NAB,tuning,rrcf,sh16_ts256,0,500,4031,288,513,18.7,0.1403779853621863,0.4474892038283619,0.2543989697883123,0.1769198035942513,0.5493578635967014,,,,,,
021_NAB_id_21_WebService_tr_500_1st_565.csv,NAB,tuning,rrcf,sh16_ts256,0,500,1623,24,160,7.5,0.2797233145669425,0.5991433021806853,0.2996212712226428,0.3097044584088739,0.6464721481270089,,,,,,
560_YAHOO_id_10_Synthetic_tr_500_1st_893.csv,YAHOO,tuning,rrcf,sh16_ts256,0,500,1421,158,1,5.5,0.0384615384615384,0.9728260869565216,0.0740733607750443,0.2638784839190514,0.9940592729435748,,,,,,
568_YAHOO_id_18_WebService_tr_500_1st_333.csv,YAHOO,tuning,rrcf,sh16_ts256,0,500,1680,24,1,7.5,0.0454545454545454,0.9821882951653944,0.0869556899890522,0.1223552619604789,0.9913051407920654,,,,,,
573_YAHOO_id_23_Synthetic_tr_500_1st_623.csv,YAHOO,tuning,rrcf,sh16_ts256,0,500,1421,35,9,6.3,0.3512375022202415,0.973196881091618,0.3636333884540944,0.5863181420127753,0.987560638880333,,,,,,
583_YAHOO_id_33_WebService_tr_500_1st_1616.csv,YAHOO,tuning,rrcf,sh16_ts256,0,500,1680,24,1,6.8,0.008,0.8948261238337574,0.0158728584041824,0.0669821262587422,0.9737196241362104,,,,,,
643_YAHOO_id_93_WebService_tr_500_1st_1038.csv,YAHOO,tuning,rrcf,sh16_ts256,0,500,1680,24,1,6.8,0.0025188916876574,0.6641221374045801,0.0050250755036438,0.004940653654148,0.7587619916422536,,,,,,
001_NAB_id_1_Facility_tr_1007_1st_2014.csv,NAB,eva,rrcf,sh4_ts256,0,500,4031,6,343,16.5,0.168366365822168,0.4657544143307081,0.1775805718777814,0.165066818287764,0.4719793018806508,,,,,,
002_NAB_id_2_WebService_tr_1500_1st_4106.csv,NAB,eva,rrcf,sh4_ts256,0,500,6000,5,637,25.3,0.1366340143031746,0.5201549133866046,0.2098044238055569,0.1364657351005126,0.521208932305803,,,,,,
005_NAB_id_5_Traffic_tr_594_1st_1645.csv,NAB,eva,rrcf,sh4_ts256,0,500,2379,22,238,9.1,0.1559568183442917,0.5216177878829777,0.2272997909910177,0.1568831885753399,0.5364819762413567,,,,,,
006_NAB_id_6_Traffic_tr_2579_1st_5839.csv,NAB,eva,rrcf,sh4_ts256,0,500,10319,125,1030,37.7,0.1173538007156319,0.4782434353621638,0.1921597202112959,0.1347586411666085,0.549855892737424,,,,,,
008_NAB_id_8_Synthetic_tr_1007_1st_2734.csv,NAB,eva,rrcf,sh4_ts256,0,500,4031,71,402,4.1,0.1479056070318351,0.6380759990396372,0.2817036163781811,0.1560157537451363,0.6584584547817767,,,,,,
009_NAB_id_9_Traffic_tr_500_1st_438.csv,NAB,eva,rrcf,sh4_ts256,0,500,2161,128,154,9.8,0.1805084835815596,0.6649660889873231,0.2785819254573488,0.2009394444525411,0.7243598948763336,,,,,,
010_NAB_id_10_WebService_tr_500_1st_271.csv,NAB,eva,rrcf,sh4_ts256,0,500,1000,142,48,4.1,0.4036000631527596,0.6347252949852509,0.4473637673614293,0.4786665661172929,0.7761730003776303,,,,,,
011_NAB_id_11_Facility_tr_1007_1st_1526.csv,NAB,eva,rrcf,sh4_ts256,0,500,4031,204,474,16.1,0.2623616727346844,0.6364979593076139,0.3353894842846192,0.3032180746804686,0.6953380891289662,,,,,,
013_NAB_id_13_Traffic_tr_623_1st_2084.csv,NAB,eva,rrcf,sh4_ts256,0,500,2494,247,248,11.2,0.2270218638071945,0.5720633337028416,0.2655413569988261,0.3461880969722747,0.7590671918307538,,,,,,
014_NAB_id_14_WebService_tr_500_1st_1045.csv,NAB,eva,rrcf,sh4_ts256,0,500,1537,23,152,6.0,0.1377838078833177,0.381697888789771,0.2592251988483519,0.1375829135226526,0.3952931652746161,,,,,,
015_NAB_id_15_Synthetic_tr_1007_1st_2787.csv,NAB,eva,rrcf,sh4_ts256,0,500,4031,288,513,15.1,0.1594756571895775,0.526246032576471,0.257276085495296,0.1996198870785657,0.611406966503915,,,,,,
016_NAB_id_16_Environment_tr_1816_1st_3540.csv,NAB,eva,rrcf,sh4_ts256,0,500,7266,23,724,27.1,0.1099911785345049,0.500304726948195,0.1934001496390917,0.1130662188305334,0.5086080929999931,,,,,,
017_NAB_id_17_Synthetic_tr_1007_1st_1805.csv,NAB,eva,rrcf,sh4_ts256,0,500,4031,100,402,1.1,0.1141196478882344,0.5034522974771398,0.2044222684591153,0.1295840060904036,0.5440835584846283,,,,,,
018_NAB_id_18_Facility_tr_500_1st_669.csv,NAB,eva,rrcf,sh4_ts256,0,500,1881,5,188,4.8,0.1794123778522963,0.4781214888266661,0.2506616668019529,0.1838158283805358,0.4835302028323556,,,,,,
019_NAB_id_19_Facility_tr_1007_1st_1171.csv,NAB,eva,rrcf,sh4_ts256,0,500,4031,8,400,15.4,0.2071581586716951,0.5722253273714468,0.2416195419551407,0.1997169768740801,0.5769298312172697,,,,,,
020_NAB_id_20_Synthetic_tr_1007_1st_2679.csv,NAB,eva,rrcf,sh4_ts256,0,500,4031,288,621,15.5,0.1723542998487956,0.3741548660568531,0.2991304040716358,0.2014178822683859,0.4584059735915494,,,,,,
022_NAB_id_22_Facility_tr_1007_1st_2980.csv,NAB,eva,rrcf,sh4_ts256,0,500,4031,4,520,17.5,0.1566798792689084,0.4599251462585902,0.2573597966744763,0.1526916304426847,0.4613870698546849,,,,,,
023_NAB_id_23_Facility_tr_4512_1st_16551.csv,NAB,eva,rrcf,sh4_ts256,0,500,18049,12,1498,76.3,0.0726985870192631,0.4424848565557765,0.1573928236417398,0.0728499371982159,0.4432127663802282,,,,,,
024_NAB_id_24_Synthetic_tr_1007_1st_2787.csv,NAB,eva,rrcf,sh4_ts256,0,500,4031,288,513,15.4,0.1729381103952184,0.5371029185510716,0.2566934700827158,0.2108876792607838,0.6242219271505468,,,,,,
025_NAB_id_25_WebService_tr_3958_1st_4614.csv,NAB,eva,rrcf,sh4_ts256,0,500,15832,16,1580,71.2,0.1124099680724983,0.510579220697933,0.1869974095711422,0.1096921809233996,0.5135878035112709,,,,,,
026_NAB_id_26_Traffic_tr_624_1st_2261.csv,NAB,eva,rrcf,sh4_ts256,0,500,2499,8,238,9.9,0.1382251958508876,0.4666179930234444,0.2138920282486774,0.1373675326698218,0.4697020533805729,,,,,,
027_NAB_id_27_Facility_tr_757_1st_2582.csv,NAB,eva,rrcf,sh4_ts256,0,500,3031,5,200,11.7,0.1197227463748814,0.5607443157443157,0.1733930524732473,0.1124426439594188,0.5623430417519346,,,,,,
028_NAB_id_28_Facility_tr_1007_1st_3447.csv,NAB,eva,rrcf,sh4_ts256,0,500,4031,289,430,12.8,0.1398010087368242,0.5609195833302086,0.2622565945120795,0.1821736361066286,0.6521577493455767,,,,,,
551_YAHOO_id_1_Synthetic_tr_500_1st_893.csv,YAHOO,eva,rrcf,sh4_ts256,0,500,1421,105,1,4.8,0.5,0.9989130434782608,0.6666622222518517,0.9332931684996412,0.9998595292726362,,,,,,
552_YAHOO_id_2_Synthetic_tr_500_1st_893.csv,YAHOO,eva,rrcf,sh4_ts256,0,500,1421,100,1,5.2,0.3333333333333333,0.9978260869565218,0.4999962500281247,0.9411022313988467,0.9998786062944912,,,,,,
555_YAHOO_id_5_WebService_tr_500_1st_730.csv,YAHOO,eva,rrcf,sh4_ts256,0,500,1680,24,4,6.1,0.0682205513784461,0.9642857142857142,0.173910170179797,0.2812302389810982,0.984030010166564,,,,,,
558_YAHOO_id_8_WebService_tr_500_1st_1125.csv,YAHOO,eva,rrcf,sh4_ts256,0,500,1427,24,80,5.3,0.121458154330997,0.5481700118063755,0.1864371796755876,0.1833045772829079,0.6560736366386877,,,,,,
562_YAHOO_id_12_Synthetic_tr_500_1st_893.csv,YAHOO,eva,rrcf,sh4_ts256,0,500,1421,126,1,5.0,1.0,1.0,0.999995000025,1.0,1.0,,,,,,
570_YAHOO_id_20_Synthetic_tr_500_1st_658.csv,YAHOO,eva,rrcf,sh4_ts256,0,500,1421,135,4,4.6,0.5178571428571428,0.997546346782988,0.7272680992030051,0.9025503526592142,0.999556610332518,,,,,,
571_YAHOO_id_21_Synthetic_tr_500_1st_623.csv,YAHOO,eva,rrcf,sh4_ts256,0,500,1421,35,9,5.0,0.6133434547908232,0.9941520467836256,0.6206853745836236,0.8667635407782971,0.9986095539255728,,,,,,
579_YAHOO_id_29_WebService_tr_500_1st_1342.csv,YAHOO,eva,rrcf,sh4_ts256,0,500,1680,24,1,6.2,0.0129870129870129,0.9355385920271416,0.0256407725205789,0.6436610824426238,0.9913664715577604,,,,,,
603_YAHOO_id_53_Synthetic_tr_500_1st_893.csv,YAHOO,eva,rrcf,sh4_ts256,0,500,1421,4,1,5.1,0.5,0.9989130434782608,0.6666622222518517,0.4115051801070548,0.9983202937567622,,,,,,
644_YAHOO_id_94_WebService_tr_500_1st_1078.csv,YAHOO,eva,rrcf,sh4_ts256,0,500,1435,24,75,5.5,0.0829311488850721,0.4654883720930233,0.196526880406083,0.1055801028319157,0.5479845031351062,,,,,,
645_YAHOO_id_95_WebService_tr_500_1st_1047.csv,YAHOO,eva,rrcf,sh4_ts256,0,500,1680,24,1,6.1,0.25,0.9974554707379136,0.3999968000255998,0.7132257682795284,0.9993705354914696,,,,,,
649_YAHOO_id_99_WebService_tr_500_1st_1386.csv,YAHOO,eva,rrcf,sh4_ts256,0,500,1680,168,1,5.9,0.25,0.9974554707379136,0.3999968000255998,0.8988921718893452,0.9997970533908276,,,,,,
657_YAHOO_id_107_WebService_tr_500_1st_1260.csv,YAHOO,eva,rrcf,sh4_ts256,0,500,1440,4,1,5.8,0.25,0.9968051118210862,0.3999968000255998,0.4115051801070548,0.9983542869133408,,,,,,
658_YAHOO_id_108_Synthetic_tr_500_1st_893.csv,YAHOO,eva,rrcf,sh4_ts256,0,500,1421,125,1,4.6,0.25,0.9967391304347826,0.3999968000255998,0.9511663039847836,0.9999007529680424,,,,,,
672_YAHOO_id_122_WebService_tr_500_1st_857.csv,YAHOO,eva,rrcf,sh4_ts256,0,500,1680,24,1,6.3,0.1666666666666666,0.9957591178965224,0.2857118367556849,0.3297198459455586,0.9976724648373656,,,,,,
680_YAHOO_id_130_Synthetic_tr_500_1st_893.csv,YAHOO,eva,rrcf,sh4_ts256,0,500,1421,118,1,5.0,0.25,0.9967391304347826,0.3999968000255998,0.9393563914532842,0.9998735288899528,,,,,,
689_YAHOO_id_139_WebService_tr_500_1st_1073.csv,YAHOO,eva,rrcf,sh4_ts256,0,500,1680,24,1,6.3,0.5,0.9991518235793044,0.6666622222518517,0.7484552744016688,0.9994835533562094,,,,,,
693_YAHOO_id_143_WebService_tr_500_1st_1003.csv,YAHOO,eva,rrcf,sh4_ts256,0,500,1427,24,2,5.2,0.2222222222222222,0.9902702702702704,0.3999952000575993,0.6069258708271901,0.995860969571646,,,,,,
701_YAHOO_id_151_Synthetic_tr_500_1st_893.csv,YAHOO,eva,rrcf,sh4_ts256,0,500,1421,156,1,5.1,0.5,0.9989130434782608,0.6666622222518517,0.9701541601560304,0.9999408030814554,,,,,,
723_YAHOO_id_173_WebService_tr_500_1st_1214.csv,YAHOO,eva,rrcf,sh4_ts256,0,500,1420,48,2,5.6,0.625,0.9967320261437908,0.6666622222518517,0.9554594195694368,0.9997730080445336,,,,,,
724_YAHOO_id_174_WebService_tr_500_1st_1030.csv,YAHOO,eva,rrcf,sh4_ts256,0,500,1680,24,5,6.3,0.2371980676328502,0.9875744680851064,0.2857118367556849,0.6401435317676806,0.9957042975161324,,,,,,
734_YAHOO_id_184_WebService_tr_500_1st_768.csv,YAHOO,eva,rrcf,sh4_ts256,0,500,1424,23,227,5.4,0.6833552937333461,0.8499737705332482,0.6804073915977137,0.7315881595786452,0.8809145652759404,,,,,,
741_YAHOO_id_191_WebService_tr_500_1st_1114.csv,YAHOO,eva,rrcf,sh4_ts256,0,500,1680,24,2,5.9,0.3,0.9919354838709676,0.4999950000499994,0.827208741804681,0.9986243412625436,,,,,,
755_YAHOO_id_205_Synthetic_tr_500_1st_893.csv,YAHOO,eva,rrcf,sh4_ts256,0,500,1421,125,1,4.8,0.5,0.9989130434782608,0.6666622222518517,0.9638367194165596,0.9999276782536288,,,,,,
762_YAHOO_id_212_WebService_tr_500_1st_1055.csv,YAHOO,eva,rrcf,sh4_ts256,0,500,1680,24,2,6.0,0.1716917922948073,0.91553480475382,0.3999952000575993,0.3565883850685393,0.9121587266867356,,,,,,
780_YAHOO_id_230_Synthetic_tr_500_1st_893.csv,YAHOO,eva,rrcf,sh4_ts256,0,500,1421,154,1,5.2,0.3333333333333333,0.9978260869565218,0.4999962500281247,0.25,0.9978260869565194,,,,,,
788_YAHOO_id_238_WebService_tr_500_1st_973.csv,YAHOO,eva,rrcf,sh4_ts256,0,500,1680,24,1,6.1,0.0303030303030303,0.9728583545377438,0.05882295848305,0.0294117647058823,0.9737065309584392,,,,,,
797_YAHOO_id_247_Synthetic_tr_500_1st_893.csv,YAHOO,eva,rrcf,sh4_ts256,0,500,1421,158,1,5.1,0.0833333333333333,0.9880434782608696,0.1538447337409193,0.1797149408516314,0.9913268154788198,,,,,,
806_YAHOO_id_256_Synthetic_tr_500_1st_893.csv,YAHOO,eva,rrcf,sh4_ts256,0,500,1421,118,1,5.0,0.04,0.9739130434782608,0.0769223372852184,0.690090398576675,0.997080859409294,,,,,,
807_YAHOO_id_257_WebService_tr_500_1st_1210.csv,YAHOO,eva,rrcf,sh4_ts256,0,500,1424,24,17,4.9,0.3599364789017053,0.97807899344964,0.4897913869640389,0.6266576191735043,0.9872193296359212,,,,,,
001_NAB_id_1_Facility_tr_1007_1st_2014.csv,NAB,eva,rrcf,sh4_ts256,1,500,4031,6,343,16.7,0.1706259674828623,0.4704120041994213,0.1778568187999448,0.1642852110433018,0.4757155777959352,,,,,,
002_NAB_id_2_WebService_tr_1500_1st_4106.csv,NAB,eva,rrcf,sh4_ts256,1,500,6000,5,637,26.0,0.134142042364314,0.5115295679321413,0.2082020896161868,0.1343909615931423,0.5125192920791353,,,,,,
005_NAB_id_5_Traffic_tr_594_1st_1645.csv,NAB,eva,rrcf,sh4_ts256,1,500,2379,22,238,9.4,0.1587564358591272,0.549534256115609,0.2333643508142847,0.1634815013011755,0.5642712548121854,,,,,,
006_NAB_id_6_Traffic_tr_2579_1st_5839.csv,NAB,eva,rrcf,sh4_ts256,1,500,10319,125,1030,39.2,0.1206618188679914,0.4806965237880095,0.1925767287354692,0.1387248413559727,0.5534555800117622,,,,,,
008_NAB_id_8_Synthetic_tr_1007_1st_2734.csv,NAB,eva,rrcf,sh4_ts256,1,500,4031,71,402,4.4,0.147790323485323,0.6415191539903551,0.2840408235408725,0.1559038763915763,0.6627793024713907,,,,,,
009_NAB_id_9_Traffic_tr_500_1st_438.csv,NAB,eva,rrcf,sh4_ts256,1,500,2161,128,154,10.2,0.1890205321625928,0.6652030782754074,0.2882837574772632,0.2112222061898526,0.7334827199523849,,,,,,
010_NAB_id_10_WebService_tr_500_1st_271.csv,NAB,eva,rrcf,sh4_ts256,1,500,1000,142,48,4.2,0.3773019353662148,0.6459716076696165,0.3768073598459451,0.4503328547583666,0.7810559305355722,,,,,,
011_NAB_id_11_Facility_tr_1007_1st_1526.csv,NAB,eva,rrcf,sh4_ts256,1,500,4031,204,474,16.2,0.2487852829942406,0.620588564117216,0.3299074886030257,0.2875364061589659,0.6777572681565204,,,,,,
013_NAB_id_13_Traffic_tr_623_1st_2084.csv,NAB,eva,rrcf,sh4_ts256,1,500,2494,247,248,11.5,0.2361043178260447,0.5602205963862099,0.264387340758865,0.3635623200372031,0.7542455661747843,,,,,,
014_NAB_id_14_WebService_tr_500_1st_1045.csv,NAB,eva,rrcf,sh4_ts256,1,500,1537,23,152,6.4,0.1388773479390648,0.390938150460898,0.2574067326712284,0.1382234383075681,0.4021794881426069,,,,,,
015_NAB_id_15_Synthetic_tr_1007_1st_2787.csv,NAB,eva,rrcf,sh4_ts256,1,500,4031,288,513,15.7,0.1534419251564469,0.4877253696792604,0.2541551368707068,0.1950374030361249,0.5843203637230743,,,,,,
016_NAB_id_16_Environment_tr_1816_1st_3540.csv,NAB,eva,rrcf,sh4_ts256,1,500,7266,23,724,27.7,0.1075178568197362,0.4937632703670988,0.1946547095379674,0.1094860468511784,0.502002721191567,,,,,,
017_NAB_id_17_Synthetic_tr_1007_1st_1805.csv,NAB,eva,rrcf,sh4_ts256,1,500,4031,100,402,1.1,0.1140821212357233,0.5034022123323937,0.2044222684591153,0.1294461719776468,0.5439961605329411,,,,,,
018_NAB_id_18_Facility_tr_500_1st_669.csv,NAB,eva,rrcf,sh4_ts256,1,500,1881,5,188,4.7,0.1683141255617182,0.4525958160189759,0.2440268303763482,0.1703656192487256,0.4576463503662882,,,,,,
019_NAB_id_19_Facility_tr_1007_1st_1171.csv,NAB,eva,rrcf,sh4_ts256,1,500,4031,8,400,15.3,0.199936971731154,0.5764691791759822,0.249995116441276,0.1931974117444524,0.5813264085002211,,,,,,
020_NAB_id_20_Synthetic_tr_1007_1st_2679.csv,NAB,eva,rrcf,sh4_ts256,1,500,4031,288,621,16.1,0.1710065982014855,0.3793648422066171,0.2991304040716358,0.2008903107321638,0.4627885076287306,,,,,,
022_NAB_id_22_Facility_tr_1007_1st_2980.csv,NAB,eva,rrcf,sh4_ts256,1,500,4031,4,520,17.2,0.1608275771782474,0.4600228648800551,0.257693878520561,0.1547465335187961,0.4610672532387289,,,,,,
023_NAB_id_23_Facility_tr_4512_1st_16551.csv,NAB,eva,rrcf,sh4_ts256,1,500,18049,12,1498,74.5,0.0757016108502974,0.4615457621355294,0.1575991236591908,0.0757809506720254,0.4622010636984622,,,,,,
024_NAB_id_24_Synthetic_tr_1007_1st_2787.csv,NAB,eva,rrcf,sh4_ts256,1,500,4031,288,513,15.2,0.1802543937968505,0.5527956368352587,0.2697023902441464,0.2188637557106409,0.6367463641702729,,,,,,
025_NAB_id_25_WebService_tr_3958_1st_4614.csv,NAB,eva,rrcf,sh4_ts256,1,500,15832,16,1580,69.0,0.1114040076448837,0.5064000817372479,0.1872530833597859,0.1094053926714015,0.509337066987474,,,,,,
026_NAB_id_26_Traffic_tr_624_1st_2261.csv,NAB,eva,rrcf,sh4_ts256,1,500,2499,8,238,9.8,0.1420586881778224,0.4903392362055554,0.2198629634852681,0.1361913340556267,0.492835656063214,,,,,,
027_NAB_id_27_Facility_tr_757_1st_2582.csv,NAB,eva,rrcf,sh4_ts256,1,500,3031,5,200,11.6,0.1234424638212421,0.5691591591591592,0.175144315749763,0.113489646748443,0.5704129908245614,,,,,,
028_NAB_id_28_Facility_tr_1007_1st_3447.csv,NAB,eva,rrcf,sh4_ts256,1,500,4031,289,430,12.6,0.1388850607188908,0.5587124933442326,0.2552048573607119,0.1798535634025553,0.6487395254719468,,,,,,
551_YAHOO_id_1_Synthetic_tr_500_1st_893.csv,YAHOO,eva,rrcf,sh4_ts256,1,500,1421,105,1,4.8,0.3333333333333333,0.9978260869565218,0.4999962500281247,0.9434588978550806,0.9998838280742434,,,,,,
552_YAHOO_id_2_Synthetic_tr_500_1st_893.csv,YAHOO,eva,rrcf,sh4_ts256,1,500,1421,100,1,5.1,1.0,1.0,0.999995000025,1.0,1.0,,,,,,
555_YAHOO_id_5_WebService_tr_500_1st_730.csv,YAHOO,eva,rrcf,sh4_ts256,1,500,1680,24,4,6.0,0.0744128420599008,0.970875850340136,0.1599973120451576,0.314520130281525,0.9883034738143104,,,,,,
558_YAHOO_id_8_WebService_tr_500_1st_1125.csv,YAHOO,eva,rrcf,sh4_ts256,1,500,1427,24,80,5.2,0.0991828074784069,0.4853010625737898,0.1627891493874043,0.1573394502887361,0.6030281474537186,,,,,,
562_YAHOO_id_12_Synthetic_tr_500_1st_893.csv,YAHOO,eva,rrcf,sh4_ts256,1,500,1421,126,1,5.0,1.0,1.0,0.999995000025,1.0,1.0,,,,,,
570_YAHOO_id_20_Synthetic_tr_500_1st_658.csv,YAHOO,eva,rrcf,sh4_ts256,1,500,1421,135,4,4.6,0.7333333333333333,0.9986368593238822,0.7999952000287999,0.9055993240460122,0.9995649435196038,,,,,,
571_YAHOO_id_21_Synthetic_tr_500_1st_623.csv,YAHOO,eva,rrcf,sh4_ts256,1,500,1421,35,9,5.0,0.6592833092833092,0.9954922027290448,0.6666619791996254,0.8225233533086939,0.9983306535793118,,,,,,
579_YAHOO_id_29_WebService_tr_500_1st_1342.csv,YAHOO,eva,rrcf,sh4_ts256,1,500,1680,24,1,5.9,0.2,0.996607294317218,0.3333305555787035,0.2,0.997879558948262,,,,,,
603_YAHOO_id_53_Synthetic_tr_500_1st_893.csv,YAHOO,eva,rrcf,sh4_ts256,1,500,1421,4,1,5.0,0.25,0.9967391304347826,0.3999968000255998,0.4115051801070548,0.9983202937567623,,,,,,
644_YAHOO_id_94_WebService_tr_500_1st_1078.csv,YAHOO,eva,rrcf,sh4_ts256,1,500,1435,24,75,5.5,0.0974555990476017,0.531813953488372,0.1754336720372761,0.1202290875033029,0.6062531234196985,,,,,,
645_YAHOO_id_95_WebService_tr_500_1st_1047.csv,YAHOO,eva,rrcf,sh4_ts256,1,500,1680,24,1,5.9,0.25,0.9974554707379136,0.3999968000255998,0.7455846925335436,0.9994632630387986,,,,,,
649_YAHOO_id_99_WebService_tr_500_1st_1386.csv,YAHOO,eva,rrcf,sh4_ts256,1,500,1680,168,1,5.7,0.25,0.9974554707379136,0.3999968000255998,0.8945842756906449,0.9997879083392408,,,,,,
657_YAHOO_id_107_WebService_tr_500_1st_1260.csv,YAHOO,eva,rrcf,sh4_ts256,1,500,1440,4,1,5.6,0.3333333333333333,0.9978700745473909,0.4999962500281247,0.5030688863985721,0.9988084079688172,,,,,,
658_YAHOO_id_108_Synthetic_tr_500_1st_893.csv,YAHOO,eva,rrcf,sh4_ts256,1,500,1421,125,1,4.6,0.25,0.9967391304347826,0.3999968000255998,0.9421546253132844,0.9998799279403316,,,,,,
672_YAHOO_id_122_WebService_tr_500_1st_857.csv,YAHOO,eva,rrcf,sh4_ts256,1,500,1680,24,1,6.0,0.5,0.9991518235793044,0.6666622222518517,0.3721529807887764,0.9982441252625782,,,,,,
680_YAHOO_id_130_Synthetic_tr_500_1st_893.csv,YAHOO,eva,rrcf,sh4_ts256,1,500,1421,118,1,5.0,1.0,1.0,0.999995000025,1.0,1.0,,,,,,
689_YAHOO_id_139_WebService_tr_500_1st_1073.csv,YAHOO,eva,rrcf,sh4_ts256,1,500,1680,24,1,6.1,1.0,1.0,0.999995000025,1.0,1.0,,,,,,
693_YAHOO_id_143_WebService_tr_500_1st_1003.csv,YAHOO,eva,rrcf,sh4_ts256,1,500,1427,24,2,5.3,0.45,0.997837837837838,0.5714244898250728,0.6866111770858688,0.9985239181607928,,,,,,
701_YAHOO_id_151_Synthetic_tr_500_1st_893.csv,YAHOO,eva,rrcf,sh4_ts256,1,500,1421,156,1,5.0,0.5,0.9989130434782608,0.6666622222518517,0.9595160208089104,0.9999188062059088,,,,,,
723_YAHOO_id_173_WebService_tr_500_1st_1214.csv,YAHOO,eva,rrcf,sh4_ts256,1,500,1420,48,2,5.4,0.45,0.9978213507625272,0.5714244898250728,0.9520762882713644,0.9997896344845458,,,,,,
724_YAHOO_id_174_WebService_tr_500_1st_1030.csv,YAHOO,eva,rrcf,sh4_ts256,1,500,1680,24,5,6.1,0.3147474747474748,0.9902978723404255,0.4444395062277086,0.6250868805576663,0.9950337605180014,,,,,,
734_YAHOO_id_184_WebService_tr_500_1st_768.csv,YAHOO,eva,rrcf,sh4_ts256,1,500,1424,23,227,5.4,0.6909939919592977,0.8475909972885685,0.6777201472703545,0.7400886040190916,0.8795720480270305,,,,,,
741_YAHOO_id_191_WebService_tr_500_1st_1114.csv,YAHOO,eva,rrcf,sh4_ts256,1,500,1680,24,2,5.8,0.1055555555555555,0.9893887945670627,0.1999982000161998,0.7977933497278435,0.9986399337531914,,,,,,
755_YAHOO_id_205_Synthetic_tr_500_1st_893.csv,YAHOO,eva,rrcf,sh4_ts256,1,500,1421,125,1,4.9,0.5,0.9989130434782608,0.6666622222518517,0.9511663039847836,0.9999007529680424,,,,,,
762_YAHOO_id_212_WebService_tr_500_1st_1055.csv,YAHOO,eva,rrcf,sh4_ts256,1,500,1680,24,2,5.9,0.1049019607843137,0.9125636672325976,0.2857102041399409,0.350024532180885,0.9306644721795526,,,,,,
780_YAHOO_id_230_Synthetic_tr_500_1st_893.csv,YAHOO,eva,rrcf,sh4_ts256,1,500,1421,154,1,5.1,0.3333333333333333,0.9978260869565218,0.4999962500281247,0.4928936323039775,0.998353538122896,,,,,,
788_YAHOO_id_238_WebService_tr_500_1st_973.csv,YAHOO,eva,rrcf,sh4_ts256,1,500,1680,24,1,6.1,0.0227272727272727,0.9635284139100933,0.0444440098807922,0.1287207885944915,0.9888549807774848,,,,,,
797_YAHOO_id_247_Synthetic_tr_500_1st_893.csv,YAHOO,eva,rrcf,sh4_ts256,1,500,1421,158,1,4.9,0.0384615384615384,0.9728260869565216,0.0740733607750443,0.1414317335291742,0.9896573851057332,,,,,,
806_YAHOO_id_256_Synthetic_tr_500_1st_893.csv,YAHOO,eva,rrcf,sh4_ts256,1,500,1421,118,1,4.9,0.0666666666666666,0.9847826086956522,0.1249988281359862,0.2754341754610944,0.9966649476488796,,,,,,
807_YAHOO_id_257_WebService_tr_500_1st_1210.csv,YAHOO,eva,rrcf,sh4_ts256,1,500,1424,24,17,4.7,0.3493496493858098,0.9746416758544654,0.4761865356839057,0.5691727107943448,0.9850946669908428,,,,,,
001_NAB_id_1_Facility_tr_1007_1st_2014.csv,NAB,eva,rrcf,sh4_ts256,2,500,4031,6,343,16.4,0.165582255384947,0.4658842744841259,0.1776265534235072,0.159463767664929,0.4712733421281568,,,,,,
002_NAB_id_2_WebService_tr_1500_1st_4106.csv,NAB,eva,rrcf,sh4_ts256,2,500,6000,5,637,25.6,0.1382937735952456,0.5219985208528436,0.2085728165264972,0.1370395108085839,0.5229796359064081,,,,,,
005_NAB_id_5_Traffic_tr_594_1st_1645.csv,NAB,eva,rrcf,sh4_ts256,2,500,2379,22,238,9.1,0.149738809750753,0.52145391977632,0.2278825887939103,0.1558112904943485,0.5367202096836283,,,,,,
006_NAB_id_6_Traffic_tr_2579_1st_5839.csv,NAB,eva,rrcf,sh4_ts256,2,500,10319,125,1030,37.8,0.1151415593709715,0.4613348327068147,0.1901053302206827,0.1289437841550554,0.5320256695618011,,,,,,
008_NAB_id_8_Synthetic_tr_1007_1st_2734.csv,NAB,eva,rrcf,sh4_ts256,2,500,4031,71,402,4.2,0.1449585602839144,0.6307333578194041,0.2792503036428925,0.1531041446803095,0.6511557780733673,,,,,,
009_NAB_id_9_Traffic_tr_500_1st_438.csv,NAB,eva,rrcf,sh4_ts256,2,500,2161,128,154,9.6,0.172408470834874,0.6626565206525392,0.2628913631467267,0.1888740381060607,0.7192844752245369,,,,,,
010_NAB_id_10_WebService_tr_500_1st_271.csv,NAB,eva,rrcf,sh4_ts256,2,500,1000,142,48,4.0,0.4073685831363466,0.6525626843657817,0.4374962500321426,0.4832165550608706,0.7878062956391042,,,,,,
011_NAB_id_11_Facility_tr_1007_1st_1526.csv,NAB,eva,rrcf,sh4_ts256,2,500,4031,204,474,15.7,0.2373350731142187,0.6138640099708906,0.3202961644164308,0.2697329512350679,0.6723653148759647,,,,,,
013_NAB_id_13_Traffic_tr_623_1st_2084.csv,NAB,eva,rrcf,sh4_ts256,2,500,2494,247,248,10.8,0.2465782044423896,0.568419059232162,0.2735625023365964,0.3796891131548899,0.7584455264834059,,,,,,
014_NAB_id_14_WebService_tr_500_1st_1045.csv,NAB,eva,rrcf,sh4_ts256,2,500,1537,23,152,6.1,0.1411068390651368,0.4038581623550402,0.2563215426941387,0.140727425473316,0.4168943440494925,,,,,,
015_NAB_id_15_Synthetic_tr_1007_1st_2787.csv,NAB,eva,rrcf,sh4_ts256,2,500,4031,288,513,15.1,0.1543123955611519,0.4908902659417116,0.2546083730229874,0.1953480126568174,0.5844595977166368,,,,,,
016_NAB_id_16_Environment_tr_1816_1st_3540.csv,NAB,eva,rrcf,sh4_ts256,2,500,7266,23,724,27.2,0.1112760980574591,0.4977452949061907,0.1940428855557061,0.1132940656507311,0.505633120042891,,,,,,
017_NAB_id_17_Synthetic_tr_1007_1st_1805.csv,NAB,eva,rrcf,sh4_ts256,2,500,4031,100,402,1.1,0.1141373302705349,0.5034522974771398,0.2044222684591153,0.1296099353948509,0.5440836125209085,,,,,,
018_NAB_id_18_Facility_tr_500_1st_669.csv,NAB,eva,rrcf,sh4_ts256,2,500,1881,5,188,4.8,0.1788723936232642,0.4649818979508123,0.2396409754991257,0.1820571562985371,0.469937807322053,,,,,,
019_NAB_id_19_Facility_tr_1007_1st_1171.csv,NAB,eva,rrcf,sh4_ts256,2,500,4031,8,400,15.2,0.2103812900781053,0.5772692430533376,0.2465703802003646,0.2039761460228142,0.5827776889644395,,,,,,
020_NAB_id_20_Synthetic_tr_1007_1st_2679.csv,NAB,eva,rrcf,sh4_ts256,2,500,4031,288,621,16.4,0.1679907470458352,0.3702480756567116,0.2991304040716358,0.1984061410681418,0.4589344233658567,,,,,,
022_NAB_id_22_Facility_tr_1007_1st_2980.csv,NAB,eva,rrcf,sh4_ts256,2,500,4031,4,520,16.8,0.1636629565183716,0.4692595100017883,0.25814248819151,0.161058382015842,0.4706887583180991,,,,,,
023_NAB_id_23_Facility_tr_4512_1st_16551.csv,NAB,eva,rrcf,sh4_ts256,2,500,18049,12,1498,74.4,0.0721987955983368,0.4433324552355189,0.1586377778763688,0.0723597281841581,0.4439874084185048,,,,,,
024_NAB_id_24_Synthetic_tr_1007_1st_2787.csv,NAB,eva,rrcf,sh4_ts256,2,500,4031,288,513,15.0,0.1714771784674935,0.5294361188295825,0.2537069835821982,0.2124328440256792,0.6232712490890893,,,,,,
025_NAB_id_25_WebService_tr_3958_1st_4614.csv,NAB,eva,rrcf,sh4_ts256,2,500,15832,16,1580,68.2,0.1114704216340329,0.5057887092142178,0.1869839159514187,0.1081504392506993,0.5086726138345014,,,,,,
026_NAB_id_26_Traffic_tr_624_1st_2261.csv,NAB,eva,rrcf,sh4_ts256,2,500,2499,8,238,9.7,0.1524004084094697,0.487967589079925,0.2145502651280079,0.1434111118130766,0.4905859574700646,,,,,,
027_NAB_id_27_Facility_tr_757_1st_2582.csv,NAB,eva,rrcf,sh4_ts256,2,500,3031,5,200,11.6,0.1173239042906787,0.561851136851137,0.1778936364309832,0.1107170738457313,0.5627919962024531,,,,,,
028_NAB_id_28_Facility_tr_1007_1st_3447.csv,NAB,eva,rrcf,sh4_ts256,2,500,4031,289,430,12.8,0.1390397159255131,0.5595486827205027,0.2578676902370368,0.1804615208670822,0.6498268023197953,,,,,,
551_YAHOO_id_1_Synthetic_tr_500_1st_893.csv,YAHOO,eva,rrcf,sh4_ts256,2,500,1421,105,1,4.8,0.5,0.9989130434782608,0.6666622222518517,0.9434588978550806,0.9998838280742434,,,,,,
552_YAHOO_id_2_Synthetic_tr_500_1st_893.csv,YAHOO,eva,rrcf,sh4_ts256,2,500,1421,100,1,5.1,0.5,0.9989130434782608,0.6666622222518517,0.9305936101788392,0.9998532386379868,,,,,,
555_YAHOO_id_5_WebService_tr_500_1st_730.csv,YAHOO,eva,rrcf,sh4_ts256,2,500,1680,24,4,6.1,0.1841346153846154,0.9751275510204082,0.3333288889481474,0.3669514888107282,0.9877712244951076,,,,,,
558_YAHOO_id_8_WebService_tr_500_1st_1125.csv,YAHOO,eva,rrcf,sh4_ts256,2,500,1427,24,80,5.1,0.1093216714336014,0.5043093270365998,0.1621581366148267,0.1707221677421602,0.6185558610804768,,,,,,
562_YAHOO_id_12_Synthetic_tr_500_1st_893.csv,YAHOO,eva,rrcf,sh4_ts256,2,500,1421,126,1,4.9,0.5,0.9989130434782608,0.6666622222518517,0.9514933526292308,0.9999014657819733,,,,,,
570_YAHOO_id_20_Synthetic_tr_500_1st_658.csv,YAHOO,eva,rrcf,sh4_ts256,2,500,1421,135,4,4.6,0.4480519480519481,0.9961832061068702,0.5454499173946402,0.9191394781876928,0.999615792766955,,,,,,
571_YAHOO_id_21_Synthetic_tr_500_1st_623.csv,YAHOO,eva,rrcf,sh4_ts256,2,500,1421,35,9,5.0,0.5564912583390844,0.992933723196881,0.5882303114608911,0.921181737913136,0.999113897720194,,,,,,
579_YAHOO_id_29_WebService_tr_500_1st_1342.csv,YAHOO,eva,rrcf,sh4_ts256,2,500,1680,24,1,6.0,0.125,0.9940627650551316,0.2222202469311383,0.54904509116343,0.9982359887021376,,,,,,
603_YAHOO_id_53_Synthetic_tr_500_1st_893.csv,YAHOO,eva,rrcf,sh4_ts256,2,500,1421,4,1,5.1,0.3333333333333333,0.9978260869565218,0.4999962500281247,0.404836777354263,0.9981623547540176,,,,,,
644_YAHOO_id_94_WebService_tr_500_1st_1078.csv,YAHOO,eva,rrcf,sh4_ts256,2,500,1435,24,75,5.4,0.0876011212229659,0.4884186046511628,0.1597123171658204,0.1100843312934035,0.566276667543403,,,,,,
645_YAHOO_id_95_WebService_tr_500_1st_1047.csv,YAHOO,eva,rrcf,sh4_ts256,2,500,1680,24,1,6.0,0.25,0.9974554707379136,0.3999968000255998,0.7132257682795284,0.9993705354914696,,,,,,
649_YAHOO_id_99_WebService_tr_500_1st_1386.csv,YAHOO,eva,rrcf,sh4_ts256,2,500,1680,168,1,5.7,0.25,0.9974554707379136,0.3999968000255998,0.8945842756906449,0.9997879083392408,,,,,,
657_YAHOO_id_107_WebService_tr_500_1st_1260.csv,YAHOO,eva,rrcf,sh4_ts256,2,500,1440,4,1,5.6,0.3333333333333333,0.9978700745473909,0.4999962500281247,0.4115051801070548,0.9983542869133408,,,,,,
658_YAHOO_id_108_Synthetic_tr_500_1st_893.csv,YAHOO,eva,rrcf,sh4_ts256,2,500,1421,125,1,4.5,1.0,1.0,0.999995000025,1.0,1.0,,,,,,
672_YAHOO_id_122_WebService_tr_500_1st_857.csv,YAHOO,eva,rrcf,sh4_ts256,2,500,1680,24,1,6.0,0.3333333333333333,0.998303647158609,0.4999962500281247,0.7484552744016688,0.9994835533562094,,,,,,
680_YAHOO_id_130_Synthetic_tr_500_1st_893.csv,YAHOO,eva,rrcf,sh4_ts256,2,500,1421,118,1,5.0,0.5,0.9989130434782608,0.6666622222518517,0.9487373014808264,0.9998954449595044,,,,,,
689_YAHOO_id_139_WebService_tr_500_1st_1073.csv,YAHOO,eva,rrcf,sh4_ts256,2,500,1680,24,1,6.2,0.3333333333333333,0.998303647158609,0.4999962500281247,0.7455846925335436,0.9994632630387986,,,,,,
693_YAHOO_id_143_WebService_tr_500_1st_1003.csv,YAHOO,eva,rrcf,sh4_ts256,2,500,1427,24,2,5.2,0.5909090909090909,0.9951351351351352,0.6666622222518517,0.6285174039064758,0.996292512181161,,,,,,
701_YAHOO_id_151_Synthetic_tr_500_1st_893.csv,YAHOO,eva,rrcf,sh4_ts256,2,500,1421,156,1,5.0,1.0,1.0,0.999995000025,1.0,1.0,,,,,,
723_YAHOO_id_173_WebService_tr_500_1st_1214.csv,YAHOO,eva,rrcf,sh4_ts256,2,500,1420,48,2,5.4,0.6666666666666666,0.9978213507625272,0.6666622222518517,0.9675573773246892,0.9998261424678264,,,,,,
724_YAHOO_id_174_WebService_tr_500_1st_1030.csv,YAHOO,eva,rrcf,sh4_ts256,2,500,1680,24,5,6.1,0.2737075424575425,0.9892765957446809,0.3749957031742344,0.6583032312948247,0.9949524886833248,,,,,,
734_YAHOO_id_184_WebService_tr_500_1st_768.csv,YAHOO,eva,rrcf,sh4_ts256,2,500,1424,23,227,5.3,0.6754449245598472,0.8455179213621626,0.6711968184410358,0.7235153049833225,0.8785827893218828,,,,,,
741_YAHOO_id_191_WebService_tr_500_1st_1114.csv,YAHOO,eva,rrcf,sh4_ts256,2,500,1680,24,2,5.8,0.2678571428571428,0.99660441426146,0.4444409876812069,0.8508964952529828,0.99945231892328,,,,,,
755_YAHOO_id_205_Synthetic_tr_500_1st_893.csv,YAHOO,eva,rrcf,sh4_ts256,2,500,1421,125,1,4.9,0.3333333333333333,0.9978260869565218,0.4999962500281247,0.9421546253132844,0.9998799279403316,,,,,,
762_YAHOO_id_212_WebService_tr_500_1st_1055.csv,YAHOO,eva,rrcf,sh4_ts256,2,500,1680,24,2,5.9,0.0868794326241134,0.8790322580645161,0.2499962500562491,0.2854454259922098,0.922056798901054,,,,,,
780_YAHOO_id_230_Synthetic_tr_500_1st_893.csv,YAHOO,eva,rrcf,sh4_ts256,2,500,1421,154,1,5.1,0.1111111111111111,0.991304347826087,0.1999982000161998,0.4742301028797661,0.9981284176230166,,,,,,
788_YAHOO_id_238_WebService_tr_500_1st_973.csv,YAHOO,eva,rrcf,sh4_ts256,2,500,1680,24,1,6.0,0.0217391304347826,0.9618320610687024,0.0425527750153934,0.0548995866400828,0.9767803880134268,,,,,,
797_YAHOO_id_247_Synthetic_tr_500_1st_893.csv,YAHOO,eva,rrcf,sh4_ts256,2,500,1421,158,1,4.9,0.0434782608695652,0.9760869565217392,0.0833325347298755,0.1479676950539196,0.9898513901336908,,,,,,
806_YAHOO_id_256_Synthetic_tr_500_1st_893.csv,YAHOO,eva,rrcf,sh4_ts256,2,500,1421,118,1,5.0,0.0476190476190476,0.9782608695652174,0.090908223148779,0.2378359061815904,0.9940715235600504,,,,,,
807_YAHOO_id_257_WebService_tr_500_1st_1210.csv,YAHOO,eva,rrcf,sh4_ts256,2,500,1424,24,17,4.7,0.3102911002586361,0.9758090667358452,0.4444405039402031,0.6515474914132002,0.9886731097167696,,,,,,
003_NAB_id_3_WebService_tr_1362_1st_1462.csv,NAB,tuning,olad,w100_lr0,0,500,15852,21,1523,6.1,0.0933942560785822,0.3823450078524547,0.180502061589541,0.0916239916265043,0.3895803871663472,0.1556420233463035,0.026263952724885,0.0449438202247191,40.0,217.0,1483.0
004_NAB_id_4_Facility_tr_1007_1st_1437.csv,NAB,tuning,olad,w100_lr0,0,500,4031,50,402,2.0,0.1010763393305655,0.2776855575112612,0.2044222684591153,0.0998925795614358,0.2984236562103456,1.0,0.0099502487562189,0.0197044334975369,4.0,0.0,398.0
007_NAB_id_7_Traffic_tr_624_1st_2087.csv,NAB,tuning,olad,w100_lr0,0,500,2499,5,248,1.7,0.1981542221704257,0.5389546986975184,0.2271496682940206,0.1936571047286552,0.5426801935951783,1.0,0.0241935483870967,0.0472440944881889,6.0,0.0,242.0
012_NAB_id_12_Synthetic_tr_1007_1st_2787.csv,NAB,tuning,olad,w100_lr0,0,500,4031,288,513,2.0,0.1489434978040509,0.517792530069744,0.2539581789344131,0.1936010674386444,0.6104728864156224,0.0769230769230769,0.0038986354775828,0.0074211502782931,2.0,24.0,511.0
021_NAB_id_21_WebService_tr_500_1st_565.csv,NAB,tuning,olad,w100_lr0,0,500,1623,24,160,1.5,0.1411658316765061,0.4737993250259606,0.2540196727827408,0.1503789167921073,0.5201896175244208,1.0,0.0125,0.0246913580246913,2.0,0.0,158.0
560_YAHOO_id_10_Synthetic_tr_500_1st_893.csv,YAHOO,tuning,olad,w100_lr0,0,500,1421,158,1,1.5,1.0,1.0,0.999995000025,1.0,1.0,1.0,1.0,1.0,1.0,0.0,0.0
568_YAHOO_id_18_WebService_tr_500_1st_333.csv,YAHOO,tuning,olad,w100_lr0,0,500,1680,24,1,1.5,0.0114942528735632,0.9270568278201866,0.0227270480394114,0.0359684447545293,0.9686108911808724,0.0,0.0,0.0,0.0,0.0,1.0
573_YAHOO_id_23_Synthetic_tr_500_1st_623.csv,YAHOO,tuning,olad,w100_lr0,0,500,1421,35,9,1.5,1.0,1.0,0.999995000025,0.9957975463864024,0.9999723314139458,0.2432432432432432,1.0,0.391304347826087,9.0,28.0,0.0
583_YAHOO_id_33_WebService_tr_500_1st_1616.csv,YAHOO,tuning,olad,w100_lr0,0,500,1680,24,1,1.5,0.0833333333333333,0.9906700593723494,0.1538447337409193,0.0666666666666666,0.9898218829516534,0.0,0.0,0.0,0.0,0.0,1.0
643_YAHOO_id_93_WebService_tr_500_1st_1038.csv,YAHOO,tuning,olad,w100_lr0,0,500,1680,24,1,1.5,0.0034013605442176,0.7514843087362171,0.0067795934508313,0.0034013605442176,0.7531806615776082,0.0,0.0,0.0,0.0,0.0,1.0
003_NAB_id_3_WebService_tr_1362_1st_1462.csv,NAB,tuning,olad,w100_lr0.01,0,500,15852,21,1523,14.1,0.0738251270679523,0.3016157819596234,0.180502061589541,0.0734179888891639,0.3069643176760327,0.1105263157894736,0.0137885751805646,0.0245183887915936,21.0,169.0,1502.0
004_NAB_id_4_Facility_tr_1007_1st_1437.csv,NAB,tuning,olad,w100_lr0.01,0,500,4031,50,402,4.2,0.0927898375402021,0.3265638887696385,0.205572177568982,0.0950182672375111,0.3476854737269177,0.375,0.0074626865671641,0.0146341463414634,3.0,5.0,399.0
007_NAB_id_7_Traffic_tr_624_1st_2087.csv,NAB,tuning,olad,w100_lr0.01,0,500,2499,5,248,2.9,0.1513398391254004,0.4840851310771725,0.2222202328957169,0.1460798978306642,0.4874312023287045,0.7142857142857143,0.0201612903225806,0.0392156862745098,5.0,2.0,243.0
012_NAB_id_12_Synthetic_tr_1007_1st_2787.csv,NAB,tuning,olad,w100_lr0.01,0,500,4031,288,513,4.3,0.1485112090570495,0.5069298310203754,0.2538325191119249,0.1907246272425576,0.5977127852001193,0.1071428571428571,0.0058479532163742,0.011090573012939,3.0,25.0,510.0
021_NAB_id_21_WebService_tr_500_1st_565.csv,NAB,tuning,olad,w100_lr0.01,0,500,1623,24,160,2.2,0.1480725099316224,0.4972092419522326,0.2534532141621177,0.1588197575240348,0.545215841185787,1.0,0.0125,0.0246913580246913,2.0,0.0,158.0
560_YAHOO_id_10_Synthetic_tr_500_1st_893.csv,YAHOO,tuning,olad,w100_lr0.01,0,500,1421,158,1,2.0,1.0,1.0,0.999995000025,1.0,1.0,1.0,1.0,1.0,1.0,0.0,0.0
568_YAHOO_id_18_WebService_tr_500_1st_333.csv,YAHOO,tuning,olad,w100_lr0.01,0,500,1680,24,1,2.2,0.0099009900990099,0.9151823579304496,0.0196076489830836,0.0280305520688259,0.9623260963999662,0.0,0.0,0.0,0.0,0.0,1.0
573_YAHOO_id_23_Synthetic_tr_500_1st_623.csv,YAHOO,tuning,olad,w100_lr0.01,0,500,1421,35,9,2.2,0.1179522124825784,0.3330896686159844,0.1999982000161998,0.0791812335331445,0.425817184127417,1.0,0.1111111111111111,0.1999999999999999,1.0,0.0,8.0
583_YAHOO_id_33_WebService_tr_500_1st_1616.csv,YAHOO,tuning,olad,w100_lr0.01,0,500,1680,24,1,2.3,1.0,1.0,0.999995000025,1.0,1.0,0.0,0.0,0.0,0.0,0.0,1.0
643_YAHOO_id_93_WebService_tr_500_1st_1038.csv,YAHOO,tuning,olad,w100_lr0.01,0,500,1680,24,1,2.4,0.010204081632653,0.917726887192536,0.0202018202244058,0.01,0.9177268871925364,0.0,0.0,0.0,0.0,0.0,1.0
003_NAB_id_3_WebService_tr_1362_1st_1462.csv,NAB,tuning,olad,w200_lr0,0,500,15852,21,1523,8.0,0.0809412140931248,0.2827995181934943,0.180502061589541,0.0793615702483968,0.2888407182998804,0.1423076923076923,0.0242941562705187,0.0415030846887268,37.0,223.0,1486.0
004_NAB_id_4_Facility_tr_1007_1st_1437.csv,NAB,tuning,olad,w200_lr0,0,500,4031,50,402,2.8,0.088744220170992,0.1648691664718911,0.2044742578989562,0.08668366982785,0.1789218037701372,1.0,0.0124378109452736,0.0245700245700245,5.0,0.0,397.0
007_NAB_id_7_Traffic_tr_624_1st_2087.csv,NAB,tuning,olad,w200_lr0,0,500,2499,5,248,2.2,0.2027595630885621,0.5385563088373464,0.2303160833571541,0.1991908827387916,0.5422218775799819,1.0,0.0282258064516129,0.0549019607843137,7.0,0.0,241.0
012_NAB_id_12_Synthetic_tr_1007_1st_2787.csv,NAB,tuning,olad,w200_lr0,0,500,4031,288,513,2.9,0.1535651388448434,0.5294619547174394,0.2550536662589343,0.2121574649289079,0.6358364080276241,0.0833333333333333,0.0038986354775828,0.0074487895716946,2.0,22.0,511.0
021_NAB_id_21_WebService_tr_500_1st_565.csv,NAB,tuning,olad,w200_lr0,0,500,1623,24,160,1.8,0.143459239750688,0.4799714434060228,0.2542349440032282,0.153202132119576,0.5269948714497495,1.0,0.0125,0.0246913580246913,2.0,0.0,158.0
560_YAHOO_id_10_Synthetic_tr_500_1st_893.csv,YAHOO,tuning,olad,w200_lr0,0,500,1421,158,1,1.7,1.0,1.0,0.999995000025,1.0,1.0,1.0,1.0,1.0,1.0,0.0,0.0
568_YAHOO_id_18_WebService_tr_500_1st_333.csv,YAHOO,tuning,olad,w200_lr0,0,500,1680,24,1,1.8,0.0112359550561797,0.9253604749787956,0.0222220024713088,0.0359684447545293,0.9686108911808724,0.0,0.0,0.0,0.0,0.0,1.0
573_YAHOO_id_23_Synthetic_tr_500_1st_623.csv,YAHOO,tuning,olad,w200_lr0,0,500,1421,35,9,1.8,1.0,1.0,0.999995000025,0.9957975463864024,0.9999723314139456,0.2432432432432432,1.0,0.391304347826087,9.0,28.0,0.0
583_YAHOO_id_33_WebService_tr_500_1st_1616.csv,YAHOO,tuning,olad,w200_lr0,0,500,1680,24,1,2.0,0.0833333333333333,0.9906700593723494,0.1538447337409193,0.0666666666666666,0.9898218829516534,0.0,0.0,0.0,0.0,0.0,1.0
643_YAHOO_id_93_WebService_tr_500_1st_1038.csv,YAHOO,tuning,olad,w200_lr0,0,500,1680,24,1,1.8,0.0026109660574412,0.6759966072943172,0.0052082813861518,0.0037379674531503,0.7013795602419269,0.0,0.0,0.0,0.0,0.0,1.0
003_NAB_id_3_WebService_tr_1362_1st_1462.csv,NAB,tuning,olad,w200_lr0.01,0,500,15852,21,1523,23.6,0.0681583831517921,0.2231456472350799,0.180502061589541,0.0672956479053876,0.2264479133469016,0.1182795698924731,0.0144451739986868,0.0257460503218256,22.0,164.0,1501.0
004_NAB_id_4_Facility_tr_1007_1st_1437.csv,NAB,tuning,olad,w200_lr0.01,0,500,4031,50,402,6.3,0.0923674409035829,0.3020857680278696,0.2059935403961441,0.0955346674647993,0.3184882474223861,0.3333333333333333,0.0074626865671641,0.0145985401459854,3.0,6.0,399.0
007_NAB_id_7_Traffic_tr_624_1st_2087.csv,NAB,tuning,olad,w200_lr0.01,0,500,2499,5,248,4.0,0.1538758160964348,0.4822106261859582,0.221229076133908,0.1493294093083894,0.4853103285403744,0.7142857142857143,0.0201612903225806,0.0392156862745098,5.0,2.0,243.0
012_NAB_id_12_Synthetic_tr_1007_1st_2787.csv,NAB,tuning,olad,w200_lr0.01,0,500,4031,288,513,6.2,0.1586081417701428,0.5334393896529852,0.2576069934417391,0.2098718173039292,0.632449424168553,0.0857142857142857,0.0058479532163742,0.010948905109489,3.0,32.0,510.0
021_NAB_id_21_WebService_tr_500_1st_565.csv,NAB,tuning,olad,w200_lr0.01,0,500,1623,24,160,2.7,0.1495596739283579,0.4998377466251298,0.2550996899656688,0.1602611239682405,0.5473370674137785,1.0,0.0125,0.0246913580246913,2.0,0.0,158.0
560_YAHOO_id_10_Synthetic_tr_500_1st_893.csv,YAHOO,tuning,olad,w200_lr0.01,0,500,1421,158,1,2.7,1.0,1.0,0.999995000025,1.0,1.0,1.0,1.0,1.0,1.0,0.0,0.0
568_YAHOO_id_18_WebService_tr_500_1st_333.csv,YAHOO,tuning,olad,w200_lr0.01,0,500,1680,24,1,2.9,0.0101010101010101,0.9168787107718406,0.0199998020019601,0.0284539178339529,0.9633121459900914,0.0,0.0,0.0,0.0,0.0,1.0
573_YAHOO_id_23_Synthetic_tr_500_1st_623.csv,YAHOO,tuning,olad,w200_lr0.01,0,500,1421,35,9,2.5,0.1179195765928863,0.3298001949317738,0.1999982000161998,0.0782631325802627,0.4214008857304911,1.0,0.1111111111111111,0.1999999999999999,1.0,0.0,8.0
583_YAHOO_id_33_WebService_tr_500_1st_1616.csv,YAHOO,tuning,olad,w200_lr0.01,0,500,1680,24,1,2.8,1.0,1.0,0.999995000025,1.0,1.0,0.0,0.0,0.0,0.0,0.0,1.0
643_YAHOO_id_93_WebService_tr_500_1st_1038.csv,YAHOO,tuning,olad,w200_lr0.01,0,500,1680,24,1,2.8,0.0038167938931297,0.7786259541984732,0.0076044869819167,0.0037593984962406,0.7769296013570823,0.0,0.0,0.0,0.0,0.0,1.0
001_NAB_id_1_Facility_tr_1007_1st_2014.csv,NAB,eva,olad,w100_lr0,0,500,4031,6,343,2.9,0.1402856170296776,0.4959002600861101,0.1774909834347328,0.1376639920686597,0.5004303094091671,0.8333333333333334,0.0437317784256559,0.0831024930747922,15.0,3.0,328.0
002_NAB_id_2_WebService_tr_1500_1st_4106.csv,NAB,eva,olad,w100_lr0,0,500,6000,5,637,2.4,0.1328619497953438,0.4734558940075816,0.2078623893290223,0.1270812042508813,0.4738830394309747,0.6521739130434783,0.0235478806907378,0.0454545454545454,15.0,8.0,622.0
005_NAB_id_5_Traffic_tr_594_1st_1645.csv,NAB,eva,olad,w100_lr0,0,500,2379,22,238,1.4,0.1196388934158563,0.4423849978748355,0.2248444852017586,0.1239692837453972,0.4604359578794291,0.25,0.0042016806722689,0.0082644628099173,1.0,3.0,237.0
006_NAB_id_6_Traffic_tr_2579_1st_5839.csv,NAB,eva,olad,w100_lr0,0,500,10319,125,1030,3.1,0.0961802392416456,0.4723143558751175,0.1909865907053783,0.1171503004697816,0.5503798745858935,0.0,0.0,0.0,0.0,0.0,1030.0
008_NAB_id_8_Synthetic_tr_1007_1st_2734.csv,NAB,eva,olad,w100_lr0,0,500,4031,71,402,1.9,0.3670802931609562,0.7149574912271497,0.554211938779557,0.4070187103094411,0.7542366156557975,0.4545454545454545,0.1368159203980099,0.2103250478011472,55.0,66.0,347.0
009_NAB_id_9_Traffic_tr_500_1st_438.csv,NAB,eva,olad,w100_lr0,0,500,2161,128,154,1.5,0.1338662535294451,0.5199329535759529,0.2175176828658949,0.159951033911458,0.5785153944397968,0.2307692307692307,0.0194805194805194,0.0359281437125748,3.0,10.0,151.0
010_NAB_id_10_WebService_tr_500_1st_271.csv,NAB,eva,olad,w100_lr0,0,500,1000,142,48,1.3,0.2005615413400845,0.4502673303834808,0.2142832653341105,0.2524955188198617,0.6194096047543731,1.0,0.0416666666666666,0.0799999999999999,2.0,0.0,46.0
011_NAB_id_11_Facility_tr_1007_1st_1526.csv,NAB,eva,olad,w100_lr0,0,500,4031,204,474,1.8,0.3888779197974038,0.5673835659736456,0.4130045960246884,0.4201184212119114,0.6324212761217115,0.9484536082474226,0.1940928270042194,0.3222416812609456,92.0,5.0,382.0
013_NAB_id_13_Traffic_tr_623_1st_2084.csv,NAB,eva,olad,w100_lr0,0,500,2494,247,248,1.4,0.2243306359772553,0.5419830580497358,0.2222201895933522,0.309588387304417,0.7058502172865792,1.0,0.0483870967741935,0.0923076923076923,12.0,0.0,236.0
014_NAB_id_14_WebService_tr_500_1st_1045.csv,NAB,eva,olad,w100_lr0,0,500,1537,23,152,1.3,0.1356010249198914,0.4580359797799584,0.2556748096318117,0.1411869687251235,0.4742904573393229,0.25,0.006578947368421,0.0128205128205128,1.0,3.0,151.0
015_NAB_id_15_Synthetic_tr_1007_1st_2787.csv,NAB,eva,olad,w100_lr0,0,500,4031,288,513,1.8,0.1448396768505692,0.5107102673110137,0.2549977639808571,0.1846042554370934,0.5990699420815593,0.1515151515151515,0.0097465886939571,0.0183150183150183,5.0,28.0,508.0
016_NAB_id_16_Environment_tr_1816_1st_3540.csv,NAB,eva,olad,w100_lr0,0,500,7266,23,724,2.6,0.1060316714037398,0.4945784663890519,0.1946726436307087,0.1087440179044983,0.5035455249069152,0.0,0.0,0.0,0.0,5.0,724.0
017_NAB_id_17_Synthetic_tr_1007_1st_1805.csv,NAB,eva,olad,w100_lr0,0,500,4031,100,402,1.8,0.0909890422608718,0.3668331401477751,0.2044222684591153,0.1038487729011419,0.4116302814269982,0.1621621621621621,0.0298507462686567,0.0504201680672268,12.0,62.0,390.0
018_NAB_id_18_Facility_tr_500_1st_669.csv,NAB,eva,olad,w100_lr0,0,500,1881,5,188,1.3,0.1738333855159392,0.5541723885787662,0.3002561259133778,0.1783586593229318,0.5612152782827762,0.0,0.0,0.0,0.0,6.0,188.0
019_NAB_id_19_Facility_tr_1007_1st_1171.csv,NAB,eva,olad,w100_lr0,0,500,4031,8,400,1.7,0.1660986629226964,0.4985675503034174,0.2233057142860088,0.1635599459858542,0.5021897733812036,1.0,0.005,0.0099502487562189,2.0,0.0,398.0
020_NAB_id_20_Synthetic_tr_1007_1st_2679.csv,NAB,eva,olad,w100_lr0,0,500,4031,288,621,1.8,0.1683196543118381,0.4865464747580391,0.3095826613268266,0.1986219632697897,0.5546514941049367,0.1923076923076923,0.0080515297906602,0.0154559505409582,5.0,21.0,616.0
022_NAB_id_22_Facility_tr_1007_1st_2980.csv,NAB,eva,olad,w100_lr0,0,500,4031,4,520,2.0,0.3910191688265574,0.7921492987251872,0.5162479584710497,0.3909682761034448,0.7943038096858697,0.6326530612244898,0.0596153846153846,0.1089630931458699,31.0,18.0,489.0
023_NAB_id_23_Facility_tr_4512_1st_16551.csv,NAB,eva,olad,w100_lr0,0,500,18049,12,1498,4.8,0.124731731084461,0.6279862361286817,0.2370650269097621,0.1255654629744117,0.6287307435561564,0.0997328584149599,0.0747663551401869,0.0854635635253719,112.0,1011.0,1386.0
024_NAB_id_24_Synthetic_tr_1007_1st_2787.csv,NAB,eva,olad,w100_lr0,0,500,4031,288,513,1.9,0.1444655612618667,0.4746446596573902,0.2537697358219949,0.1840715016311109,0.5647597561204333,0.1666666666666666,0.0097465886939571,0.0184162062615101,5.0,25.0,508.0
025_NAB_id_25_WebService_tr_3958_1st_4614.csv,NAB,eva,olad,w100_lr0,0,500,15832,16,1580,4.8,0.0996358855044707,0.4666243252995191,0.1869584282469307,0.0973203136741693,0.4695255090597324,0.2727272727272727,0.0056962025316455,0.0111593304401735,9.0,24.0,1571.0
026_NAB_id_26_Traffic_tr_624_1st_2261.csv,NAB,eva,olad,w100_lr0,0,500,2499,8,238,1.6,0.1491276429819823,0.5351547774135208,0.2177077715771053,0.144162832550174,0.5375719821300984,1.0,0.0126050420168067,0.0248962655601659,3.0,0.0,235.0
027_NAB_id_27_Facility_tr_757_1st_2582.csv,NAB,eva,olad,w100_lr0,0,500,3031,5,200,1.7,0.1023551686583223,0.5135521235521234,0.1613717702010481,0.1022318883841534,0.5169207641329591,0.2727272727272727,0.015,0.0284360189573459,3.0,8.0,197.0
028_NAB_id_28_Facility_tr_1007_1st_3447.csv,NAB,eva,olad,w100_lr0,0,500,4031,289,430,1.8,0.1112826994580251,0.4245232220664001,0.2171149542214002,0.1372010890645157,0.5003569475959986,0.2142857142857142,0.0069767441860465,0.0135135135135135,3.0,11.0,427.0
551_YAHOO_id_1_Synthetic_tr_500_1st_893.csv,YAHOO,eva,olad,w100_lr0,0,500,1421,105,1,1.3,1.0,1.0,0.999995000025,1.0,1.0,1.0,1.0,1.0,1.0,0.0,0.0
552_YAHOO_id_2_Synthetic_tr_500_1st_893.csv,YAHOO,eva,olad,w100_lr0,0,500,1421,100,1,1.2,1.0,1.0,0.999995000025,1.0,1.0,1.0,1.0,1.0,1.0,0.0,0.0
555_YAHOO_id_5_WebService_tr_500_1st_730.csv,YAHOO,eva,olad,w100_lr0,0,500,1680,24,4,1.4,0.0365174639624053,0.6800595238095237,0.1666622223407375,0.1854518025844519,0.9327721276477392,0.0,0.0,0.0,0.0,0.0,4.0
558_YAHOO_id_8_WebService_tr_500_1st_1125.csv,YAHOO,eva,olad,w100_lr0,0,500,1427,24,80,1.2,0.1394268199370075,0.7206316410861866,0.3552280083866073,0.1671568718964232,0.7511259551273778,0.125,0.0125,0.0227272727272727,1.0,7.0,79.0
562_YAHOO_id_12_Synthetic_tr_500_1st_893.csv,YAHOO,eva,olad,w100_lr0,0,500,1421,126,1,1.3,1.0,1.0,0.999995000025,1.0,1.0,0.25,1.0,0.4,1.0,3.0,0.0
570_YAHOO_id_20_Synthetic_tr_500_1st_658.csv,YAHOO,eva,olad,w100_lr0,0,500,1421,135,4,1.2,1.0,1.0,0.999995000025,1.0,1.0,1.0,1.0,1.0,4.0,0.0,0.0
571_YAHOO_id_21_Synthetic_tr_500_1st_623.csv,YAHOO,eva,olad,w100_lr0,0,500,1421,35,9,1.2,1.0,1.0,0.999995000025,0.9932459958801254,0.9999555349784812,0.375,1.0,0.5454545454545454,9.0,15.0,0.0
579_YAHOO_id_29_WebService_tr_500_1st_1342.csv,YAHOO,eva,olad,w100_lr0,0,500,1680,24,1,1.3,0.0909090909090909,0.991518235793045,0.1666651389028934,0.1192553090220851,0.9932985650964876,0.0,0.0,0.0,0.0,0.0,1.0
603_YAHOO_id_53_Synthetic_tr_500_1st_893.csv,YAHOO,eva,olad,w100_lr0,0,500,1421,4,1,1.3,1.0,1.0,0.9999950000249999,1.0,1.0,1.0,1.0,1.0,1,0,0
644_YAHOO_id_94_WebService_tr_500_1st_1078.csv,YAHOO,eva,olad,w100_lr0,0,500,1435,24,75,1.3,0.3199515674808991,0.917937984496124,0.6320302468398933,0.33304867816045985,0.917908557370923,0.0,0.0,0.0,0,3,75
645_YAHOO_id_95_WebService_tr_500_1st_1047.csv,YAHOO,eva,olad,w100_lr0,0,500,1680,24,1,1.4,1.0,1.0,0.9999950000249999,1.0,1.0,0.0,0.0,0.0,0,0,1
649_YAHOO_id_99_WebService_tr_500_1st_1386.csv,YAHOO,eva,olad,w100_lr0,0,500,1680,168,1,1.3,0.05263157894736842,0.9847328244274809,0.09999905000902491,0.09458025184018577,0.9903055295424694,0.0,0.0,0.0,0,0,1
657_YAHOO_id_107_WebService_tr_500_1st_1260.csv,YAHOO,eva,olad,w100_lr0,0,500,1440,4,1,1.2,1.0,1.0,0.9999950000249999,1.0,1.0,1.0,1.0,1.0,1,0,0
658_YAHOO_id_108_Synthetic_tr_500_1st_893.csv,YAHOO,eva,olad,w100_lr0,0,500,1421,125,1,1.2,1.0,1.0,0.9999950000249999,1.0,1.0,0.5,1.0,0.6666666666666666,1,1,0
672_YAHOO_id_122_WebService_tr_500_1st_857.csv,YAHOO,eva,olad,w100_lr0,0,500,1680,24,1,1.3,1.0,1.0,0.9999950000249999,1.0,1.0,0.0,0.0,0.0,0,0,1
680_YAHOO_id_130_Synthetic_tr_500_1st_893.csv,YAHOO,eva,olad,w100_lr0,0,500,1421,118,1,1.2,1.0,1.0,0.9999950000249999,1.0,1.0,1.0,1.0,1.0,1,0,0
689_YAHOO_id_139_WebService_tr_500_1st_1073.csv,YAHOO,eva,olad,w100_lr0,0,500,1680,24,1,1.3,1.0,1.0,0.9999950000249999,1.0,1.0,1.0,1.0,1.0,1,0,0
693_YAHOO_id_143_WebService_tr_500_1st_1003.csv,YAHOO,eva,olad,w100_lr0,0,500,1427,24,2,1.3,0.6428571428571428,0.9972972972972973,0.6666622222518517,0.4375,0.9963513513513509,1.0,0.5,0.6666666666666666,1,0,1
701_YAHOO_id_151_Synthetic_tr_500_1st_893.csv,YAHOO,eva,olad,w100_lr0,0,500,1421,156,1,1.3,1.0,1.0,0.9999950000249999,1.0,1.0,1.0,1.0,1.0,1,0,0
723_YAHOO_id_173_WebService_tr_500_1st_1214.csv,YAHOO,eva,olad,w100_lr0,0,500,1420,48,2,1.3,1.0,1.0,0.9999950000249999,0.7448979591836735,0.999444222133298,0.13333333333333333,1.0,0.23529411764705882,2,13,0
724_YAHOO_id_174_WebService_tr_500_1st_1030.csv,YAHOO,eva,olad,w100_lr0,0,500,1680,24,5,1.3,0.7394683026584867,0.9727659574468085,0.7499953125292966,0.412133931556922,0.9816157413566381,0.0,0.0,0.0,0,0,5
734_YAHOO_id_184_WebService_tr_500_1st_768.csv,YAHOO,eva,olad,w100_lr0,0,500,1424,23,227,1.2,0.5580422438992232,0.7531333152149868,0.5537140275190189,0.5946349616072654,0.7872775751340629,0.875,0.06167400881057269,0.11522633744855967,14,2,213
741_YAHOO_id_191_WebService_tr_500_1st_1114.csv,YAHOO,eva,olad,w100_lr0,0,500,1680,24,2,1.5,1.0,1.0,0.9999950000249999,0.5500000000000003,0.9990449915110355,0.0,0.0,0.0,0,0,2
755_YAHOO_id_205_Synthetic_tr_500_1st_893.csv,YAHOO,eva,olad,w100_lr0,0,500,1421,125,1,1.3,1.0,1.0,0.9999950000249999,1.0,1.0,1.0,1.0,1.0,1,0,0
762_YAHOO_id_212_WebService_tr_500_1st_1055.csv,YAHOO,eva,olad,w100_lr0,0,500,1680,24,2,1.5,0.005341365461847389,0.7262308998302207,0.013157635046676712,0.007930714986332705,0.6868834248648588,0.0,0.0,0.0,0,0,2
780_YAHOO_id_230_Synthetic_tr_500_1st_893.csv,YAHOO,eva,olad,w100_lr0,0,500,1421,154,1,1.3,1.0,1.0,0.9999950000249999,1.0,1.0,1.0,1.0,1.0,1,0,0
788_YAHOO_id_238_WebService_tr_500_1st_973.csv,YAHOO,eva,olad,w100_lr0,0,500,1680,24,1,1.4,0.3333333333333333,0.998303647158609,0.49999625002812476,0.20000000000000007,0.9978795589482619,0.0,0.0,0.0,0,0,1
797_YAHOO_id_247_Synthetic_tr_500_1st_893.csv,YAHOO,eva,olad,w100_lr0,0,500,1421,158,1,1.3,1.0,1.0,0.9999950000249999,1.0,1.0,0.0,0.0,0.0,0,0,1
806_YAHOO_id_256_Synthetic_tr_500_1st_893.csv,YAHOO,eva,olad,w100_lr0,0,500,1421,118,1,1.3,1.0,1.0,0.9999950000249999,1.0,1.0,1.0,1.0,1.0,1,0,0
807_YAHOO_id_257_WebService_tr_500_1st_1210.csv,YAHOO,eva,olad,w100_lr0,0,500,1424,24,17,1.3,0.5171792046824875,0.9862507296193008,0.6999951125341249,0.7887223993519936,0.995601202041285,0.2711864406779661,0.9411764705882353,0.42105263157894735,16,43,1
001_NAB_id_1_Facility_tr_1007_1st_2014.csv,NAB,eva,sand,tsbad_default,0,500,4031,6,343,25.9,0.09291646748333043,0.4451697509977284,0.1773510207798649,0.09187411616728751,0.4517945081933198
002_NAB_id_2_WebService_tr_1500_1st_4106.csv,NAB,eva,sand,tsbad_default,0,500,6000,5,637,4.4,0.09261112423026918,0.4203583203318816,0.20759142618079843,0.09288341007418706,0.42095748172504965
016_NAB_id_16_Environment_tr_1816_1st_3540.csv,NAB,eva,sand,tsbad_default,0,500,7266,23,724,2.3,0.06832744604670962,0.27595585505512976,0.19407410872903028,0.07073788443462169,0.2836704950095011
018_NAB_id_18_Facility_tr_500_1st_669.csv,NAB,eva,sand,tsbad_default,0,500,1881,5,188,1.1,0.1712375954730131,0.5245603788054432,0.2803689056678257,0.16330602017228243,0.5045122556374263
019_NAB_id_19_Facility_tr_1007_1st_1171.csv,NAB,eva,sand,tsbad_default,0,500,4031,8,400,1.9,0.10889651358033617,0.39935404024273397,0.2071715354916964,0.10505599725532411,0.40555022846669136
022_NAB_id_22_Facility_tr_1007_1st_2980.csv,NAB,eva,sand,tsbad_default,0,500,4031,4,520,3.0,0.17157353918210533,0.5223596811690469,0.2620352180893625,0.16520435170777897,0.5203265533603781
023_NAB_id_23_Facility_tr_4512_1st_16551.csv,NAB,eva,sand,tsbad_default,0,500,18049,12,1498,6.8,0.34078028086060286,0.8191181995906074,0.393997799422842,0.33571768769219645,0.8194606931275733
025_NAB_id_25_WebService_tr_3958_1st_4614.csv,NAB,eva,sand,tsbad_default,0,500,15832,16,1580,4.3,0.09204146727352998,0.43369047356057766,0.18684788035022376,0.09341064067017901,0.4359864974304911
026_NAB_id_26_Traffic_tr_624_1st_2261.csv,NAB,eva,sand,tsbad_default,0,500,2499,8,238,1.2,0.11522312802348704,0.48258962869645305,0.2274535682476823,0.11462858251610279,0.4837647754953067
027_NAB_id_27_Facility_tr_757_1st_2582.csv,NAB,eva,sand,tsbad_default,0,500,3031,5,200,1.6,0.09275523217344706,0.5570720720720721,0.17499689354626843,0.09285008969123315,0.5580813983335429
603_YAHOO_id_53_Synthetic_tr_500_1st_893.csv,YAHOO,eva,sand,tsbad_default,0,500,1421,4,1,1.3,0.0010905125408942203,0.004347826086956497,0.002178627474930343,0.0013376047077627486,0.08150726718766947
657_YAHOO_id_107_WebService_tr_500_1st_1260.csv,YAHOO,eva,sand,tsbad_default,0,500,1440,4,1,0.6,0.0010660980810234541,0.0021299254526091493,0.0021299041762500815,0.0014617959332911344,0.16074529489227035
001_NAB_id_1_Facility_tr_1007_1st_2014.csv,NAB,eva,sand,tsbad_default,1,500,4031,6,343,2.3,0.07988299225261905,0.39822164750467315,0.17707634161961214,0.07934767965293728,0.39869141755376175
002_NAB_id_2_WebService_tr_1500_1st_4106.csv,NAB,eva,sand,tsbad_default,1,500,6000,5,637,5.5,0.11419881195511908,0.5167253063613335,0.21442663054991776,0.11466683291327946,0.5178549075491751
016_NAB_id_16_Environment_tr_1816_1st_3540.csv,NAB,eva,sand,tsbad_default,1,500,7266,23,724,2.4,0.11476568612185362,0.5638648704007491,0.2256667073160389,0.11991342004116022,0.5750882363787182
018_NAB_id_18_Facility_tr_500_1st_669.csv,NAB,eva,sand,tsbad_default,1,500,1881,5,188,1.2,0.3201533482106698,0.7283020634552622,0.404251569183722,0.29691787929721286,0.7269456276781164
019_NAB_id_19_Facility_tr_1007_1st_1171.csv,NAB,eva,sand,tsbad_default,1,500,4031,8,400,2.0,0.13793939995070045,0.5072532737144683,0.22190571916502091,0.13453817620747116,0.515295472829158
022_NAB_id_22_Facility_tr_1007_1st_2980.csv,NAB,eva,sand,tsbad_default,1,500,4031,4,520,3.4,0.1261602286593464,0.43977722709041206,0.263072115293531,0.12688239700588105,0.4416476542094121
023_NAB_id_23_Facility_tr_4512_1st_16551.csv,NAB,eva,sand,tsbad_default,1,500,18049,12,1498,7.2,0.3338032533254591,0.8107881511527134,0.4004536452406879,0.3288353732185288,0.8109500377795875
025_NAB_id_25_WebService_tr_3958_1st_4614.csv,NAB,eva,sand,tsbad_default,1,500,15832,16,1580,4.7,0.1132506027349744,0.5529043416469688,0.20479254820134177,0.11423854216906291,0.5553403247094097
026_NAB_id_26_Traffic_tr_624_1st_2261.csv,NAB,eva,sand,tsbad_default,1,500,2499,8,238,1.4,0.11748038810889383,0.5075062392929914,0.22781933581503425,0.11843497498856223,0.5116417061950062
027_NAB_id_27_Facility_tr_757_1st_2582.csv,NAB,eva,sand,tsbad_default,1,500,3031,5,200,1.7,0.08088972081512759,0.48990132990132995,0.14770786571566155,0.08100007439431457,0.4907607479403775
603_YAHOO_id_53_Synthetic_tr_500_1st_893.csv,YAHOO,eva,sand,tsbad_default,1,500,1421,4,1,1.4,0.0010905125408942203,0.004347826086956497,0.002178627474930343,0.0013278351462931606,0.07719918028892017
657_YAHOO_id_107_WebService_tr_500_1st_1260.csv,YAHOO,eva,sand,tsbad_default,1,500,1440,4,1,0.9,0.0010638297872340426,0.0,0.0021253772810345996,0.0014431789477663054,0.15099119577987982
001_NAB_id_1_Facility_tr_1007_1st_2014.csv,NAB,eva,sand,tsbad_default,2,500,4031,6,343,2.6,0.07317498735595422,0.3112802747914007,0.17730518175737686,0.06917469267624089,0.2988179252907322
002_NAB_id_2_WebService_tr_1500_1st_4106.csv,NAB,eva,sand,tsbad_default,2,500,6000,5,637,4.6,0.1002736805989255,0.4579206522451433,0.20779458224851596,0.1006535899297184,0.45890544857617316
016_NAB_id_16_Environment_tr_1816_1st_3540.csv,NAB,eva,sand,tsbad_default,2,500,7266,23,724,2.4,0.10084451823212871,0.4947158564084557,0.20427603676830666,0.10213920679436027,0.4978187941170205
018_NAB_id_18_Facility_tr_500_1st_669.csv,NAB,eva,sand,tsbad_default,2,500,1881,5,188,1.1,0.21729714469258204,0.6540992670007669,0.396517338060191,0.21823711184647274,0.6568613605987693
019_NAB_id_19_Facility_tr_1007_1st_1171.csv,NAB,eva,sand,tsbad_default,2,500,4031,8,400,1.9,0.19996391435829414,0.5768332801022037,0.21933878130986328,0.19667023860469937,0.5840539369953266
022_NAB_id_22_Facility_tr_1007_1st_2980.csv,NAB,eva,sand,tsbad_default,2,500,4031,4,520,3.3,0.1670226829045431,0.5426308663107069,0.2736995276638124,0.1663846280101012,0.5439643954281583
023_NAB_id_23_Facility_tr_4512_1st_16551.csv,NAB,eva,sand,tsbad_default,2,500,18049,12,1498,8.0,0.34244586833858115,0.8362430616894628,0.3936168164367714,0.3401294712538575,0.8366159435056058
025_NAB_id_25_WebService_tr_3958_1st_4614.csv,NAB,eva,sand,tsbad_default,2,500,15832,16,1580,4.3,0.10160706605860292,0.49375409606703924,0.1870691070316322,0.10245904294962832,0.49661866252577236
026_NAB_id_26_Traffic_tr_624_1st_2261.csv,NAB,eva,sand,tsbad_default,2,500,2499,8,238,1.2,0.10325702355512228,0.41524582575790114,0.21278307843820385,0.10392031054119907,0.4180670225966028
027_NAB_id_27_Facility_tr_757_1st_2582.csv,NAB,eva,sand,tsbad_default,2,500,3031,5,200,1.7,0.07412303995916308,0.4883891033891034,0.1484696707030039,0.07442930209231848,0.49074894962672294
603_YAHOO_id_53_Synthetic_tr_500_1st_893.csv,YAHOO,eva,sand,tsbad_default,2,500,1421,4,1,1.3,0.0010869565217391304,0.0010869565217391797,0.0021715309684202937,0.0014030801987399053,0.03395813204956764
657_YAHOO_id_107_WebService_tr_500_1st_1260.csv,YAHOO,eva,sand,tsbad_default,2,500,1440,4,1,0.8,0.0010660980810234541,0.0021299254526091493,0.0021299041762500815,0.00149926952259198,0.17011839010347896
001_NAB_id_1_Facility_tr_1007_1st_2014.csv,NAB,eva,olad,w200_lr0,0,500,4031,6,343,3.7,0.14207093370849633,0.500925482220133,0.17768535550918288,0.13936558743000838,0.505550497347841,0.8823529411764706,0.043731778425655975,0.08333333333333333,15,2,328
002_NAB_id_2_WebService_tr_1500_1st_4106.csv,NAB,eva,olad,w200_lr0,0,500,6000,5,637,3.4,0.1221923181989856,0.421096925459312,0.2077394390813673,0.11631377631895316,0.42156368158380064,0.625,0.023547880690737835,0.0453857791225416,15,9,622
005_NAB_id_5_Traffic_tr_594_1st_1645.csv,NAB,eva,olad,w200_lr0,0,500,2379,22,238,1.9,0.12281208057332935,0.447534041038719,0.22484448520175862,0.12677020923278853,0.46502875148624584,0.2,0.004201680672268907,0.008230452674897118,1,4,237
006_NAB_id_6_Traffic_tr_2579_1st_5839.csv,NAB,eva,olad,w200_lr0,0,500,10319,125,1030,5.4,0.09659501382272108,0.4742260570638276,0.18987753303760999,0.11766370802159395,0.5522865325957068,0.0,0.0,0.0,0,0,1030
008_NAB_id_8_Synthetic_tr_1007_1st_2734.csv,NAB,eva,olad,w200_lr0,0,500,4031,71,402,2.6,0.3617298220279793,0.7132402862644274,0.5511433547181035,0.4000636555065103,0.7523945306556841,0.41818181818181815,0.11442786069651742,0.1796875,46,64,356
009_NAB_id_9_Traffic_tr_500_1st_438.csv,NAB,eva,olad,w200_lr0,0,500,2161,128,154,1.8,0.13924065747289988,0.5281370918398125,0.21950750468083222,0.16333324798711296,0.583978471299119,0.26666666666666666,0.025974025974025976,0.047337278106508875,4,11,150
010_NAB_id_10_WebService_tr_500_1st_271.csv,NAB,eva,olad,w200_lr0,0,500,1000,142,48,1.4,0.20814173556278334,0.46879609144542767,0.21817959671683343,0.2684816326564339,0.6419379533201046,1.0,0.041666666666666664,0.07999999999999999,2,0,46
011_NAB_id_11_Facility_tr_1007_1st_1526.csv,NAB,eva,olad,w200_lr0,0,500,4031,204,474,2.6,0.38478472277488707,0.5513113018609845,0.41233411476319193,0.39967252908307815,0.6001152531796509,0.9479166666666666,0.19198312236286919,0.31929824561403514,91,5,383
013_NAB_id_13_Traffic_tr_623_1st_2084.csv,NAB,eva,olad,w200_lr0,0,500,2494,247,248,2.1,0.22644224872769173,0.54362506004508,0.2234498392136395,0.30660148767800793,0.7037480717868212,1.0,0.04838709677419355,0.09230769230769231,12,0,236
014_NAB_id_14_WebService_tr_500_1st_1045.csv,NAB,eva,olad,w200_lr0,0,500,1537,23,152,1.5,0.13590394778522935,0.45954504906333626,0.25589002439339,0.14163477064191785,0.475557012437179,0.25,0.006578947368421052,0.012820512820512818,1,3,151
015_NAB_id_15_Synthetic_tr_1007_1st_2787.csv,NAB,eva,olad,w200_lr0,0,500,4031,288,513,2.6,0.1482301431415754,0.5201119469020833,0.2551787900825346,0.19908298760804757,0.6222783805430585,0.15151515151515152,0.009746588693957114,0.018315018315018316,5,28,508
016_NAB_id_16_Environment_tr_1816_1st_3540.csv,NAB,eva,olad,w200_lr0,0,500,7266,23,724,4.2,0.10543719047195264,0.49036486765752074,0.1943598456268856,0.10802802738438881,0.49895629858460605,0.0,0.0,0.0,0,5,724
017_NAB_id_17_Synthetic_tr_1007_1st_1805.csv,NAB,eva,olad,w200_lr0,0,500,4031,100,402,2.6,0.07906598675731244,0.26734377012349564,0.20442226845911535,0.08773916360663747,0.3029882367718355,0.16216216216216217,0.029850746268656716,0.05042016806722689,12,62,390
018_NAB_id_18_Facility_tr_500_1st_669.csv,NAB,eva,olad,w200_lr0,0,500,1881,5,188,1.7,0.1750243916247658,0.5507793690142855,0.3014615408120639,0.17981484929921154,0.5578601341401218,0.0,0.0,0.0,0,6,188
019_NAB_id_19_Facility_tr_1007_1st_1171.csv,NAB,eva,olad,w200_lr0,0,500,4031,8,400,2.6,0.19465590700425095,0.5326014053018205,0.2812796720058242,0.19125398697376045,0.5367888666473757,1.0,0.005,0.009950248756218907,2,0,398
020_NAB_id_20_Synthetic_tr_1007_1st_2679.csv,NAB,eva,olad,w200_lr0,0,500,4031,288,621,2.8,0.1854448444803349,0.49491287193363986,0.3113357547374211,0.214913099159315,0.5585854203388458,0.25,0.011272141706924315,0.02157164869029276,7,21,614
022_NAB_id_22_Facility_tr_1007_1st_2980.csv,NAB,eva,olad,w200_lr0,0,500,4031,4,520,2.4,0.40622600008172105,0.791237896941982,0.5018919206820707,0.40110505398797763,0.7933584680261255,0.71875,0.04423076923076923,0.08333333333333336,23,9,497
023_NAB_id_23_Facility_tr_4512_1st_16551.csv,NAB,eva,olad,w200_lr0,0,500,18049,12,1498,8.2,0.11980508472259173,0.61290509331945,0.22913775348550697,0.12054373762449622,0.6135963594773515,0.08766859344894026,0.06074766355140187,0.07176656151419558,91,947,1407
024_NAB_id_24_Synthetic_tr_1007_1st_2787.csv,NAB,eva,olad,w200_lr0,0,500,4031,288,513,2.7,0.13112895799702368,0.425285841804275,0.2537697358219949,0.17818694426756193,0.5345235669083972,0.15384615384615385,0.007797270955165692,0.01484230055658627,4,22,509
025_NAB_id_25_WebService_tr_3958_1st_4614.csv,NAB,eva,olad,w200_lr0,0,500,15832,16,1580,8.0,0.09170457943980011,0.4316721710443958,0.18695842824693076,0.08970037196877398,0.43476204102515137,0.21212121212121213,0.004430379746835443,0.008679479231246127,7,26,1573
026_NAB_id_26_Traffic_tr_624_1st_2261.csv,NAB,eva,olad,w200_lr0,0,500,2499,8,238,1.9,0.15031164578753647,0.534820742607094,0.21662148720142688,0.1449862039327105,0.5370921259922276,1.0,0.012605042016806723,0.024896265560165977,3,0,235
027_NAB_id_27_Facility_tr_757_1st_2582.csv,NAB,eva,olad,w200_lr0,0,500,3031,5,200,2.1,0.1032426894426312,0.5154847704847705,0.16470202068091358,0.10275574088289159,0.5185657774727223,0.3333333333333333,0.02,0.03773584905660377,4,8,196
028_NAB_id_28_Facility_tr_1007_1st_3447.csv,NAB,eva,olad,w200_lr0,0,500,4031,289,430,2.5,0.09942171194648486,0.347205327613748,0.21711495422140026,0.12515912683071034,0.4285782350585594,0.21428571428571427,0.0069767441860465115,0.013513513513513513,3,11,427
551_YAHOO_id_1_Synthetic_tr_500_1st_893.csv,YAHOO,eva,olad,w200_lr0,0,500,1421,105,1,1.4,1.0,1.0,0.9999950000249999,1.0,1.0,1.0,1.0,1.0,1,0,0
552_YAHOO_id_2_Synthetic_tr_500_1st_893.csv,YAHOO,eva,olad,w200_lr0,0,500,1421,100,1,1.6,1.0,1.0,0.9999950000249999,1.0,1.0,1.0,1.0,1.0,1,0,0
555_YAHOO_id_5_WebService_tr_500_1st_730.csv,YAHOO,eva,olad,w200_lr0,0,500,1680,24,4,1.5,0.04697839565843008,0.6845238095238095,0.19999520011519722,0.18716406393016746,0.9342432083634032,0.0,0.0,0.0,0,0,4
558_YAHOO_id_8_WebService_tr_500_1st_1125.csv,YAHOO,eva,olad,w200_lr0,0,500,1427,24,80,1.5,0.13071059377383887,0.7025678866587957,0.3311229195856011,0.15396946127577124,0.7349072748634469,0.1111111111111111,0.0125,0.022471910112359553,1,8,79
562_YAHOO_id_12_Synthetic_tr_500_1st_893.csv,YAHOO,eva,olad,w200_lr0,0,500,1421,126,1,1.5,1.0,1.0,0.9999950000249999,1.0,1.0,0.25,1.0,0.4,1,3,0
570_YAHOO_id_20_Synthetic_tr_500_1st_658.csv,YAHOO,eva,olad,w200_lr0,0,500,1421,135,4,1.5,1.0,1.0,0.9999950000249999,1.0,1.0,0.5,1.0,0.6666666666666666,4,4,0
571_YAHOO_id_21_Synthetic_tr_500_1st_623.csv,YAHOO,eva,olad,w200_lr0,0,500,1421,35,9,1.5,1.0,1.0,0.9999950000249999,0.9932459958801254,0.9999555349784812,0.375,1.0,0.5454545454545454,9,15,0
579_YAHOO_id_29_WebService_tr_500_1st_1342.csv,YAHOO,eva,olad,w200_lr0,0,500,1680,24,1,1.8,0.125,0.9940627650551315,0.22222024693113837,0.16051802107127977,0.9954305574648266,0.0,0.0,0.0,0,0,1
603_YAHOO_id_53_Synthetic_tr_500_1st_893.csv,YAHOO,eva,olad,w200_lr0,0,500,1421,4,1,1.4,1.0,1.0,0.9999950000249999,1.0,1.0,1.0,1.0,1.0,1,0,0
644_YAHOO_id_94_WebService_tr_500_1st_1078.csv,YAHOO,eva,olad,w200_lr0,0,500,1435,24,75,1.4,0.3209345300830867,0.9184961240310078,0.6460132645773904,0.33420911039685725,0.9184129514944513,0.0,0.0,0.0,0,2,75
645_YAHOO_id_95_WebService_tr_500_1st_1047.csv,YAHOO,eva,olad,w200_lr0,0,500,1680,24,1,1.5,1.0,1.0,0.9999950000249999,1.0,1.0,0.0,0.0,0.0,0,0,1
649_YAHOO_id_99_WebService_tr_500_1st_1386.csv,YAHOO,eva,olad,w200_lr0,0,500,1680,168,1,1.6,0.047619047619047616,0.9830364715860899,0.09090822314877901,0.0825555328752482,0.9890340320845521,0.0,0.0,0.0,0,0,1
657_YAHOO_id_107_WebService_tr_500_1st_1260.csv,YAHOO,eva,olad,w200_lr0,0,500,1440,4,1,1.5,1.0,1.0,0.9999950000249999,1.0,1.0,1.0,1.0,1.0,1,0,0
658_YAHOO_id_108_Synthetic_tr_500_1st_893.csv,YAHOO,eva,olad,w200_lr0,0,500,1421,125,1,1.5,1.0,1.0,0.9999950000249999,1.0,1.0,0.3333333333333333,1.0,0.5,1,2,0
672_YAHOO_id_122_WebService_tr_500_1st_857.csv,YAHOO,eva,olad,w200_lr0,0,500,1680,24,1,1.6,1.0,1.0,0.9999950000249999,1.0,1.0,0.0,0.0,0.0,0,0,1
680_YAHOO_id_130_Synthetic_tr_500_1st_893.csv,YAHOO,eva,olad,w200_lr0,0,500,1421,118,1,1.5,1.0,1.0,0.9999950000249999,1.0,1.0,1.0,1.0,1.0,1,0,0
689_YAHOO_id_139_WebService_tr_500_1st_1073.csv,YAHOO,eva,olad,w200_lr0,0,500,1680,24,1,1.6,1.0,1.0,0.9999950000249999,1.0,1.0,1.0,1.0,1.0,1,0,0
693_YAHOO_id_143_WebService_tr_500_1st_1003.csv,YAHOO,eva,olad,w200_lr0,0,500,1427,24,2,1.5,0.6666666666666666,0.9978378378378379,0.6666622222518517,0.4375,0.9963513513513509,1.0,0.5,0.6666666666666666,1,0,1
701_YAHOO_id_151_Synthetic_tr_500_1st_893.csv,YAHOO,eva,olad,w200_lr0,0,500,1421,156,1,1.5,1.0,1.0,0.9999950000249999,1.0,1.0,1.0,1.0,1.0,1,0,0
723_YAHOO_id_173_WebService_tr_500_1st_1214.csv,YAHOO,eva,olad,w200_lr0,0,500,1420,48,2,1.4,1.0,1.0,0.9999950000249999,0.7448979591836735,0.999444222133298,0.14285714285714285,1.0,0.25,2,12,0
724_YAHOO_id_174_WebService_tr_500_1st_1030.csv,YAHOO,eva,olad,w200_lr0,0,500,1680,24,5,1.8,0.7394308943089432,0.9725957446808511,0.7499953125292966,0.41669474398264084,0.9818757501694975,0.0,0.0,0.0,0,0,5
734_YAHOO_id_184_WebService_tr_500_1st_768.csv,YAHOO,eva,olad,w200_lr0,0,500,1424,23,227,1.5,0.6782680420952326,0.8302795492323931,0.6456973177430937,0.7153207354519101,0.8620885301951319,0.8571428571428571,0.07929515418502203,0.14516129032258066,18,3,209
741_YAHOO_id_191_WebService_tr_500_1st_1114.csv,YAHOO,eva,olad,w200_lr0,0,500,1680,24,2,1.5,1.0,1.0,0.9999950000249999,0.5500000000000003,0.9990449915110355,0.0,0.0,0.0,0,0,2
755_YAHOO_id_205_Synthetic_tr_500_1st_893.csv,YAHOO,eva,olad,w200_lr0,0,500,1421,125,1,1.5,1.0,1.0,0.9999950000249999,1.0,1.0,1.0,1.0,1.0,1,0,0
762_YAHOO_id_212_WebService_tr_500_1st_1055.csv,YAHOO,eva,olad,w200_lr0,0,500,1680,24,2,1.6,0.006131303208906352,0.734295415959253,0.016393120135341603,0.008421618449888944,0.6870550291908759,0.0,0.0,0.0,0,0,2
780_YAHOO_id_230_Synthetic_tr_500_1st_893.csv,YAHOO,eva,olad,w200_lr0,0,500,1421,154,1,1.5,1.0,1.0,0.9999950000249999,1.0,1.0,1.0,1.0,1.0,1,0,0
788_YAHOO_id_238_WebService_tr_500_1st_973.csv,YAHOO,eva,olad,w200_lr0,0,500,1680,24,1,1.6,0.3333333333333333,0.998303647158609,0.49999625002812476,0.20000000000000007,0.9978795589482619,0.0,0.0,0.0,0,0,1
797_YAHOO_id_247_Synthetic_tr_500_1st_893.csv,YAHOO,eva,olad,w200_lr0,0,500,1421,158,1,1.6,1.0,1.0,0.9999950000249999,1.0,1.0,0.0,0.0,0.0,0,0,1
806_YAHOO_id_256_Synthetic_tr_500_1st_893.csv,YAHOO,eva,olad,w200_lr0,0,500,1421,118,1,1.4,1.0,1.0,0.9999950000249999,1.0,1.0,1.0,1.0,1.0,1,0,0
807_YAHOO_id_257_WebService_tr_500_1st_1210.csv,YAHOO,eva,olad,w200_lr0,0,500,1424,24,17,1.4,0.528935173861197,0.9865750048641287,0.682921975049376,0.7952121837777208,0.9958814136597589,0.43243243243243246,0.9411764705882353,0.5925925925925927,16,21,1
